INFO         | Android emulator version 35.6.3.0 (build_id standalone-0) (CL:N/A)
INFO         | Graphics backend: gfxstream
INFO         | Found systemPath /Users/robin/Documents/Codex/2026-05-23/robin-aosp-builder-aosp-aosp-repo/android16_emulator/artifacts/fuxi-avd/sysimg-package/arm64-v8a/
INFO         | Changing default hw.initialOrientation to portrait

WARNING      | Please update the emulator to one that supports the feature(s): VulkanVirtualQueue
##############################################################################
##                        WARNING - ACTION REQUIRED                         ##
##  Consider using the '-metrics-collection' flag to help improve the       ##
##  emulator by sending anonymized usage data. Or use the '-no-metrics'     ##
##  flag to bypass this warning and turn off the metrics collection.        ##
##  In a future release this warning will turn into a one-time blocking     ##
##  prompt to ask for explicit user input regarding metrics collection.     ##
##                                                                          ##
##  Please see '-help-metrics-collection' for more details. You can use     ##
##  '-metrics-to-file' or '-metrics-to-console' flags to see what type of   ##
##  data is being collected by emulator as part of usage statistics.        ##
##############################################################################
INFO         | Checking system compatibility:
INFO         |   Checking: hasSufficientDiskSpace
INFO         |      Ok: Disk space requirements to run avd: `AOSP_fuxi_pkg` are met
INFO         |   Checking: hasSufficientHwGpu
INFO         |      Ok: Hardware GPU compatibility checks are not required
INFO         |   Checking: hasSufficientSystem
INFO         |      Ok: System requirements to run avd: `AOSP_fuxi_pkg` are met
INFO         | Warning: QMetaObject::connectSlotsByName: No matching signal for on_btn_xr_environment_living_room_day_clicked() (:0, )
INFO         | Warning: QMetaObject::connectSlotsByName: No matching signal for on_btn_xr_environment_living_room_night_clicked() (:0, )
INFO         | Warning: QMetaObject::connectSlotsByName: No matching signal for on_new_posture_requested(int) (:0, )
INFO         | Warning: QMetaObject::connectSlotsByName: No matching signal for on_dismiss_posture_selection_dialog() (:0, )
INFO         | Warning: QMetaObject::connectSlotsByName: No matching signal for on_new_resizable_requested(PresetEmulatorSizeType) (:0, )
INFO         | Warning: QMetaObject::connectSlotsByName: No matching signal for on_dismiss_resizable_dialog() (:0, )
INFO         | Warning: QMetaObject::connectSlotsByName: No matching signal for on_xr_environment_mode_changed(int) (:0, )
INFO         | Warning: QMetaObject::connectSlotsByName: No matching signal for on_dismiss_xr_environment_mode_dialog() (:0, )
INFO         | Warning: QMetaObject::connectSlotsByName: No matching signal for on_xr_input_mode_changed(int) (:0, )
INFO         | Warning: QMetaObject::connectSlotsByName: No matching signal for on_dismiss_xr_input_mode_dialog() (:0, )
INFO         | Warning: QMetaObject::connectSlotsByName: No matching signal for on_sleep_timer_done() (:0, )
INFO         | Warning: QMetaObject::connectSlotsByName: No matching signal for on_unfold_timer_done() (:0, )
INFO         | Storing crashdata in: /tmp/android-robin/emu-crash-35.6.3.db, detection is enabled for process: 314
INFO         | Crash reports will be automatically uploaded to: https://clients2.google.com/cr/report
INFO         | Guest Driver: Auto (ext controls)
library_mode host gpu mode host
INFO         | Initializing hardware OpenGLES emulation support
I0611 20:19:00.082578 2da5e80 opengles.cpp:262] android_startOpenglesRenderer: gpu info
I0611 20:19:00.082605 2da5e80 opengles.cpp:263] 
INFO         | HealthMonitor disabled.
INFO         | Setting ICD filenames for the loader = /Users/robin/workspace/my_android_emulator/my_emulator/external/qemu/objs/distribution/emulator/qemu/darwin-aarch64/lib64/vulkan/MoltenVK_icd.json:/Users/robin/workspace/my_android_emulator/my_emulator/external/qemu/objs/distribution/emulator/lib64/vulkan/MoltenVK_icd.json
INFO         | Vulkan Validation Layers won't be enabled with MoltenVK
INFO         | SharedLibrary::open for [/Users/robin/workspace/my_android_emulator/my_emulator/external/qemu/objs/distribution/emulator/qemu/darwin-aarch64/lib64/vulkan/libvulkan.dylib]

INFO         | SharedLibrary::open for [/Users/robin/workspace/my_android_emulator/my_emulator/external/qemu/objs/distribution/emulator/qemu/darwin-aarch64/lib64/vulkan/libvulkan.dylib]: not found in map, open for the first time

INFO         | SharedLibrary::open for [/Users/robin/workspace/my_android_emulator/my_emulator/external/qemu/objs/distribution/emulator/qemu/darwin-aarch64/lib64/vulkan/libvulkan.dylib] (posix): begin

INFO         | SharedLibrary::open for [/Users/robin/workspace/my_android_emulator/my_emulator/external/qemu/objs/distribution/emulator/qemu/darwin-aarch64/lib64/vulkan/libvulkan.dylib] (posix,darwin): call dlopen

INFO         | Added library: /Users/robin/workspace/my_android_emulator/my_emulator/external/qemu/objs/distribution/emulator/qemu/darwin-aarch64/lib64/vulkan/libvulkan.dylib
INFO         | MoltenVK is supported, enabling Vulkan portability.
INFO         | Selecting Vulkan device: Apple M5 Max, Version: 1.2.293
INFO         | Enabling VK_EXT_robustness2 (0 1 0).
INFO         | SharedLibrary::open for [/System/Library/Frameworks/OpenGL.framework/OpenGL]: not found in map, open for the first time

INFO         | SharedLibrary::open for [/System/Library/Frameworks/OpenGL.framework/OpenGL] (posix): begin

INFO         | SharedLibrary::open for [/System/Library/Frameworks/OpenGL.framework/OpenGL] (posix,darwin): call dlopen

INFO         | SharedLibrary::open for [libshadertranslator.dylib]: not found in map, open for the first time

INFO         | SharedLibrary::open for [libshadertranslator.dylib] (posix): begin

INFO         | SharedLibrary::open for [libshadertranslator.dylib] (posix,darwin): call dlopen

INFO         | Initializing VkEmulation features:
INFO         |     glInteropSupported: false
INFO         |     useDeferredCommands: true
INFO         |     createResourceWithRequirements: true
INFO         |     useVulkanComposition: false
INFO         |     useVulkanNativeSwapchain: false
INFO         |     enable guestRenderDoc: false
INFO         |     ASTC LDR emulation mode: Gpu
INFO         |     enable ETC2 emulation: true
INFO         |     enable Ycbcr emulation: false
INFO         |     guestVulkanOnly: false
INFO         |     useDedicatedAllocations: false
INFO         | Graphics Adapter Vendor Google (Apple)
INFO         | Graphics Adapter Android Emulator OpenGL ES Translator (Apple M5 Max)
INFO         | Graphics API Version OpenGL ES 3.0 (4.1 Metal - 90.5)
INFO         | Graphics API Extensions GL_OES_EGL_sync GL_OES_EGL_image GL_OES_EGL_image_external GL_OES_depth24 GL_OES_depth32 GL_OES_element_index_uint GL_OES_texture_float GL_OES_texture_float_linear GL_OES_compressed_paletted_texture GL_OES_compressed_ETC1_RGB8_texture GL_OES_depth_texture GL_OES_texture_npot GL_OES_rgb8_rgba8 GL_EXT_color_buffer_float GL_EXT_color_buffer_half_float GL_EXT_texture_format_BGRA8888 GL_APPLE_texture_format_BGRA8888 
INFO         | Graphics Device Extensions N/A
INFO         | Sending adb public key [QAAAAA2oQMM7GXBShzIlJ853ksbVg/1eG4eDl/CxMMx8M41pOBb96wkHnN83xfNWXyppj+auj7KghX4MZzQYTbpA6fKgcOAr3cvZyEq7ZTVcZHkkXMPRfARi2oxaEoa0vmInb6aN+J0W0yZLEQY89yZzGhXOOPQqeg+P8pFS/VPAXSshZ/npJVNU2NfGfYfUQAEVFknCAw1CUtm39YCx8gw3JawFoeJc+Qh2JtuPXPmXgyk2u9gtLxUrWob5Z568CimG8Gci2SvTUVNzOjFzf3oBNv77+2ZAqFhJ0bwAtiYgVI5ZA8ChvCcDaaQbnTr0kxzu/7fiG+yk2gN5yQZjyB9CEzEqQLjGGL9Hr+sOZ25OMsQrflfdyq4QUL2qHoZ1rKoPcLLT53U5zOHrIxK5olixTpqHiNBkT93ReMByoTjrp9xA2A3T3RZbR1FodkONXSpyewG14+4a1qG5Iye0EGkr0tCMch1GY7c5EiIK4Ot09zmfBYxHL/ceIF3JI3BkJ/Xs+v9i56Hy/+GJzIKf3KgdXANSgsFDxD3uwfaYL3fd7g+yUn66a3+vbJQGGaaUX1bTf6MIEAH5ukF8c4++wsTmV9n6pNLLaI2yR22e1q54rJ1/VAvOin5OeySXFfHHmW3MEBUyx0joqygj2Kbn10ZslPa7UzcLNf58faQBhbswe91fXTEtsgEAAQA= robin@unknown]
INFO         | Userspace boot properties:
INFO         |   androidboot.boot_devices=a003600.virtio_mmio
INFO         |   androidboot.dalvik.vm.heapsize=576m
INFO         |   androidboot.debug.hwui.renderer=skiagl
INFO         |   androidboot.hardware=ranchu
INFO         |   androidboot.hardware.gltransport=pipe
INFO         |   androidboot.hardware.vulkan=ranchu
INFO         |   androidboot.logcat=*:V
INFO         |   androidboot.opengles.version=196608
INFO         |   androidboot.qemu=1
INFO         |   androidboot.qemu.adb.pubkey=QAAAAA2oQMM7GXBShzIlJ853ksbVg/1eG4eDl/CxMMx8M41pOBb96wkHnN83xfNWXyppj+auj7KghX4MZzQYTbpA6fKgcOAr3cvZyEq7ZTVcZHkkXMPRfARi2oxaEoa0vmInb6aN+J0W0yZLEQY89yZzGhXOOPQqeg+P8pFS/VPAXSshZ/npJVNU2NfGfYfUQAEVFknCAw1CUtm39YCx8gw3JawFoeJc+Qh2JtuPXPmXgyk2u9gtLxUrWob5Z568CimG8Gci2SvTUVNzOjFzf3oBNv77+2ZAqFhJ0bwAtiYgVI5ZA8ChvCcDaaQbnTr0kxzu/7fiG+yk2gN5yQZjyB9CEzEqQLjGGL9Hr+sOZ25OMsQrflfdyq4QUL2qHoZ1rKoPcLLT53U5zOHrIxK5olixTpqHiNBkT93ReMByoTjrp9xA2A3T3RZbR1FodkONXSpyewG14+4a1qG5Iye0EGkr0tCMch1GY7c5EiIK4Ot09zmfBYxHL/ceIF3JI3BkJ/Xs+v9i56Hy/+GJzIKf3KgdXANSgsFDxD3uwfaYL3fd7g+yUn66a3+vbJQGGaaUX1bTf6MIEAH5ukF8c4++wsTmV9n6pNLLaI2yR22e1q54rJ1/VAvOin5OeySXFfHHmW3MEBUyx0joqygj2Kbn10ZslPa7UzcLNf58faQBhbswe91fXTEtsgEAAQA= robin@unknown
INFO         |   androidboot.qemu.avd_name=AOSP_fuxi_pkg
INFO         |   androidboot.qemu.camera_hq_edge_processing=0
INFO         |   androidboot.qemu.camera_protocol_ver=1
INFO         |   androidboot.qemu.cpuvulkan.version=4202496
INFO         |   androidboot.qemu.gltransport.drawFlushInterval=800
INFO         |   androidboot.qemu.gltransport.name=pipe
INFO         |   androidboot.qemu.hwcodec.avcdec=2
INFO         |   androidboot.qemu.hwcodec.hevcdec=2
INFO         |   androidboot.qemu.hwcodec.vpxdec=2
INFO         |   androidboot.qemu.settings.system.screen_off_timeout=2147483647
INFO         |   androidboot.qemu.virtiowifi=1
INFO         |   androidboot.qemu.vsync=60
INFO         |   androidboot.serialno=EMULATOR35X6X3X0
INFO         |   androidboot.vbmeta.digest=d34e5b057878246fe6ed1119513fc01f1eb2bb7cb8cba741b4e98d04af965076
INFO         |   androidboot.vbmeta.hash_alg=sha256
INFO         |   androidboot.vbmeta.size=6656
INFO         |   androidboot.veritymode=enforcing
INFO         | Monitoring duration of emulator setup.
WARNING      | The emulator now requires a signed jwt token for gRPC access! Use the -grpc flag if you really want an open unprotected grpc port
INFO         | Using security allow list from: /Users/robin/workspace/my_android_emulator/my_emulator/external/qemu/objs/distribution/emulator/lib/emulator_access.json
WARNING      | *** Basic token auth should only be used by android-studio ***
INFO         | The active JSON Web Key Sets can be found here: /Users/robin/Library/Caches/TemporaryItems/avd/running/314/jwks/0c7e96a0-defb-4521-806d-2293f4b6eccb/active.jwk
INFO         | Scanning /Users/robin/Library/Caches/TemporaryItems/avd/running/314/jwks/0c7e96a0-defb-4521-806d-2293f4b6eccb for jwk keys.
INFO         | Started GRPC server at 127.0.0.1:8554, security: Local, auth: +token
INFO         | Advertising in: /Users/robin/Library/Caches/TemporaryItems/avd/running/pid_314.ini
INFO         | Setting display: 0 configuration to: 1080x2400, dpi: 440x440 
INFO         | setDisplayActiveConfig 0
INFO         | Checking system compatibility:
INFO         |   Checking: hasSufficientDiskSpace
INFO         |      Ok: Disk space requirements to run avd: `AOSP_fuxi_pkg` are met
INFO         |   Checking: hasSufficientHwGpu
INFO         |      Ok: Hardware GPU compatibility checks are not required
INFO         |   Checking: hasSufficientSystem
INFO         |      Ok: System requirements to run avd: `AOSP_fuxi_pkg` are met
USER_INFO    | Emulator is performing a full startup. This may take upto two minutes, or more.
WARNING      | adb command '/opt/homebrew/share/android-commandlinetools/platform-tools/adb -s emulator-5554 shell am start-foreground-service -e meter on com.android.emulator.radio.config/.MeterService ' failed: 'adb: device offline'
[    0.000000][    T0] Booting Linux on physical CPU 0x0000000000 [0x610f0000]
[    0.000000][    T0] Linux version 6.6.66-android15-8-gb66429556fb8-ab13070261-4k (kleaf@build-host) (Android (11368308, +pgo, +bolt, +lto, +mlgo, based on r510928) clang version 18.0.0 (https://android.googlesource.com/toolchain/llvm-project 477610d4d0d988e69dbc3fae4fe86bff3f07f2b5), LLD 18.0.0) #1 SMP PREEMPT Fri Feb 14 22:29:59 UTC 2025
[    0.000000][    T0] KASLR disabled due to lack of seed
[    0.000000][    T0] Machine model: linux,ranchu
[    0.000000][    T0] stackdepot: disabled
[    0.000000][    T0] KVM is not available. Ignoring kvm-arm.mode
[    0.000000][    T0] printk: debug: skip boot console de-registration.
[    0.000000][    T0] efi: UEFI not found.
[    0.000000][    T0] Zone ranges:
[    0.000000][    T0]   DMA32    [mem 0x0000000040000000-0x00000000ffffffff]
[    0.000000][    T0]   Normal   [mem 0x0000000100000000-0x000000013fffffff]
[    0.000000][    T0] Movable zone start for each node
[    0.000000][    T0] NoSplit zone start for each node
[    0.000000][    T0] NoMerge zone start for each node
[    0.000000][    T0] Early memory node ranges
[    0.000000][    T0]   node   0: [mem 0x0000000040000000-0x000000013fffffff]
[    0.000000][    T0] Initmem setup node 0 [mem 0x0000000040000000-0x000000013fffffff]
[    0.000000][    T0] cma: Reserved 16 MiB at 0x00000000ff000000 on node -1
[    0.000000][    T0] psci: probing for conduit method from DT.
[    0.000000][    T0] psci: PSCIv0.2 detected in firmware.
[    0.000000][    T0] psci: Using standard PSCI v0.2 function IDs
[    0.000000][    T0] psci: Trusted OS migration not required
[    0.000000][    T0] Load bootconfig: 1802 bytes 67 nodes
[    0.000000][    T0] percpu: Embedded 31 pages/cpu s88232 r8192 d30552 u126976
[    0.000000][    T0] Detected PIPT I-cache on CPU0
[    0.000000][    T0] CPU features: SYS_ID_AA64MMFR1_EL1[11:8]: already set to 0
[    0.000000][    T0] CPU features: detected: Address authentication (IMP DEF algorithm)
[    0.000000][    T0] CPU features: detected: Spectre-v4
[    0.000000][    T0] alternatives: applying boot alternatives
[    0.000000][    T0] Kernel command line: console=ttynull stack_depot_disable=on cgroup_disable=pressure kasan.stacktrace=off kvm-arm.mode=protected bootconfig ioremap_guard 8250.nr_uarts=1 no_timer_check console=ttyAMA0,38400 keep_bootcon earlyprintk=ttyAMA0 loop.max_part=7 printk.devkmsg=on bootconfig mac80211_hwsim.radios=0
[    0.000000][    T0] cgroup: Disabling pressure control group feature
[    0.000000][    T0] Unknown kernel command line parameters "no_timer_check earlyprintk=ttyAMA0", will be passed to user space.
[    0.000000][    T0] Dentry cache hash table entries: 524288 (order: 10, 4194304 bytes, linear)
[    0.000000][    T0] Inode-cache hash table entries: 262144 (order: 9, 2097152 bytes, linear)
[    0.000000][    T0] Built 1 zonelists, mobility grouping on.  Total pages: 1032192
[    0.000000][    T0] mem auto-init: stack:all(zero), heap alloc:on, heap free:off
[    0.000000][    T0] software IO TLB: area num 4.
[    0.000000][    T0] software IO TLB: mapped [mem 0x00000000fb000000-0x00000000ff000000] (64MB)
[    0.000000][    T0] Memory: 3992268K/4194304K available (16768K kernel code, 2058K rwdata, 12316K rodata, 4160K init, 583K bss, 185652K reserved, 16384K cma-reserved)
[    0.000000][    T0] SLUB: HWalign=64, Order=0-3, MinObjects=0, CPUs=4, Nodes=1
[    0.000000][    T0] trace event string verifier disabled
[    0.000000][    T0] rcu: Preemptible hierarchical RCU implementation.
[    0.000000][    T0] rcu: 	RCU event tracing is enabled.
[    0.000000][    T0] rcu: 	RCU restricting CPUs from NR_CPUS=32 to nr_cpu_ids=4.
[    0.000000][    T0] rcu: 	RCU priority boosting: priority 1 delay 500 ms.
[    0.000000][    T0] 	Trampoline variant of Tasks RCU enabled.
[    0.000000][    T0] 	Tracing variant of Tasks RCU enabled.
[    0.000000][    T0] rcu: RCU calculated value of scheduler-enlistment delay is 25 jiffies.
[    0.000000][    T0] rcu: Adjusting geometry for rcu_fanout_leaf=16, nr_cpu_ids=4
[    0.000000][    T0] NR_IRQS: 64, nr_irqs: 64, preallocated irqs: 0
[    0.000000][    T0] Root IRQ handler: gic_handle_irq
[    0.000000][    T0] GICv2m: range[mem 0x08020000-0x08020fff], SPI[96:159]
[    0.000000][    T0] rcu: srcu_init: Setting srcu_struct sizes based on contention.
[    0.000000][    T0] arch_timer: cp15 timer(s) running at 24.00MHz (virt).
[    0.000000][    T0] clocksource: arch_sys_counter: mask: 0xffffffffffffff max_cycles: 0x588fe9dc0, max_idle_ns: 440795202592 ns
[    0.000000][    T0] sched_clock: 56 bits at 24MHz, resolution 41ns, wraps every 4398046511097ns
[    0.000068][    T0] kfence: initialized - using 524288 bytes for 63 objects at 0x(____ptrval____)-0x(____ptrval____)
[    0.000299][    T0] Calibrating delay loop (skipped), value calculated using timer frequency.. 48.00 BogoMIPS (lpj=96000)
[    0.000300][    T0] pid_max: default: 32768 minimum: 301
[    0.003486][    T0] LSM: initializing lsm=capability,selinux,bpf,integrity
[    0.005722][    T0] SELinux:  Initializing.
[    0.011257][    T0] LSM support for eBPF active
[    0.012196][    T0] Mount-cache hash table entries: 8192 (order: 4, 65536 bytes, linear)
[    0.012204][    T0] Mountpoint-cache hash table entries: 8192 (order: 4, 65536 bytes, linear)
[    0.015158][    T1] cacheinfo: Unable to detect cache hierarchy for CPU 0
[    0.015440][    T1] RCU Tasks: Setting shift to 2 and lim to 1 rcu_task_cb_adjust=1.
[    0.015471][    T1] RCU Tasks Trace: Setting shift to 2 and lim to 1 rcu_task_cb_adjust=1.
[    0.015525][    T1] rcu: Hierarchical SRCU implementation.
[    0.015526][    T1] rcu: 	Max phase no-delay instances is 1000.
[    0.015796][    T1] dyndbg: Ignore empty _ddebug table in a CONFIG_DYNAMIC_DEBUG_CORE build
[    0.015827][    T1] EFI services will not be available.
[    0.015950][    T1] smp: Bringing up secondary CPUs ...
[    0.016191][    T0] Detected PIPT I-cache on CPU1
[    0.016352][    T0] CPU1: Booted secondary processor 0x0000000000 [0x610f0000]
[    0.016747][    T0] Detected PIPT I-cache on CPU2
[    0.016877][    T0] CPU2: Booted secondary processor 0x0000000000 [0x610f0000]
[    0.017277][    T0] Detected PIPT I-cache on CPU3
[    0.017414][    T0] CPU3: Booted secondary processor 0x0000000000 [0x610f0000]
[    0.017551][    T1] smp: Brought up 1 node, 4 CPUs
[    0.017563][    T1] SMP: Total of 4 processors activated.
[    0.017564][    T1] CPU features: detected: Branch Target Identification
[    0.017564][    T1] CPU features: detected: ARMv8.4 Translation Table Level
[    0.017565][    T1] CPU features: detected: Data cache clean to the PoU not required for I/D coherence
[    0.017565][    T1] CPU features: detected: Common not Private translations
[    0.017565][    T1] CPU features: detected: CRC32 instructions
[    0.017566][    T1] CPU features: detected: Data cache clean to Point of Deep Persistence
[    0.017566][    T1] CPU features: detected: Data cache clean to Point of Persistence
[    0.017566][    T1] CPU features: detected: Data independent timing control (DIT)
[    0.017566][    T1] CPU features: detected: E0PD
[    0.017567][    T1] CPU features: detected: Enhanced Privileged Access Never
[    0.017567][    T1] CPU features: detected: Generic authentication (IMP DEF algorithm)
[    0.017568][    T1] CPU features: detected: RCpc load-acquire (LDAPR)
[    0.017568][    T1] CPU features: detected: LSE atomic instructions
[    0.017568][    T1] CPU features: detected: Privileged Access Never
[    0.017569][    T1] CPU features: detected: RAS Extension Support
[    0.017569][    T1] CPU features: detected: Speculation barrier (SB)
[    0.017569][    T1] CPU features: detected: TLB range maintenance instructions
[    0.017707][    T1] CPU: All CPU(s) started at EL1
[    0.017721][    T1] alternatives: applying system-wide alternatives
[    0.019908][    T1] setend instruction emulation is not supported on this system
[    0.020048][    T1] clocksource: jiffies: mask: 0xffffffff max_cycles: 0xffffffff, max_idle_ns: 7645041785100000 ns
[    0.020058][    T1] futex hash table entries: 1024 (order: 4, 65536 bytes, linear)
[    0.020284][    T1] pinctrl core: initialized pinctrl subsystem
[    0.020639][    T1] NET: Registered PF_NETLINK/PF_ROUTE protocol family
[    0.021512][    T1] DMA: preallocated 512 KiB GFP_KERNEL pool for atomic allocations
[    0.021621][    T1] DMA: preallocated 512 KiB GFP_KERNEL|GFP_DMA32 pool for atomic allocations
[    0.021718][    T1] audit: initializing netlink subsys (disabled)
[    0.021880][   T42] audit: type=2000 audit(0.020:1): state=initialized audit_enabled=0 res=1
[    0.021925][    T1] thermal_sys: Registered thermal governor 'bang_bang'
[    0.021926][    T1] thermal_sys: Registered thermal governor 'step_wise'
[    0.021926][    T1] thermal_sys: Registered thermal governor 'user_space'
[    0.021926][    T1] thermal_sys: Registered thermal governor 'power_allocator'
[    0.021987][    T1] cpuidle: using governor menu
[    0.022021][    T1] hw-breakpoint: found 6 breakpoint and 4 watchpoint registers.
[    0.022191][    T1] ASID allocator initialised with 65536 entries
[    0.022247][    T1] Serial: AMBA PL011 UART driver
[    0.022870][    T1] 9000000.pl011: ttyAMA0 at MMIO 0x9000000 (irq = 13, base_baud = 0) is a PL011 rev1
[    0.022909][    T1] printk: console [ttyAMA0] enabled
[    0.099764][    T1] Modules: 23744 pages in range for non-PLT usage
[    0.099765][    T1] Modules: 515264 pages in range for PLT usage
[    0.101528][    T1] iommu: Default domain type: Translated
[    0.102534][    T1] iommu: DMA domain TLB invalidation policy: strict mode
[    0.103244][    T1] SCSI subsystem initialized
[    0.103706][    T1] usbcore: registered new interface driver usbfs
[    0.104278][    T1] usbcore: registered new interface driver hub
[    0.104845][    T1] usbcore: registered new device driver usb
[    0.105338][    T1] mc: Linux media interface: v0.10
[    0.105753][    T1] videodev: Linux video capture interface: v2.00
[    0.106283][    T1] EDAC MC: Ver: 3.0.0
[    0.106851][    T1] scmi_core: SCMI protocol bus registered
[    0.107452][    T1] Advanced Linux Sound Architecture Driver Initialized.
[    0.108341][    T1] clocksource: Switched to clocksource arch_sys_counter
[    0.109231][    T1] VFS: Disk quotas dquot_6.6.0
[    0.109621][    T1] VFS: Dquot-cache hash table entries: 512 (order 0, 4096 bytes)
[    0.110433][    T1] NET: Registered PF_INET protocol family
[    0.110978][    T1] IP idents hash table entries: 65536 (order: 7, 524288 bytes, linear)
[    0.112391][    T1] tcp_listen_portaddr_hash hash table entries: 2048 (order: 3, 32768 bytes, linear)
[    0.113301][    T1] Table-perturb hash table entries: 65536 (order: 6, 262144 bytes, linear)
[    0.114103][    T1] TCP established hash table entries: 32768 (order: 6, 262144 bytes, linear)
[    0.114942][    T1] TCP bind hash table entries: 32768 (order: 8, 1048576 bytes, linear)
[    0.115698][    T1] TCP: Hash tables configured (established 32768 bind 32768)
[    0.116373][    T1] UDP hash table entries: 2048 (order: 4, 65536 bytes, linear)
[    0.117080][    T1] UDP-Lite hash table entries: 2048 (order: 4, 65536 bytes, linear)
[    0.117826][    T1] NET: Registered PF_UNIX/PF_LOCAL protocol family
[    0.118379][    T1] NET: Registered PF_XDP protocol family
[    0.118837][    T1] PCI: CLS 0 bytes, default 64
[    0.119321][   T10] Trying to unpack rootfs image as initramfs...
[    0.122892][   T10] Freeing initrd memory: 2044K
[    0.123530][    T1] kvm [1]: HYP mode not available
[    0.124318][    T1] Initialise system trusted keyrings
[    0.125003][    T1] workingset: timestamp_bits=46 max_order=20 bucket_order=0
[    0.126665][    T1] fuse: init (API version 7.39)
[    0.131305][    T1] Key type asymmetric registered
[    0.131723][    T1] Asymmetric key parser 'x509' registered
[    0.132188][    T1] Block layer SCSI generic (bsg) driver version 0.4 loaded (major 241)
[    0.133050][    T1] io scheduler mq-deadline registered
[    0.133577][    T1] io scheduler kyber registered
[    0.134018][    T1] io scheduler bfq registered
[    0.134766][    T1] pl061_gpio 9030000.pl061: PL061 GPIO chip registered
[    0.135379][    T1] pci-host-generic 3f000000.pcie: host bridge /pcie@10000000 ranges:
[    0.136053][    T1] pci-host-generic 3f000000.pcie:       IO 0x003eff0000..0x003effffff -> 0x0000000000
[    0.136941][    T1] pci-host-generic 3f000000.pcie:      MEM 0x0010000000..0x003efeffff -> 0x0010000000
[    0.137797][    T1] pci-host-generic 3f000000.pcie:      MEM 0x0800000000..0x0fffffffff -> 0x0800000000
[    0.138589][    T1] pci-host-generic 3f000000.pcie: Memory resource size exceeds max for 32 bits
[    0.139349][    T1] pci-host-generic 3f000000.pcie: ECAM at [mem 0x3f000000-0x3fffffff] for [bus 00-0f]
[    0.140196][    T1] pci-host-generic 3f000000.pcie: PCI host bridge to bus 0000:00
[    0.140868][    T1] pci_bus 0000:00: root bus resource [bus 00-0f]
[    0.141453][    T1] pci_bus 0000:00: root bus resource [io  0x0000-0xffff]
[    0.142020][    T1] pci_bus 0000:00: root bus resource [mem 0x10000000-0x3efeffff]
[    0.142643][    T1] pci_bus 0000:00: root bus resource [mem 0x800000000-0xfffffffff]
[    0.143312][    T1] pci 0000:00:00.0: [1b36:0008] type 00 class 0x060000
[    0.144101][    T1] pci 0000:00:01.0: [1af4:1019] type 00 class 0x040100
[    0.144719][    T1] pci 0000:00:01.0: reg 0x10: [io  0x0000-0x001f]
[    0.145423][    T1] pci 0000:00:01.0: reg 0x20: [mem 0x00000000-0x00003fff 64bit pref]
[    0.146385][    T1] pci 0000:00:02.0: [1af4:1003] type 00 class 0x078000
[    0.147013][    T1] pci 0000:00:02.0: reg 0x10: [io  0x0000-0x003f]
[    0.147572][    T1] pci 0000:00:02.0: reg 0x14: [mem 0x00000000-0x00000fff]
[    0.148231][    T1] pci 0000:00:02.0: reg 0x20: [mem 0x00000000-0x00003fff 64bit pref]
[    0.149301][    T1] pci 0000:00:03.0: [1af4:1003] type 00 class 0x078000
[    0.149962][    T1] pci 0000:00:03.0: reg 0x10: [io  0x0000-0x003f]
[    0.150520][    T1] pci 0000:00:03.0: reg 0x14: [mem 0x00000000-0x00000fff]
[    0.151167][    T1] pci 0000:00:03.0: reg 0x20: [mem 0x00000000-0x00003fff 64bit pref]
[    0.152115][    T1] pci 0000:00:04.0: [1af4:1052] type 00 class 0x098000
[    0.152758][    T1] pci 0000:00:04.0: reg 0x14: [mem 0x00000000-0x00000fff]
[    0.153476][    T1] pci 0000:00:04.0: reg 0x20: [mem 0x00000000-0x00003fff 64bit pref]
[    0.154435][    T1] pci 0000:00:05.0: [1af4:1052] type 00 class 0x098000
[    0.155074][    T1] pci 0000:00:05.0: reg 0x14: [mem 0x00000000-0x00000fff]
[    0.155730][    T1] pci 0000:00:05.0: reg 0x20: [mem 0x00000000-0x00003fff 64bit pref]
[    0.156761][    T1] pci 0000:00:06.0: [1af4:1052] type 00 class 0x098000
[    0.157455][    T1] pci 0000:00:06.0: reg 0x14: [mem 0x00000000-0x00000fff]
[    0.158104][    T1] pci 0000:00:06.0: reg 0x20: [mem 0x00000000-0x00003fff 64bit pref]
[    0.159046][    T1] pci 0000:00:07.0: [1af4:1052] type 00 class 0x098000
[    0.159667][    T1] pci 0000:00:07.0: reg 0x14: [mem 0x00000000-0x00000fff]
[    0.160307][    T1] pci 0000:00:07.0: reg 0x20: [mem 0x00000000-0x00003fff 64bit pref]
[    0.161324][    T1] pci 0000:00:08.0: [1af4:1052] type 00 class 0x098000
[    0.162033][    T1] pci 0000:00:08.0: reg 0x14: [mem 0x00000000-0x00000fff]
[    0.162680][    T1] pci 0000:00:08.0: reg 0x20: [mem 0x00000000-0x00003fff 64bit pref]
[    0.163624][    T1] pci 0000:00:09.0: [1af4:1052] type 00 class 0x098000
[    0.164249][    T1] pci 0000:00:09.0: reg 0x14: [mem 0x00000000-0x00000fff]
[    0.164948][    T1] pci 0000:00:09.0: reg 0x20: [mem 0x00000000-0x00003fff 64bit pref]
[    0.165953][    T1] pci 0000:00:0a.0: [1af4:1052] type 00 class 0x098000
[    0.166575][    T1] pci 0000:00:0a.0: reg 0x14: [mem 0x00000000-0x00000fff]
[    0.167211][    T1] pci 0000:00:0a.0: reg 0x20: [mem 0x00000000-0x00003fff 64bit pref]
[    0.168107][    T1] pci 0000:00:0b.0: [607d:f153] type 00 class 0x00ff00
[    0.168724][    T1] pci 0000:00:0b.0: reg 0x10: [mem 0x00000000-0x00000fff]
[    0.169477][    T1] pci 0000:00:0b.0: reg 0x14: [mem 0x00000000-0x1ffffffff 64bit]
[    0.170339][    T1] pci 0000:00:0c.0: [1af4:1052] type 00 class 0x098000
[    0.170998][    T1] pci 0000:00:0c.0: reg 0x14: [mem 0x00000000-0x00000fff]
[    0.171661][    T1] pci 0000:00:0c.0: reg 0x20: [mem 0x00000000-0x00003fff 64bit pref]
[    0.172703][    T1] pci 0000:00:0d.0: [1af4:1052] type 00 class 0x098000
[    0.173413][    T1] pci 0000:00:0d.0: reg 0x14: [mem 0x00000000-0x00000fff]
[    0.174074][    T1] pci 0000:00:0d.0: reg 0x20: [mem 0x00000000-0x00003fff 64bit pref]
[    0.175026][    T1] pci 0000:00:0e.0: [1af4:1052] type 00 class 0x098000
[    0.175639][    T1] pci 0000:00:0e.0: reg 0x14: [mem 0x00000000-0x00000fff]
[    0.176302][    T1] pci 0000:00:0e.0: reg 0x20: [mem 0x00000000-0x00003fff 64bit pref]
[    0.177318][    T1] pci 0000:00:0f.0: [1af4:1052] type 00 class 0x098000
[    0.177948][    T1] pci 0000:00:0f.0: reg 0x14: [mem 0x00000000-0x00000fff]
[    0.178601][    T1] pci 0000:00:0f.0: reg 0x20: [mem 0x00000000-0x00003fff 64bit pref]
[    0.179569][    T1] pci 0000:00:10.0: [1af4:100a] type 00 class 0x020000
[    0.180244][    T1] pci 0000:00:10.0: reg 0x10: [io  0x0000-0x001f]
[    0.180908][    T1] pci 0000:00:10.0: reg 0x14: [mem 0x00000000-0x00000fff]
[    0.181785][    T1] pci 0000:00:11.0: [1af4:1012] type 00 class 0x078000
[    0.182413][    T1] pci 0000:00:11.0: reg 0x10: [io  0x0000-0x001f]
[    0.182992][    T1] pci 0000:00:11.0: reg 0x14: [mem 0x00000000-0x00000fff]
[    0.183672][    T1] pci 0000:00:11.0: reg 0x20: [mem 0x00000000-0x00003fff 64bit pref]
[    0.184669][    T1] pci 0000:00:0b.0: BAR 1: assigned [mem 0x800000000-0x9ffffffff 64bit]
[    0.185412][    T1] pci 0000:00:01.0: BAR 4: assigned [mem 0xa00000000-0xa00003fff 64bit pref]
[    0.186202][    T1] pci 0000:00:02.0: BAR 4: assigned [mem 0xa00004000-0xa00007fff 64bit pref]
[    0.186971][    T1] pci 0000:00:03.0: BAR 4: assigned [mem 0xa00008000-0xa0000bfff 64bit pref]
[    0.187759][    T1] pci 0000:00:04.0: BAR 4: assigned [mem 0xa0000c000-0xa0000ffff 64bit pref]
[    0.188536][    T1] pci 0000:00:05.0: BAR 4: assigned [mem 0xa00010000-0xa00013fff 64bit pref]
[    0.189503][    T1] pci 0000:00:06.0: BAR 4: assigned [mem 0xa00014000-0xa00017fff 64bit pref]
[    0.190257][    T1] pci 0000:00:07.0: BAR 4: assigned [mem 0xa00018000-0xa0001bfff 64bit pref]
[    0.191002][    T1] pci 0000:00:08.0: BAR 4: assigned [mem 0xa0001c000-0xa0001ffff 64bit pref]
[    0.191789][    T1] pci 0000:00:09.0: BAR 4: assigned [mem 0xa00020000-0xa00023fff 64bit pref]
[    0.192554][    T1] pci 0000:00:0a.0: BAR 4: assigned [mem 0xa00024000-0xa00027fff 64bit pref]
[    0.193330][    T1] pci 0000:00:0c.0: BAR 4: assigned [mem 0xa00028000-0xa0002bfff 64bit pref]
[    0.194083][    T1] pci 0000:00:0d.0: BAR 4: assigned [mem 0xa0002c000-0xa0002ffff 64bit pref]
[    0.194824][    T1] pci 0000:00:0e.0: BAR 4: assigned [mem 0xa00030000-0xa00033fff 64bit pref]
[    0.195581][    T1] pci 0000:00:0f.0: BAR 4: assigned [mem 0xa00034000-0xa00037fff 64bit pref]
[    0.196329][    T1] pci 0000:00:11.0: BAR 4: assigned [mem 0xa00038000-0xa0003bfff 64bit pref]
[    0.197085][    T1] pci 0000:00:02.0: BAR 1: assigned [mem 0x10000000-0x10000fff]
[    0.197721][    T1] pci 0000:00:03.0: BAR 1: assigned [mem 0x10001000-0x10001fff]
[    0.198430][    T1] pci 0000:00:04.0: BAR 1: assigned [mem 0x10002000-0x10002fff]
[    0.199054][    T1] pci 0000:00:05.0: BAR 1: assigned [mem 0x10003000-0x10003fff]
[    0.199679][    T1] pci 0000:00:06.0: BAR 1: assigned [mem 0x10004000-0x10004fff]
[    0.200330][    T1] pci 0000:00:07.0: BAR 1: assigned [mem 0x10005000-0x10005fff]
[    0.200989][    T1] pci 0000:00:08.0: BAR 1: assigned [mem 0x10006000-0x10006fff]
[    0.201615][    T1] pci 0000:00:09.0: BAR 1: assigned [mem 0x10007000-0x10007fff]
[    0.202245][    T1] pci 0000:00:0a.0: BAR 1: assigned [mem 0x10008000-0x10008fff]
[    0.202880][    T1] pci 0000:00:0b.0: BAR 0: assigned [mem 0x10009000-0x10009fff]
[    0.203673][    T1] pci 0000:00:0c.0: BAR 1: assigned [mem 0x1000a000-0x1000afff]
[    0.204309][    T1] pci 0000:00:0d.0: BAR 1: assigned [mem 0x1000b000-0x1000bfff]
[    0.205014][    T1] pci 0000:00:0e.0: BAR 1: assigned [mem 0x1000c000-0x1000cfff]
[    0.205664][    T1] pci 0000:00:0f.0: BAR 1: assigned [mem 0x1000d000-0x1000dfff]
[    0.206367][    T1] pci 0000:00:10.0: BAR 1: assigned [mem 0x1000e000-0x1000efff]
[    0.207008][    T1] pci 0000:00:11.0: BAR 1: assigned [mem 0x1000f000-0x1000ffff]
[    0.207656][    T1] pci 0000:00:02.0: BAR 0: assigned [io  0x1000-0x103f]
[    0.208236][    T1] pci 0000:00:03.0: BAR 0: assigned [io  0x1040-0x107f]
[    0.208840][    T1] pci 0000:00:01.0: BAR 0: assigned [io  0x1080-0x109f]
[    0.209407][    T1] pci 0000:00:10.0: BAR 0: assigned [io  0x10a0-0x10bf]
[    0.209972][    T1] pci 0000:00:11.0: BAR 0: assigned [io  0x10c0-0x10df]
[    0.210688][    T1] Serial: 8250/16550 driver, 1 ports, IRQ sharing disabled
[    0.211410][    T1] printk: console [ttynull0] enabled
[    0.212734][    T1] brd: module loaded
[    0.213757][    T1] loop: module loaded
[    0.214778][    T1] wireguard: WireGuard 1.0.0 loaded. See www.wireguard.com for information.
[    0.215527][    T1] wireguard: Copyright (C) 2015-2019 Jason A. Donenfeld <Jason@zx2c4.com>. All Rights Reserved.
[    0.216574][    T1] tun: Universal TUN/TAP device driver, 1.6
[    0.217256][    T1] usbcore: registered new interface driver uas
[    0.217826][    T1] usbcore: registered new interface driver usb-storage
[    0.218446][    T1] usbcore: registered new interface driver xpad
[    0.219069][    T1] rtc-pl031 9010000.pl031: registered as rtc0
[    0.219594][    T1] rtc-pl031 9010000.pl031: setting system clock to 2026-06-11T12:19:01 UTC (1781180341)
[    0.220561][    T1] gspca_main: v2.14.0 registered
[    0.221010][    T1] usbcore: registered new interface driver uvcvideo
[    0.221592][    T1] device-mapper: uevent: version 1.0.3
[    0.222099][    T1] device-mapper: ioctl: 4.48.0-ioctl (2023-03-01) initialised: dm-devel@redhat.com
[    0.223195][    T1] sdhci: Secure Digital Host Controller Interface driver
[    0.223803][    T1] sdhci: Copyright(c) Pierre Ossman
[    0.224252][    T1] sdhci-pltfm: SDHCI platform and OF driver helper
[    0.224859][    T1] hid: raw HID events driver (C) Jiri Kosina
[    0.225437][    T1] usbcore: registered new interface driver usbhid
[    0.226007][    T1] usbhid: USB HID core driver
[    0.226479][    T1] ashmem: initialized
[    0.226898][    T1] armv8-pmu pmu: hw perfevents: failed to probe PMU!
[    0.227496][   T61] watchdog: Delayed init of the lockup detector failed: -19
[    0.228113][   T61] watchdog: Hard watchdog permanently disabled
[    0.228681][    T1] gnss: GNSS driver registered with major 506
[    0.229423][    T1] usbcore: registered new interface driver snd-usb-audio
[    0.230102][    T1] GACT probability NOT on
[    0.230482][    T1] Mirror/redirect action on
[    0.230870][    T1] netem: version 1.3
[    0.231226][    T1] u32 classifier
[    0.231528][    T1]     input device check on
[    0.231919][    T1]     Actions configured
[    0.238660][    T1] xt_time: kernel timezone is -0000
[    0.239165][    T1] ipip: IPv4 and MPLS over IPv4 tunneling driver
[    0.239791][    T1] gre: GRE over IPv4 demultiplexor driver
[    0.240294][    T1] ip_gre: GRE over IPv4 tunneling driver
[    0.240883][    T1] IPv4 over IPsec tunneling driver
[    0.241363][    T1] Initializing XFRM netlink socket
[    0.241816][    T1] IPsec XFRM device driver
[    0.242280][    T1] NET: Registered PF_INET6 protocol family
[    0.243263][    T1] Segment Routing with IPv6
[    0.243674][    T1] In-situ OAM (IOAM) with IPv6
[    0.244094][    T1] mip6: Mobile IPv6
[    0.244548][    T1] sit: IPv6, IPv4 and MPLS over IPv4 tunneling driver
[    0.245160][    T1] ip6_gre: GRE over IPv6 tunneling driver
[    0.245757][    T1] NET: Registered PF_PACKET protocol family
[    0.246246][    T1] NET: Registered PF_KEY protocol family
[    0.246932][    T1] NET: Registered PF_VSOCK protocol family
[    0.248120][    T1] registered taskstats version 1
[    0.248673][    T1] Loading compiled-in X.509 certificates
[    0.249583][    T1] Loaded X.509 cert 'Build time autogenerated kernel key: 872ba48dd0439d9fa1f11858a47302d1b083cbe1'
[    0.251429][    T1] page_owner is disabled
[    0.251867][    T1] Key type .fscrypt registered
[    0.252292][    T1] Key type fscrypt-provisioning registered
[    0.253482][    T1] input: gpio-keys as /devices/platform/gpio-keys/input/input0
[    0.254384][    T1] clk: Disabling unused clocks
[    0.254910][    T1] ALSA device list:
[    0.255306][    T1]   No soundcards found.
[    0.255757][    T1] uart-pl011 9000000.pl011: no DMA platform data
[    0.256852][    T1] Freeing unused kernel memory: 4160K
[    0.257357][    T1] Run /init as init process
INFO         | Activated packet streamer for bluetooth emulation
INFO         | Activated packet streamer for uwb emulation
[    5.376568][    C1] random: crng init done
[    5.377443][    T1] init: init first stage started!
[    5.377945][    T1] init: Loading module /lib/modules/virtio_dma_buf.ko with args ''
[    5.379069][    T1] init: Loaded kernel module /lib/modules/virtio_dma_buf.ko
[    5.379724][    T1] init: Loading module /lib/modules/virtio_mmio.ko with args ''
[    5.381711][    T1] init: Loaded kernel module /lib/modules/virtio_mmio.ko
[    5.382342][    T1] init: Loading module /lib/modules/virtio-rng.ko with args ''
[    5.383718][    T1] init: Loaded kernel module /lib/modules/virtio-rng.ko
[    5.384303][    T1] init: Loading module /lib/modules/virtio_blk.ko with args ''
[    5.386098][    T1] virtio_blk virtio2: 1/0/0 default/read/poll queues
[    5.386863][    T1] virtio_blk virtio2: [vda] 6313984 512-byte logical blocks (3.23 GB/3.01 GiB)
[    5.393226][    T1]  vda: vda1 vda2
[    5.393701][    T1] virtio_blk virtio3: 1/0/0 default/read/poll queues
[    5.394397][    T1] virtio_blk virtio3: [vdb] 135168 512-byte logical blocks (69.2 MB/66.0 MiB)
[    5.395325][    T1] virtio_blk virtio4: 1/0/0 default/read/poll queues
[    5.396001][    T1] virtio_blk virtio4: [vdc] 33554432 512-byte logical blocks (17.2 GB/16.0 GiB)
[    5.396983][    T1] virtio_blk virtio5: 1/0/0 default/read/poll queues
[    5.397702][    T1] virtio_blk virtio5: [vdd] 36864 512-byte logical blocks (18.9 MB/18.0 MiB)
[    5.399754][    T1]  vdd: vdd1
[    5.400113][    T1] virtio_blk virtio6: 1/0/0 default/read/poll queues
[    5.400843][    T1] virtio_blk virtio6: [vde] 194560 512-byte logical blocks (99.6 MB/95.0 MiB)
[    5.402632][    T1]  vde: vde1
[    5.402959][    T1] init: Loaded kernel module /lib/modules/virtio_blk.ko
[    5.403555][    T1] init: Loading module /lib/modules/virtio_console.ko with args ''
[    5.405014][    T1] init: Loaded kernel module /lib/modules/virtio_console.ko
[    5.405642][    T1] init: Loading module /lib/modules/virtio_pci_modern_dev.ko with args ''
[    5.406981][    T1] init: Loaded kernel module /lib/modules/virtio_pci_modern_dev.ko
[    5.407569][    T1] init: Loading module /lib/modules/virtio_pci_legacy_dev.ko with args ''
[    5.408866][    T1] init: Loaded kernel module /lib/modules/virtio_pci_legacy_dev.ko
[    5.409486][    T1] init: Loading module /lib/modules/virtio_pci.ko with args ''
[    5.410742][    T1] virtio-pci 0000:00:01.0: enabling device (0000 -> 0003)
[    5.411661][    T1] virtio-pci 0000:00:02.0: enabling device (0000 -> 0003)
[    5.416970][    T1] virtio-pci 0000:00:03.0: enabling device (0000 -> 0003)
[    5.422636][    T1] virtio-pci 0000:00:04.0: enabling device (0000 -> 0002)
[    5.423700][    T1] virtio-pci 0000:00:05.0: enabling device (0000 -> 0002)
[    5.424753][    T1] virtio-pci 0000:00:06.0: enabling device (0000 -> 0002)
[    5.425767][    T1] virtio-pci 0000:00:07.0: enabling device (0000 -> 0002)
[    5.426759][    T1] virtio-pci 0000:00:08.0: enabling device (0000 -> 0002)
[    5.427704][    T1] virtio-pci 0000:00:09.0: enabling device (0000 -> 0002)
[    5.428791][    T1] virtio-pci 0000:00:0a.0: enabling device (0000 -> 0002)
[    5.429760][    T1] virtio-pci 0000:00:0c.0: enabling device (0000 -> 0002)
[    5.430773][    T1] virtio-pci 0000:00:0d.0: enabling device (0000 -> 0002)
[    5.431737][    T1] virtio-pci 0000:00:0e.0: enabling device (0000 -> 0002)
[    5.432748][    T1] virtio-pci 0000:00:0f.0: enabling device (0000 -> 0002)
[    5.433808][    T1] virtio-pci 0000:00:10.0: enabling device (0000 -> 0003)
[    5.434508][    T1] virtio-pci 0000:00:10.0: virtio_pci: leaving for legacy driver
[    5.435253][    T1] virtio-pci 0000:00:11.0: enabling device (0000 -> 0003)
[    5.436541][    T1] init: Loaded kernel module /lib/modules/virtio_pci.ko
[    5.437225][    T1] init: Loading module /lib/modules/vmw_vsock_virtio_transport.ko with args ''
[    5.439259][    T1] init: Loaded kernel module /lib/modules/vmw_vsock_virtio_transport.ko
[    5.439989][    T1] init: Loaded 9 modules from /lib/modules
[    5.440506][    T1] init: Loaded 9 kernel modules took 62 ms
[    5.441008][    T1] init: [libfstab] Using Android DT directory /proc/device-tree/firmware/android/
[    5.441753][    T1] init: [libfstab] ReadFstabFromDt(): failed to read fstab from dt
[    5.442513][    T1] init: Failed to read vbmeta partitions.
[    5.444168][    T1] init: [libfs_mgr] superblock s_max_mnt_count:65535,/dev/block/platform/a003c00.virtio_mmio/by-name/metadata
[    5.445121][    T1] init: [libfs_mgr] Filesystem on /dev/block/platform/a003c00.virtio_mmio/by-name/metadata was not cleanly shutdown; state flags: 0x1, incompat feature flags: 0x46
[    5.461861][    T1] EXT4-fs (vdd1): recovery complete
[    5.462608][    T1] EXT4-fs (vdd1): mounted filesystem b08db4c1-cfe5-46f0-b32a-f06729e6a3f2 r/w with ordered data mode. Quota mode: none.
[    5.463623][    T1] init: [libfs_mgr] check_fs(): mount(/dev/block/platform/a003c00.virtio_mmio/by-name/metadata,/metadata,ext4)=0: Success
[    5.465007][    T1] EXT4-fs (vdd1): unmounting filesystem b08db4c1-cfe5-46f0-b32a-f06729e6a3f2.
[    5.466722][    T1] init: [libfs_mgr] umount_retry(): unmount(/metadata) succeeded
[    5.467324][    T1] init: [libfs_mgr] Not running /system/bin/e2fsck on /dev/block/vdd1 (executable not in system image)
[    5.469118][    T1] EXT4-fs (vdd1): mounted filesystem b08db4c1-cfe5-46f0-b32a-f06729e6a3f2 r/w with ordered data mode. Quota mode: none.
[    5.470060][    T1] init: [libfs_mgr] __mount(source=/dev/block/platform/a003c00.virtio_mmio/by-name/metadata,target=/metadata,type=ext4)=0: Success
[    5.471690][    T1] init: Failed to copy /avb into /metadata/gsi/dsu/avb/: No such file or directory
[    5.473468][    T1] init: [libfs_mgr] Created logical partition system on device /dev/block/dm-0
[    5.474313][    T1] init: [libfs_mgr] Created logical partition system_dlkm on device /dev/block/dm-1
[    5.475193][    T1] init: [libfs_mgr] Created logical partition system_ext on device /dev/block/dm-2
[    5.476078][    T1] init: [libfs_mgr] Created logical partition product on device /dev/block/dm-3
[    5.477081][    T1] init: [libfs_mgr] Created logical partition vendor on device /dev/block/dm-4
[    5.477993][    T1] init: DSU not detected, proceeding with normal boot
[    5.478643][    T1] erofs: (device dm-0): erofs_read_superblock: cannot find valid erofs superblock
[    5.479378][    T1] init: [libfs_mgr] __mount(source=/dev/block/dm-0,target=/system,type=erofs)=-1: Invalid argument
[    5.480306][    T1] init: [libfs_mgr] superblock s_max_mnt_count:65535,/dev/block/dm-0
[    5.481555][    T1] EXT4-fs (dm-0): mounted filesystem 7e5d3d0e-b986-5cf9-8f6b-c1292ebbac4e ro without journal. Quota mode: none.
[    5.482492][    T1] init: [libfs_mgr] __mount(source=/dev/block/dm-0,target=/system,type=ext4)=0: Success
[    5.483275][    T1] init: Switching root to '/system'
[    5.484644][    T1] erofs: (device dm-4): erofs_read_superblock: cannot find valid erofs superblock
[    5.485356][    T1] init: [libfs_mgr] __mount(source=/dev/block/dm-4,target=/vendor,type=erofs)=-1: Invalid argument
[    5.486245][    T1] init: [libfs_mgr] superblock s_max_mnt_count:65535,/dev/block/dm-4
[    5.487559][    T1] EXT4-fs (dm-4): mounted filesystem d35a5908-6b35-589c-ae79-43a5eb14f8cb ro without journal. Quota mode: none.
[    5.488480][    T1] init: [libfs_mgr] __mount(source=/dev/block/dm-4,target=/vendor,type=ext4)=0: Success
[    5.489604][    T1] erofs: (device dm-3): erofs_read_superblock: cannot find valid erofs superblock
[    5.490299][    T1] init: [libfs_mgr] __mount(source=/dev/block/dm-3,target=/product,type=erofs)=-1: Invalid argument
[    5.491232][    T1] init: [libfs_mgr] superblock s_max_mnt_count:65535,/dev/block/dm-3
[    5.492514][    T1] EXT4-fs (dm-3): mounted filesystem f27efc7f-705d-5d30-b131-5ab081e05d98 ro without journal. Quota mode: none.
[    5.493433][    T1] init: [libfs_mgr] __mount(source=/dev/block/dm-3,target=/product,type=ext4)=0: Success
[    5.494496][    T1] erofs: (device dm-1): mounted with root inode @ nid 38.
[    5.495045][    T1] init: [libfs_mgr] __mount(source=/dev/block/dm-1,target=/system_dlkm,type=erofs)=0: Success
[    5.496106][    T1] erofs: (device dm-2): erofs_read_superblock: cannot find valid erofs superblock
[    5.496883][    T1] init: [libfs_mgr] __mount(source=/dev/block/dm-2,target=/system_ext,type=erofs)=-1: Invalid argument
[    5.497916][    T1] init: [libfs_mgr] superblock s_max_mnt_count:65535,/dev/block/dm-2
[    5.499135][    T1] EXT4-fs (dm-2): mounted filesystem 5c6cd609-6ecc-5848-83b5-ce37c730a9c9 ro without journal. Quota mode: none.
[    5.500039][    T1] init: [libfs_mgr] __mount(source=/dev/block/dm-2,target=/system_ext,type=ext4)=0: Success
[    5.501903][    T1] init: Skipped setting INIT_AVB_VERSION (not in recovery mode)
[    5.527934][    T1] init: [libfstab] Using Android DT directory /proc/device-tree/firmware/android/
[    5.529797][    T1] init: Opening SELinux policy
[    5.532434][    T1] init: Loading SELinux policy
[    5.535550][    T1] SELinux:  policy capability network_peer_controls=1
[    5.536106][    T1] SELinux:  policy capability open_perms=1
[    5.536610][    T1] SELinux:  policy capability extended_socket_class=1
[    5.537406][    T1] SELinux:  policy capability always_check_network=0
[    5.538176][    T1] SELinux:  policy capability cgroup_seclabel=0
[    5.538924][    T1] SELinux:  policy capability nnp_nosuid_transition=1
[    5.539515][    T1] SELinux:  policy capability genfs_seclabel_symlinks=0
[    5.540051][    T1] SELinux:  policy capability ioctl_skip_cloexec=0
[    5.541434][   T42] audit: type=1403 audit(1781180346.820:2): auid=4294967295 ses=4294967295 lsm=selinux res=1
[    5.542543][   T42] audit: type=1404 audit(1781180346.820:3): enforcing=1 old_enforcing=0 auid=4294967295 ses=4294967295 enabled=1 old-enabled=1 lsm=selinux res=1
[    5.543984][    T1] selinux: SELinux: Loaded file context from:
[    5.544829][    T1] selinux: 		/system/etc/selinux/plat_file_contexts
[    5.545398][    T1] selinux: 		/system_ext/etc/selinux/system_ext_file_contexts
[    5.546015][    T1] selinux: 		/product/etc/selinux/product_file_contexts
[    5.546571][    T1] selinux: 		/vendor/etc/selinux/vendor_file_contexts
[    5.547122][    T1] selinux: 		/odm/etc/selinux/odm_file_contexts
[    5.550333][    T1] init: init second stage started!
[    5.553759][    T1] selinux: SELinux: Loaded file context from:
[    5.554231][    T1] selinux: 		/system/etc/selinux/plat_file_contexts
[    5.554734][    T1] selinux: 		/system_ext/etc/selinux/system_ext_file_contexts
[    5.555316][    T1] selinux: 		/product/etc/selinux/product_file_contexts
[    5.555932][    T1] selinux: 		/vendor/etc/selinux/vendor_file_contexts
[    5.556487][    T1] selinux: 		/odm/etc/selinux/odm_file_contexts
[    5.560479][    T1] init: [libfstab] Using Android DT directory /proc/device-tree/firmware/android/
[    5.561292][    T1] init: Init cannot set 'ro.boot.hardware' to 'ranchu': Read-only property was already set
[    5.562622][    T1] init: Overriding previous property 'ro.cp_system_other_odex':'1' with new value '0'
[    5.563355][    T1] init: Overriding previous property 'ro.adb.secure':'1' with new value '0'
[    5.564449][    T1] init: Overriding previous property 'ro.control_privapp_permissions':'disable' with new value 'enforce'
[    5.565368][    T1] init: Overriding previous property 'ro.kernel.qemu':'0' with new value '1'
[    5.567142][    T1] init: Overriding previous property 'ro.config.notification_sound':'OnTheHunt.ogg' with new value 'pixiedust.ogg'
[    5.568420][    T1] init: Could not set 'ro.boot.hardware' to 'taro' while loading .prop filesRead-only property was already set
[    5.569349][    T1] init: Could not set 'ro.boot.serialno' to 'fuxi123456789' while loading .prop filesRead-only property was already set
[    5.570486][    T1] init: Could not set 'ro.build.host' to 'aosp-builder' while loading .prop filesRead-only property was already set
[    5.571477][    T1] init: Could not set 'ro.build.id' to 'MAIN' while loading .prop filesRead-only property was already set
[    5.572494][    T1] init: Could not set 'ro.build.tags' to 'release-keys' while loading .prop filesRead-only property was already set
[    5.573772][    T1] init: Setting property 'ro.product.cpu.abilist' to 'arm64-v8a'
[    5.574417][    T1] init: Setting property 'ro.product.cpu.abilist32' to ''
[    5.574990][    T1] init: Setting property 'ro.product.cpu.abilist64' to 'arm64-v8a'
[    5.575888][    T1] init: Running restorecon...
[    5.578244][    T1] init: Created socket '/dev/socket/property_service_for_system', mode 660, user 0, group 1000
[    5.579099][    T1] init: Created socket '/dev/socket/property_service', mode 666, user 0, group 0
[    5.580156][    T1] init: [libfs_mgr] vendor overlay: vndk version not defined
[    5.581071][    T1] init: SetupMountNamespaces done
[    5.581813][    T1] init: Forked subcontext for 'u:r:vendor_init:s0' with pid 96
[    5.582805][    T1] init: Parsing file /system/etc/init/hw/init.rc...
[    5.583770][    T1] init: Added '/init.environ.rc' to import list
[    5.584425][    T1] init: Added '/system/etc/init/hw/init.usb.rc' to import list
[    5.585048][    T1] init: Added '/init.taro.rc' to import list
[    5.585573][    T1] init: Added '/vendor/etc/init/hw/init.taro.rc' to import list
[    5.586174][    T1] init: Added '/system/etc/init/hw/init.usb.configfs.rc' to import list
[    5.586823][    T1] init: Added '/system/etc/init/hw/init.zygote64.rc' to import list
[    5.587552][    T1] init: Added '/system/etc/init/hw/init.boringssl.zygote64.rc' to import list
[    5.588456][    T1] init: Parsing file /init.environ.rc...
[    5.589022][    T1] init: Parsing file /system/etc/init/hw/init.usb.rc...
[    5.589744][    T1] init: Parsing file /init.taro.rc...
[    5.590174][    T1] init: Unable to read config file '/init.taro.rc': open() failed: No such file or directory
[    5.591158][    T1] init: Parsing file /vendor/etc/init/hw/init.taro.rc...
[    5.591820][    T1] init: Added '/vendor/etc/init/hw/init.ranchu.rc' to import list
[    5.592464][    T1] init: Parsing file /vendor/etc/init/hw/init.ranchu.rc...
[    5.593338][    T1] init: No user specified for service 'bugreport', so it is root.
[    5.593973][    T1] init: Parsing file /system/etc/init/hw/init.usb.configfs.rc...
[    5.594695][    T1] init: Parsing file /system/etc/init/hw/init.zygote64.rc...
[    5.595535][    T1] init: Parsing file /system/etc/init/hw/init.boringssl.zygote64.rc...
[    5.596246][    T1] init: Parsing directory /system/etc/init...
[    5.596870][    T1] init: Parsing file /system/etc/init/aconfigd.rc...
[    5.597495][    T1] init: Parsing file /system/etc/init/android.system.suspend-service.rc...
[    5.598243][    T1] init: Parsing file /system/etc/init/apexd.rc...
[    5.598826][    T1] init: Parsing file /system/etc/init/atrace.rc...
[    5.599764][    T1] init: Parsing file /system/etc/init/atrace_userdebug.rc...
[    5.600451][    T1] init: Parsing file /system/etc/init/audioserver.rc...
[    5.601178][    T1] init: Parsing file /system/etc/init/blank_screen.rc...
[    5.601827][    T1] init: Parsing file /system/etc/init/bootanim.rc...
[    5.602439][    T1] init: Parsing file /system/etc/init/bootstat-debug.rc...
[    5.603106][    T1] init: Parsing file /system/etc/init/bootstat.rc...
[    5.603728][    T1] init: Parsing file /system/etc/init/cameraserver.rc...
[    5.604408][    T1] init: Parsing file /system/etc/init/clean_scratch_files.rc...
[    5.605101][    T1] init: Parsing file /system/etc/init/cppreopts.rc...
[    5.605871][    T1] init: Parsing file /system/etc/init/credstore.rc...
[    5.606539][    T1] init: Parsing file /system/etc/init/dmesgd.rc...
[    5.607128][    T1] init: Parsing file /system/etc/init/drmserver.rc...
[    5.607742][    T1] init: Parsing file /system/etc/init/dumpstate.rc...
[    5.608411][    T1] init: Parsing file /system/etc/init/flags_health_check.rc...
[    5.609120][    T1] init: Parsing file /system/etc/init/gatekeeperd.rc...
[    5.609769][    T1] init: Parsing file /system/etc/init/gpuservice.rc...
[    5.610429][    T1] init: Parsing file /system/etc/init/gsid.rc...
[    5.611024][    T1] init: Parsing file /system/etc/init/heapprofd.rc...
[    5.611651][    T1] init: Parsing file /system/etc/init/idmap2d.rc...
[    5.612269][    T1] init: Parsing file /system/etc/init/incidentd.rc...
[    5.613001][    T1] init: Parsing file /system/etc/init/init-debug.rc...
[    5.613667][    T1] init: Parsing file /system/etc/init/installd.rc...
[    5.614309][    T1] init: Parsing file /system/etc/init/kcmdlinectrl.rc...
[    5.614947][    T1] init: Parsing file /system/etc/init/keystore2.rc...
[    5.615555][    T1] init: Parsing file /system/etc/init/llkd-debuggable.rc...
[    5.616187][    T1] init: Parsing file /system/etc/init/llkd.rc...
[    5.616836][    T1] init: Parsing file /system/etc/init/lmkd.rc...
[    5.617418][    T1] init: Parsing file /system/etc/init/logcatd.rc...
[    5.618046][    T1] init: Parsing file /system/etc/init/logd.rc...
[    5.618625][    T1] init: Parsing file /system/etc/init/logtagd.rc...
[    5.619241][    T1] init: Parsing file /system/etc/init/lpdumpd.rc...
[    5.619854][    T1] init: Parsing file /system/etc/init/mdnsd.rc...
[    5.620475][    T1] init: Parsing file /system/etc/init/mediaextractor.rc...
[    5.621161][    T1] init: Parsing file /system/etc/init/mediametrics.rc...
[    5.621802][    T1] init: Parsing file /system/etc/init/mediaserver.rc...
[    5.622446][    T1] init: Parsing file /system/etc/init/misctrl.rc...
[    5.623086][    T1] init: Parsing file /system/etc/init/mmd.rc...
[    5.623682][    T1] init: Parsing file /system/etc/init/mtectrl.rc...
[    5.624303][    T1] init: Parsing file /system/etc/init/netbpfload.rc...
[    5.625041][    T1] init: Parsing file /system/etc/init/netd.rc...
[    5.625654][    T1] init: Parsing file /system/etc/init/odsign.rc...
[    5.626261][    T1] init: Parsing file /system/etc/init/otapreopt.rc...
[    5.626861][    T1] init: Parsing file /system/etc/init/perfetto.rc...
[    5.627500][    T1] init: Parsing file /system/etc/init/prefetch.rc...
[    5.628107][    T1] init: Parsing file /system/etc/init/prng_seeder.rc...
[    5.628861][    T1] init: Parsing file /system/etc/init/profcollectd.rc...
[    5.629498][    T1] init: Parsing file /system/etc/init/recovery-persist.rc...
[    5.630203][    T1] init: Parsing file /system/etc/init/recovery-refresh.rc...
[    5.630879][    T1] init: Parsing file /system/etc/init/rss_hwm_reset.rc...
[    5.631553][    T1] init: Parsing file /system/etc/init/servicemanager.rc...
[    5.632219][    T1] init: Parsing file /system/etc/init/simpleperf.rc...
[    5.632931][    T1] init: Parsing file /system/etc/init/snapuserd.rc...
[    5.633547][    T1] init: Parsing file /system/etc/init/storaged.rc...
[    5.634176][    T1] init: Parsing file /system/etc/init/surfaceflinger.rc...
[    5.634811][    T1] init: Parsing file /system/etc/init/tombstoned.rc...
[    5.635435][    T1] init: Parsing file /system/etc/init/traced_perf.rc...
[    5.636062][    T1] init: Parsing file /system/etc/init/tradeinmode.rc...
[    5.636722][    T1] init: Parsing file /system/etc/init/uncrypt.rc...
[    5.637326][    T1] init: Parsing file /system/etc/init/update_engine.rc...
[    5.637958][    T1] init: Parsing file /system/etc/init/update_verifier.rc...
[    5.638657][    T1] init: Parsing file /system/etc/init/usbd.rc...
[    5.639246][    T1] init: Parsing file /system/etc/init/virtual_camera.hal.rc...
[    5.639935][    T1] init: Parsing file /system/etc/init/vold.rc...
[    5.640542][    T1] init: Parsing file /system/etc/init/wifi.rc...
[    5.641168][    T1] init: Parsing file /system/etc/init/wificond.rc...
[    5.641817][    T1] init: Parsing directory /system_ext/etc/init...
[    5.642338][    T1] init: Parsing file /system_ext/etc/init/android.hidl.allocator@1.0-service.rc...
[    5.643131][    T1] init: Parsing file /system_ext/etc/init/hwservicemanager.rc...
[    5.643797][    T1] init: Parsing file /system_ext/etc/init/init.system_ext.radio.rc...
[    5.644686][    T1] init: Parsing file /system_ext/etc/init/init.system_ext.rc...
[    5.645363][    T1] init: Parsing directory /vendor/etc/init...
[    5.645832][    T1] init: Parsing file /vendor/etc/init/android.hardware.audio.service.rc...
[    5.646601][    T1] init: Parsing file /vendor/etc/init/android.hardware.biometrics.fingerprint-service.ranchu.rc...
[    5.647538][    T1] init: Parsing file /vendor/etc/init/android.hardware.camera.provider.ranchu.rc...
[    5.648391][    T1] init: Parsing file /vendor/etc/init/android.hardware.camera.provider@2.7-service-google.rc...
[    5.649313][    T1] init: Parsing file /vendor/etc/init/android.hardware.drm-service-lazy.clearkey.rc...
[    5.650184][    T1] init: Parsing file /vendor/etc/init/android.hardware.gnss-service.ranchu.rc...
[    5.651008][    T1] init: Parsing file /vendor/etc/init/android.hardware.graphics.allocator-service.ranchu.rc...
[    5.651935][    T1] init: Parsing file /vendor/etc/init/android.hardware.health-service.example.rc...
[    5.652765][    T1] init: Parsing file /vendor/etc/init/android.hardware.media.c2@1.0-service-goldfish.rc...
[    5.653606][    T1] init: Parsing file /vendor/etc/init/android.hardware.radio.ranchu.rc...
[    5.654364][    T1] init: Parsing file /vendor/etc/init/android.hardware.security.keymint-service.rc...
[    5.655164][    T1] init: Parsing file /vendor/etc/init/android.hardware.sensors-service-multihal.rc...
[    5.656039][    T1] init: Parsing file /vendor/etc/init/android.hardware.usb-service.example.rc...
[    5.656856][    T1] init: Parsing file /vendor/etc/init/android.hardware.wifi-service.rc...
[    5.657603][    T1] init: Parsing file /vendor/etc/init/bluetooth-service-default.rc...
[    5.658361][    T1] init: Parsing file /vendor/etc/init/boringssl_self_test.rc...
[    5.659047][    T1] init: Added '/vendor/etc/boringssl_self_test.zygote64.rc' to import list
[    5.659720][    T1] init: Parsing file /vendor/etc/boringssl_self_test.zygote64.rc...
[    5.660453][    T1] init: Parsing file /vendor/etc/init/health-storage-default.rc...
[    5.661162][    T1] init: Parsing file /vendor/etc/init/hostapd.android.rc...
[    5.661841][    T1] init: Parsing file /vendor/etc/init/hwc3.rc...
[    5.662453][    T1] init: Parsing file /vendor/etc/init/identity-default.rc...
[    5.663115][    T1] init: Parsing file /vendor/etc/init/lights-default.rc...
[    5.663776][    T1] init: Parsing file /odm/etc/init...
[    5.664214][    T1] init: Unable to read config file '/odm/etc/init': open() failed: No such file or directory
[    5.665058][    T1] init: Parsing file /product/etc/init...
[    5.665565][    T1] init: Unable to read config file '/product/etc/init': open() failed: No such file or directory
[    5.666644][    T1] init: processing action (SetupCgroups) from (<Builtin Action>:0)
[    5.667933][    T1] libprocessgroup: Using system/app isolation under: /sys/fs/cgroup
[    5.670555][    T1] init: processing action (SetKptrRestrict) from (<Builtin Action>:0)
[    5.671226][    T1] init: processing action (TestPerfEventSelinux) from (<Builtin Action>:0)
[    5.672047][    T1] init: processing action (early-init) from (/system/etc/init/hw/init.rc:15)
[    5.673244][    T1] init: starting service 'ueventd'...
[    5.674887][    T1] libprocessgroup: A JoinCgroup action in the SystemMemoryProcess profile is used for controller memory in the cgroup v2 hierarchy and will be ignored
[    5.676540][    T1] init: ... started service 'ueventd' has pid 97
[    5.677324][    T1] init: starting service 'apexd-bootstrap'...
[    5.678568][    T1] init: ... started service 'apexd-bootstrap' has pid 99
[    5.678814][   T97] ueventd: ueventd started!
[    5.679298][    T1] init: SVC_EXEC service 'apexd-bootstrap' pid 99 (uid 0 gid 1000+0 context default) started; waiting...
[    5.680230][   T97] selinux: SELinux: Loaded file context from:
[    5.682262][   T97] selinux: 		/system/etc/selinux/plat_file_contexts
[    5.683128][   T97] selinux: 		/system_ext/etc/selinux/system_ext_file_contexts
[    5.684142][   T97] selinux: 		/product/etc/selinux/product_file_contexts
[    5.684951][   T97] selinux: 		/vendor/etc/selinux/vendor_file_contexts
[    5.685860][   T97] selinux: 		/odm/etc/selinux/odm_file_contexts
[    5.686785][   T97] ueventd: Parsing file /system/etc/ueventd.rc...
[    5.687530][   T97] ueventd: Added '/vendor/etc/ueventd.rc' to import list
[    5.688224][   T97] ueventd: Added '/odm/etc/ueventd.rc' to import list
[    5.689128][   T97] ueventd: Parsing file /vendor/etc/ueventd.rc...
[    5.689990][   T97] ueventd: Parsing file /odm/etc/ueventd.rc...
[    5.690658][   T97] ueventd: Unable to read config file '/odm/etc/ueventd.rc': open() failed: No such file or directory
[    5.693422][   T99] apexd: Started. subcommand = --bootstrap
[    5.694184][   T99] apexd-bootstrap: Scanning /odm/apex for pre-installed ApexFiles
[    5.694818][   T99] apexd-bootstrap: /odm/apex does not exist. Skipping
[    5.695363][   T99] apexd-bootstrap: Scanning /vendor/apex for pre-installed ApexFiles
[    5.696109][   T99] apexd-bootstrap: Found pre-installed APEX /vendor/apex/com.android.hardware.cas.apex
[    5.698032][   T99] apexd-bootstrap: Found pre-installed APEX /vendor/apex/com.android.hardware.thermal.apex
[    5.701109][   T99] apexd-bootstrap: Found pre-installed APEX /vendor/apex/com.android.hardware.uwb.apex
[    5.702546][   T99] apexd-bootstrap: Found pre-installed APEX /vendor/apex/com.android.hardware.dumpstate.apex
[    5.703732][   T97] ueventd: Coldboot took 0.011 seconds
[    5.704624][   T99] apexd-bootstrap: Found pre-installed APEX /vendor/apex/com.android.hardware.power.apex
[    5.705794][   T99] apexd-bootstrap: Found pre-installed APEX /vendor/apex/com.android.hardware.gatekeeper.nonsecure.apex
[    5.707452][   T99] apexd-bootstrap: Found pre-installed APEX /vendor/apex/com.android.hardware.rebootescrow.apex
[    5.708710][   T99] apexd-bootstrap: Found pre-installed APEX /vendor/apex/com.android.hardware.authsecret.apex
[    5.710010][   T99] apexd-bootstrap: Found pre-installed APEX /vendor/apex/com.android.hardware.neuralnetworks.apex
[    5.711427][   T99] apexd-bootstrap: Found pre-installed APEX /vendor/apex/com.android.hardware.threadnetwork-simulation-rcp.apex
[    5.712748][   T99] apexd-bootstrap: Found pre-installed APEX /vendor/apex/com.android.hardware.vibrator.apex
[    5.713913][   T99] apexd-bootstrap: Found pre-installed APEX /vendor/apex/com.android.hardware.contexthub.apex
[    5.715405][   T99] apexd-bootstrap: Scanning /product/apex for pre-installed ApexFiles
[    5.716077][   T99] apexd-bootstrap: /product/apex does not exist. Skipping
[    5.716662][   T99] apexd-bootstrap: Scanning /system_ext/apex for pre-installed ApexFiles
[    5.717384][   T99] apexd-bootstrap: /system_ext/apex does not exist. Skipping
[    5.717960][   T99] apexd-bootstrap: Scanning /system/apex for pre-installed ApexFiles
[    5.718697][   T99] apexd-bootstrap: Found pre-installed APEX /system/apex/com.android.adservices.capex
[    5.720181][   T99] apexd-bootstrap: Found pre-installed APEX /system/apex/com.android.tzdata.apex
[    5.721555][   T99] apexd-bootstrap: Found pre-installed APEX /system/apex/com.android.configinfrastructure.capex
[    5.723183][   T99] apexd-bootstrap: Found pre-installed APEX /system/apex/com.android.conscrypt.capex
[    5.724779][   T99] apexd-bootstrap: Found pre-installed APEX /system/apex/com.android.nfcservices.capex
[    5.726346][   T99] apexd-bootstrap: Found pre-installed APEX /system/apex/com.android.media.swcodec.capex
[    5.727803][   T99] apexd-bootstrap: Found pre-installed APEX /system/apex/com.android.bt.apex
[    5.729198][   T99] apexd-bootstrap: Found pre-installed APEX /system/apex/com.android.ondevicepersonalization.capex
[    5.730806][   T99] apexd-bootstrap: Found pre-installed APEX /system/apex/com.android.tethering.capex
[    5.732212][   T99] apexd-bootstrap: Found pre-installed APEX /system/apex/com.android.crashrecovery.capex
[    5.733887][   T99] apexd-bootstrap: Found pre-installed APEX /system/apex/com.android.ipsec.capex
[    5.735279][   T99] apexd-bootstrap: Found pre-installed APEX /system/apex/com.android.virt.apex
[    5.736487][   T99] apexd-bootstrap: Found pre-installed APEX /system/apex/com.android.permission.capex
[    5.738022][   T99] apexd-bootstrap: Found pre-installed APEX /system/apex/com.android.runtime.apex
[    5.739224][   T99] apexd-bootstrap: Found pre-installed APEX /system/apex/com.android.adbd.capex
[    5.740814][   T99] apexd-bootstrap: Found pre-installed APEX /system/apex/com.android.uprobestats.capex
[    5.742439][   T99] apexd-bootstrap: Found pre-installed APEX /system/apex/com.android.art.capex
[    5.743937][   T99] apexd-bootstrap: Found pre-installed APEX /system/apex/com.android.extservices.capex
[    5.745557][   T99] apexd-bootstrap: Found pre-installed APEX /system/apex/com.android.media.capex
[    5.746994][   T99] apexd-bootstrap: Found pre-installed APEX /system/apex/com.android.sdkext.apex
[    5.748182][   T99] apexd-bootstrap: Found pre-installed APEX /system/apex/com.android.wifi.capex
[    5.749871][   T99] apexd-bootstrap: Found pre-installed APEX /system/apex/com.android.appsearch.capex
[    5.751313][   T99] apexd-bootstrap: Found pre-installed APEX /system/apex/com.android.os.statsd.apex
[    5.752636][   T99] apexd-bootstrap: Found pre-installed APEX /system/apex/com.android.scheduling.capex
[    5.754124][   T99] apexd-bootstrap: Found pre-installed APEX /system/apex/com.android.mediaprovider.capex
[    5.755587][   T99] apexd-bootstrap: Found pre-installed APEX /system/apex/com.android.uwb.capex
[    5.756984][   T99] apexd-bootstrap: Found pre-installed APEX /system/apex/com.android.profiling.capex
[    5.758450][   T99] apexd-bootstrap: Found pre-installed APEX /system/apex/com.android.rkpd.apex
[    5.759637][   T99] apexd-bootstrap: Found pre-installed APEX /system/apex/com.android.cellbroadcast.capex
[    5.761211][   T99] apexd-bootstrap: Found pre-installed APEX /system/apex/com.android.devicelock.apex
[    5.762477][   T99] apexd-bootstrap: Found pre-installed APEX /system/apex/com.android.i18n.apex
[    5.763817][   T99] apexd-bootstrap: Found pre-installed APEX /system/apex/com.android.apex.cts.shim.apex
[    5.765149][   T99] apexd-bootstrap: Found pre-installed APEX /system/apex/com.android.resolv.capex
[    5.766705][   T99] apexd-bootstrap: Found pre-installed APEX /system/apex/com.android.neuralnetworks.capex
[    5.768223][   T99] apexd-bootstrap: Found bootstrap APEX /system/apex/com.android.i18n.apex
[    5.768896][   T99] apexd-bootstrap: Found bootstrap APEX /system/apex/com.android.runtime.apex
[    5.769653][   T99] apexd-bootstrap: Found bootstrap APEX /system/apex/com.android.virt.apex
[    5.770350][   T99] apexd-bootstrap: Found bootstrap APEX /system/apex/com.android.tzdata.apex
[    5.771047][   T99] apexd-bootstrap: Found bootstrap APEX /vendor/apex/com.android.hardware.gatekeeper.nonsecure.apex
[    5.771917][   T99] apexd-bootstrap: Need to pre-allocate 51 loop devices for 46 APEX packages
[    5.775893][   T99] apexd-bootstrap: Found 16 idle loopback devices that were pre-allocated by kernel. Allocated 35 more.
[    5.783397][  T151] loop0: detected capacity change from 0 to 73248
[    5.784271][  T152] loop1: detected capacity change from 0 to 15792
[    5.785085][  T153] loop2: detected capacity change from 0 to 1928
[    5.785767][  T154] loop3: detected capacity change from 0 to 1672
[    5.786442][  T155] loop4: detected capacity change from 0 to 8368
[    5.810341][  T153] EXT4-fs (loop2): mounted filesystem 7d1522e1-9dfa-5edb-a43e-98e3a4d20250 ro without journal. Quota mode: none.
[    5.811962][  T153] apexd-bootstrap: Successfully mounted package /system/apex/com.android.virt.apex on /apex/com.android.virt@3 duration=28
[    5.811984][  T152] EXT4-fs (loop1): mounted filesystem 7d1522e1-9dfa-5edb-a43e-98e3a4d20250 ro without journal. Quota mode: none.
[    5.812002][  T154] EXT4-fs (loop3): mounted filesystem 7d1522e1-9dfa-5edb-a43e-98e3a4d20250 ro without journal. Quota mode: none.
[    5.812012][  T154] apexd-bootstrap: Successfully mounted package /system/apex/com.android.tzdata.apex on /apex/com.android.tzdata@361099999 duration=28
[    5.812015][  T151] EXT4-fs (loop0): mounted filesystem 7d1522e1-9dfa-5edb-a43e-98e3a4d20250 ro without journal. Quota mode: none.
[    5.812029][  T151] apexd-bootstrap: Successfully mounted package /system/apex/com.android.i18n.apex on /apex/com.android.i18n@1 duration=28
[    5.813256][  T155] EXT4-fs (loop4): mounted filesystem 7d1522e1-9dfa-5edb-a43e-98e3a4d20250 ro without journal. Quota mode: none.
[    5.814775][  T152] apexd-bootstrap: Successfully mounted package /system/apex/com.android.runtime.apex on /apex/com.android.runtime@1 duration=31
[    5.815793][  T155] apexd-bootstrap: Successfully mounted package /vendor/apex/com.android.hardware.gatekeeper.nonsecure.apex on /apex/com.android.hardware.gatekeeper@1 duration=32
[    5.823297][   T99] apexd-bootstrap: Activated 5 packages.
[    5.824421][   T99] SELinux: SELinux: Loaded file context from:
[    5.825025][   T99] SELinux: 		/system/etc/selinux/plat_file_contexts
[    5.825573][   T99] SELinux: 		/system_ext/etc/selinux/system_ext_file_contexts
[    5.826194][   T99] SELinux: 		/product/etc/selinux/product_file_contexts
[    5.826755][   T99] SELinux: 		/vendor/etc/selinux/vendor_file_contexts
[    5.827308][   T99] SELinux: 		/odm/etc/selinux/odm_file_contexts
[    5.828307][   T99] apexd-bootstrap: OnBootstrap done, duration=134
[    5.829324][    T1] init: Service 'apexd-bootstrap' (pid 99) exited with status 0 waiting took 0.151000 seconds
[    5.830132][    T1] init: Sending signal 9 to service 'apexd-bootstrap' (pid 99) process group...
[    5.830894][    T1] libprocessgroup: Removed cgroup /sys/fs/cgroup/system/uid_0/pid_99
[    5.833275][    T1] init: Parsing file /apex/com.android.hardware.gatekeeper/etc/android.hardware.gatekeeper-service.nonsecure.rc...
[    5.841936][    T1] init: linkerconfig generated /linkerconfig with mounted APEX modules info
[    5.842953][    T1] init: processing action (early-init) from (/init.environ.rc:2)
[    5.843573][    T1] init: processing action (early-init) from (/vendor/etc/init/hw/init.ranchu.rc:11)
[    5.844634][    T1] init: Command 'setprop ro.config.low_ram ${ro.boot.config.low_ram}' action=early-init (/vendor/etc/init/hw/init.ranchu.rc:15) took 0ms and failed: property 'ro.boot.config.low_ram' doesn't exist while expanding '${ro.boot.config.low_ram}'
[    5.847212][    T1] init: Command 'setprop dalvik.vm.checkjni ${ro.boot.dalvik.vm.checkjni}' action=early-init (/vendor/etc/init/hw/init.ranchu.rc:21) took 0ms and failed: property 'ro.boot.dalvik.vm.checkjni' doesn't exist while expanding '${ro.boot.dalvik.vm.checkjni}'
[    5.849549][    T1] init: Command 'setprop debug.stagefright.ccodec ${ro.boot.debug.stagefright.ccodec}' action=early-init (/vendor/etc/init/hw/init.ranchu.rc:31) took 0ms and failed: property 'ro.boot.debug.stagefright.ccodec' doesn't exist while expanding '${ro.boot.debug.stagefright.ccodec}'
[    5.851707][    T1] init: Command 'setprop debug.sf.nobootanimation ${ro.boot.debug.sf.nobootanimation}' action=early-init (/vendor/etc/init/hw/init.ranchu.rc:32) took 0ms and failed: property 'ro.boot.debug.sf.nobootanimation' doesn't exist while expanding '${ro.boot.debug.sf.nobootanimation}'
[    5.854017][    T1] init: Command 'setprop debug.angle.feature_overrides_enabled ${ro.boot.hardware.angle_feature_overrides_enabled}' action=early-init (/vendor/etc/init/hw/init.ranchu.rc:33) took 0ms and failed: property 'ro.boot.hardware.angle_feature_overrides_enabled' doesn't exist while expanding '${ro.boot.hardware.angle_feature_overrides_enabled}'
[    5.856626][    T1] init: Command 'setprop debug.angle.feature_overrides_disabled ${ro.boot.hardware.angle_feature_overrides_disabled}' action=early-init (/vendor/etc/init/hw/init.ranchu.rc:34) took 0ms and failed: property 'ro.boot.hardware.angle_feature_overrides_disabled' doesn't exist while expanding '${ro.boot.hardware.angle_feature_overrides_disabled}'
[    5.859575][    T1] init: starting service 'vendor.dlkm_loader'...
[    5.861003][    T1] init: ... started service 'vendor.dlkm_loader' has pid 162
[    5.861920][    T1] init: starting service 'exec 1 (/system/bin/modprobe -a -d /system/lib/modules zram.ko)'...
[    5.863497][    T1] init: ... started service 'exec 1 (/system/bin/modprobe -a -d /system/lib/modules zram.ko)' has pid 163
[    5.865022][    T1] init: SVC_EXEC service 'exec 1 (/system/bin/modprobe -a -d /system/lib/modules zram.ko)' pid 163 (uid 0 gid 0+0 context u:r:modprobe:s0) started; waiting...
[    5.866101][  T162] dlkm_loader: dlkm loader successfully initialized
[    5.868792][  T162] dlkm_loader: Loading module /vendor/lib/modules/ambakmi.ko with args ''
[    5.870500][  T162] dlkm_loader: Loaded kernel module /vendor/lib/modules/ambakmi.ko
[    5.871480][  T162] dlkm_loader: Loading module /vendor/lib/modules/armmmci.ko with args ''
[    5.872480][  T163] zram: Added device: zram0
[    5.873410][  T162] dlkm_loader: Loaded kernel module /vendor/lib/modules/armmmci.ko
[    5.873541][    T1] init: Service 'exec 1 (/system/bin/modprobe -a -d /system/lib/modules zram.ko)' (pid 163) exited with status 0 waiting took 0.010000 seconds
[    5.875467][    T1] init: Sending signal 9 to service 'exec 1 (/system/bin/modprobe -a -d /system/lib/modules zram.ko)' (pid 163) process group...
[    5.875538][  T162] dlkm_loader: Loading module /system/lib/modules/rfkill.ko with args ''
[    5.876729][    T1] libprocessgroup: Removed cgroup /sys/fs/cgroup/system/uid_0/pid_163
[    5.878136][    T1] init: processing action (ro.product.debugfs_restrictions.enabled=true && early-init) from (/system/etc/init/init-debug.rc:10)
[    5.879752][    T1] init: processing action (early-init) from (/system/etc/init/prng_seeder.rc:5)
[    5.879816][  T162] dlkm_loader: Loaded kernel module /system/lib/modules/rfkill.ko
[    5.880781][    T1] init: starting service 'prng_seeder'...
[    5.881858][  T162] dlkm_loader: Loading module /system/lib/modules/bluetooth.ko with args ''
[    5.881878][    T1] init: Created socket '/dev/socket/prng_seeder', mode 666, user 1092, group 1092
[    5.884628][    T1] init: ... started service 'prng_seeder' has pid 164
[    5.885522][    T1] init: processing action (ro.product.cpu.abilist64=* && early-init) from (/vendor/etc/boringssl_self_test.zygote64.rc:1)
[    5.886850][    T1] init: starting service 'boringssl_self_test64_vendor'...
[    5.886985][  T162] Bluetooth: Core ver 2.22
[    5.888185][    T1] init: ... started service 'boringssl_self_test64_vendor' has pid 165
[    5.888268][  T162] NET: Registered PF_BLUETOOTH protocol family
[    5.889533][    T1] init: SVC_EXEC service 'boringssl_self_test64_vendor' pid 165 (uid 0 gid 0+0 context default) started; waiting...
[    5.890671][  T162] Bluetooth: HCI device and connection manager initialized
[    5.893747][  T162] Bluetooth: HCI socket layer initialized
[    5.894726][  T162] Bluetooth: L2CAP socket layer initialized
[    5.895467][  T162] Bluetooth: SCO socket layer initialized
[    5.897450][  T162] dlkm_loader: Loaded kernel module /system/lib/modules/bluetooth.ko
[    5.901783][    T1] init: Service 'boringssl_self_test64_vendor' (pid 165) exited with status 0 waiting took 0.014000 seconds
[    5.901799][  T162] dlkm_loader: Loading module /vendor/lib/modules/btintel.ko with args ''
[    5.902795][    T1] init: Sending signal 9 to service 'boringssl_self_test64_vendor' (pid 165) process group...
[    5.905059][    T1] libprocessgroup: Removed cgroup /sys/fs/cgroup/system/uid_0/pid_165
[    5.906220][    T1] init: processing action (ConnectEarlyStageSnapuserd) from (<Builtin Action>:0)
[    5.907498][    T1] init: processing action (wait_for_coldboot_done) from (<Builtin Action>:0)
[    5.907628][  T162] dlkm_loader: Loaded kernel module /vendor/lib/modules/btintel.ko
[    5.909332][    T1] init: start_waiting_for_property("ro.cold_boot_done", "true"): already set
[    5.909359][  T162] dlkm_loader: Loading module /vendor/lib/modules/btrtl.ko with args ''
[    5.910281][    T1] init: processing action (SetMmapRndBits) from (<Builtin Action>:0)
[    5.911933][    T1] init: processing action (KeychordInit) from (<Builtin Action>:0)
[    5.913153][    T1] init: EVIOCSMASK not supported: Invalid argument
[    5.914006][    T1] init: processing action (init) from (/system/etc/init/hw/init.rc:103)
[    5.914054][  T162] dlkm_loader: Loaded kernel module /vendor/lib/modules/btrtl.ko
[    5.915890][  T162] dlkm_loader: Loading module /system/lib/modules/btbcm.ko with args ''
[    5.916218][    T1] init: Command 'write /dev/blkio/blkio.weight 1000' action=init (/system/etc/init/hw/init.rc:204) took 0ms and failed: Unable to write to file '/dev/blkio/blkio.weight': open() failed: Permission denied
[    5.918650][    T1] init: Command 'write /dev/blkio/background/blkio.weight 200' action=init (/system/etc/init/hw/init.rc:205) took 0ms and failed: Unable to write to file '/dev/blkio/background/blkio.weight': open() failed: Permission denied
[    5.920945][    T1] init: Command 'write /dev/blkio/blkio.group_idle 0' action=init (/system/etc/init/hw/init.rc:207) took 0ms and failed: Unable to write to file '/dev/blkio/blkio.group_idle': open() failed: Permission denied
[    5.920994][  T162] dlkm_loader: Loaded kernel module /system/lib/modules/btbcm.ko
[    5.922795][    T1] init: Command 'write /dev/blkio/background/blkio.group_idle 0' action=init (/system/etc/init/hw/init.rc:208) took 0ms and failed: Unable to write to file '/dev/blkio/background/blkio.group_idle': open() failed: Permission denied
[    5.923486][  T162] dlkm_loader: Loading module /vendor/lib/modules/btusb.ko with args ''
[    5.926764][  T162] usbcore: registered new interface driver btusb
[    5.927754][  T162] dlkm_loader: Loaded kernel module /vendor/lib/modules/btusb.ko
[    5.928895][  T162] dlkm_loader: Loading module /vendor/lib/modules/cfg80211.ko with args ''
[    5.929852][    T1] init: Command 'write /dev/cpu_variant:${ro.bionic.2nd_arch} ${ro.bionic.2nd_cpu_variant}' action=init (/system/etc/init/hw/init.rc:423) took 0ms and failed: property 'ro.bionic.2nd_arch' doesn't exist while expanding '/dev/cpu_variant:${ro.bionic.2nd_arch}'
[    5.933414][    T1] init: Command 'chmod 0444 /dev/cpu_variant:${ro.bionic.2nd_arch}' action=init (/system/etc/init/hw/init.rc:424) took 0ms and failed: property 'ro.bionic.2nd_arch' doesn't exist while expanding '/dev/cpu_variant:${ro.bionic.2nd_arch}'
[    5.936154][    T1] init: starting service 'logd'...
[    5.936823][    T1] init: Created socket '/dev/socket/logd', mode 666, user 1036, group 1036
[    5.937721][  T162] cfg80211: Loading compiled-in X.509 certificates for regulatory database
[    5.937736][    T1] init: Created socket '/dev/socket/logdr', mode 666, user 1036, group 1036
[    5.938478][  T162] Loaded X.509 cert 'sforshee: 00b28ddf47aef9cea7'
[    5.939152][    T1] init: Created socket '/dev/socket/logdw', mode 222, user 1036, group 1036
[    5.939707][  T162] Loaded X.509 cert 'wens: 61c038651aabdcf94bd0ac7ff06c7248db18c600'
[    5.941290][   T43] platform regulatory.0: Direct firmware load for regulatory.db failed with error -2
[    5.941534][    T1] init: ... started service 'logd' has pid 166
[    5.941858][  T162] dlkm_loader: Loaded kernel module /vendor/lib/modules/cfg80211.ko
[    5.941898][  T162] dlkm_loader: Loading module /vendor/lib/modules/vexpress-config.ko with args ''
[    5.942533][   T43] cfg80211: failed to load regulatory.db
[    5.943374][    T1] init: starting service 'lmkd'...
[    5.946410][    T1] init: Created socket '/dev/socket/lmkd', mode 660, user 1000, group 1000
[    5.946460][  T162] dlkm_loader: Loaded kernel module /vendor/lib/modules/vexpress-config.ko
[    5.948136][    T1] init: ... started service 'lmkd' has pid 168
[    5.948597][  T162] dlkm_loader: Loading module /vendor/lib/modules/clk-vexpress-osc.ko with args ''
[    5.949163][    T1] init: starting service 'servicemanager'...
[    5.949877][  T166] logd: libprocessgroup: A JoinCgroup action in the SystemMemoryProcess profile is used for controller memory in the cgroup v2 hierarchy and will be ignored
[    5.951230][  T166] logd.auditd: start
[    5.953167][    T1] init: ... started service 'servicemanager' has pid 172
[    5.953353][  T162] dlkm_loader: Loaded kernel module /vendor/lib/modules/clk-vexpress-osc.ko
[    5.954715][    T1] init: starting service 'hwservicemanager'...
[    5.955670][  T162] dlkm_loader: Loading module /vendor/lib/modules/drm_dma_helper.ko with args ''
[    5.956536][  T166] logd: Loaded bug_map file: /system_ext/etc/selinux/bug_map
[    5.957122][    T1] init: ... started service 'hwservicemanager' has pid 173
[    5.957131][    T1] init: Command 'start vndservicemanager' action=init (/system/etc/init/hw/init.rc:449) took 0ms and failed: service vndservicemanager not found
[    5.957642][    T1] init: processing action (init) from (/system/etc/init/hw/init.usb.rc:28)
[    5.959134][  T166] logd: Loaded bug_map file: /vendor/etc/selinux/selinux_denial_metadata
[    5.959365][    T1] init: processing action (init) from (/vendor/etc/init/hw/init.ranchu.rc:40)
[    5.961886][  T166] logd: Loaded bug_map file: /system/etc/selinux/bug_map
[    5.962059][  T172] servicemanager: Starting sm instance on /dev/binder
[    5.962640][  T162] dlkm_loader: Loaded kernel module /vendor/lib/modules/drm_dma_helper.ko
[    5.963908][    T1] init: starting service 'qemu-props'...
[    5.965825][    T1] init: ... started service 'qemu-props' has pid 179
[    5.965961][  T162] dlkm_loader: Loading module /vendor/lib/modules/dummy-cpufreq.ko with args ''
[    5.967734][    T1] init: processing action (ro.product.cpu.abilist64=* && init) from (/system/etc/init/hw/init.boringssl.zygote64.rc:1)
[    5.971072][    T1] init: starting service 'boringssl_self_test64'...
[    5.972666][  T162] dlkm_loader: Loaded kernel module /vendor/lib/modules/dummy-cpufreq.ko
[    5.972887][    T1] init: ... started service 'boringssl_self_test64' has pid 184
[    5.974003][  T162] dlkm_loader: Loading module /vendor/lib/modules/dummy_hcd.ko with args ''
[    5.974766][    T1] init: SVC_EXEC service 'boringssl_self_test64' pid 184 (uid 9999 gid 0+0 context default) started; waiting...
[    5.977817][  T162] dummy_hcd dummy_hcd.0: USB Host+Gadget Emulator, driver 02 May 2005
[    5.978022][    T1] init: Service 'boringssl_self_test64' (pid 184) exited with status 0 waiting took 0.005000 seconds
[    5.978809][  T162] dummy_hcd dummy_hcd.0: Dummy host controller
[    5.980391][    T1] init: Sending signal 9 to service 'boringssl_self_test64' (pid 184) process group...
[    5.980419][    T1] libprocessgroup: Removed cgroup /sys/fs/cgroup/system/uid_9999/pid_184
[    5.981314][  T162] dummy_hcd dummy_hcd.0: new USB bus registered, assigned bus number 1
[    5.983385][    T1] init: processing action (init) from (/system/etc/init/audioserver.rc:66)
[    5.984305][  T162] usb usb1: New USB device found, idVendor=1d6b, idProduct=0002, bcdDevice= 6.06
[    5.985251][    T1] init: processing action (init) from (/system/etc/init/perfetto.rc:162)
[    5.985942][  T162] usb usb1: New USB device strings: Mfr=3, Product=2, SerialNumber=1
[    5.987415][    T1] init: processing action (late-init) from (/system/etc/init/hw/init.rc:501)
[    5.987760][  T162] usb usb1: Product: Dummy host controller
[    5.988487][    T1] init: processing action (late-init) from (/system/etc/init/atrace.rc:3)
[    5.989280][  T162] usb usb1: Manufacturer: Linux 6.6.66-android15-8-gb66429556fb8-ab13070261-4k dummy_hcd
[    5.991483][  T162] usb usb1: SerialNumber: dummy_hcd.0
[    5.992007][  T162] hub 1-0:1.0: USB hub found
[    5.992155][    T1] init: processing action (ro.boot.fastboot.boottrace= && late-init) from (/system/etc/init/atrace.rc:315)
[    5.992573][  T162] hub 1-0:1.0: 1 port detected
[    5.993647][    T1] init: processing action (queue_property_triggers) from (<Builtin Action>:0)
[    5.994811][  T162] dlkm_loader: Loaded kernel module /vendor/lib/modules/dummy_hcd.ko
[    5.994955][    T1] init: processing action (early-fs) from (/system/etc/init/hw/init.rc:535)
[    5.995605][  T162] dlkm_loader: Loading module /vendor/lib/modules/failover.ko with args ''
[    5.996302][    T1] init: starting service 'vold'...
[    5.998077][  T162] dlkm_loader: Loaded kernel module /vendor/lib/modules/failover.ko
[    5.998899][  T162] dlkm_loader: Loading module /vendor/lib/modules/goldfish_address_space.ko with args ''
[    5.999629][    T1] init: ... started service 'vold' has pid 187
[    6.000480][  T162] goldfish_address_space: loading out-of-tree module taints kernel.
[    6.001067][    T1] init: processing action (early-fs) from (/vendor/etc/init/hw/init.ranchu.rc:1)
[    6.003456][    T1] init: service 'vold' requested start, but it is already running (flags: 2052)
[    6.004901][  T162] goldfish_address_space 0000:00:0b.0: enabling device (0000 -> 0002)
[    6.004926][    T1] init: processing action (fs) from (/vendor/etc/init/hw/init.ranchu.rc:4)
[    6.006670][  T162] dlkm_loader: Loaded kernel module /vendor/lib/modules/goldfish_address_space.ko
[    6.007324][    T1] init: processing action (fs) from (/system/etc/init/logd.rc:29)
[    6.007930][  T162] dlkm_loader: module goldfish_battery is blocklisted
[    6.008609][    T1] init: processing action (fs) from (/system/etc/init/wifi.rc:25)
[    6.009432][  T162] dlkm_loader: LoadWithAliases was unable to load goldfish_battery, tried: goldfish_battery
[    6.010550][    T1] init: processing action (post-fs) from (/system/etc/init/hw/init.rc:539)
[    6.011635][  T162] dlkm_loader: Loading module /vendor/lib/modules/goldfish_pipe.ko with args ''
[    6.012683][    T1] init: starting service 'exec 2 (/system/bin/vdc checkpoint markBootAttempt)'...
[    6.015840][  T162] dlkm_loader: Loaded kernel module /vendor/lib/modules/goldfish_pipe.ko
[    6.015846][    T1] init: ... started service 'exec 2 (/system/bin/vdc checkpoint markBootAttempt)' has pid 189
[    6.016957][  T162] dlkm_loader: Loading module /vendor/lib/modules/goldfish_sync.ko with args ''
[    6.019449][    T1] init: SVC_EXEC service 'exec 2 (/system/bin/vdc checkpoint markBootAttempt)' pid 189 (uid 1000 gid 1000+0 context default) started; waiting...
[    6.021465][  T162] dlkm_loader: Loaded kernel module /vendor/lib/modules/goldfish_sync.ko
[    6.022235][  T162] dlkm_loader: Loading module /system/lib/modules/can-dev.ko with args ''
[    6.022979][  T172] cutils-trace: Error opening trace file: Permission denied (13)
[    6.024910][  T162] CAN device driver interface
[    6.025741][  T162] dlkm_loader: Loaded kernel module /system/lib/modules/can-dev.ko
[    6.026384][  T172] SELinux: SELinux: Loaded service context from:
[    6.026630][  T162] dlkm_loader: Loading module /vendor/lib/modules/gs_usb.ko with args ''
[    6.027155][  T172] SELinux: 		/system/etc/selinux/plat_service_contexts
[    6.028773][  T172] SELinux: 		/system_ext/etc/selinux/system_ext_service_contexts
[    6.029520][  T172] SELinux: 		/product/etc/selinux/product_service_contexts
[    6.030222][  T172] SELinux: 		/vendor/etc/selinux/vendor_service_contexts
[    6.030911][  T172] SELinux: 		/odm/etc/selinux/odm_service_contexts
[    6.031013][  T162] usbcore: registered new interface driver gs_usb
[    6.031753][  T187] vold: Thread Pool max thread count is 0. Cannot cache binder as linkToDeath cannot be implemented. serviceName: vold
[    6.032267][  T162] dlkm_loader: Loaded kernel module /vendor/lib/modules/gs_usb.ko
[    6.033509][  T172] servicemanager: getDeviceHalManifest: Reading VINTF information.
[    6.034180][  T162] dlkm_loader: Loading module /vendor/lib/modules/hci_vhci.ko with args ''
[    6.034871][  T172] servicemanager: Loaded APEX Infos from /bootstrap-apex/apex-info-list.xml
[    6.036767][  T162] dlkm_loader: Loaded kernel module /vendor/lib/modules/hci_vhci.ko
[    6.037162][  T172] servicemanager: Loaded APEX Infos from /bootstrap-apex/apex-info-list.xml
[    6.037521][  T162] dlkm_loader: Loading module /vendor/lib/modules/kfifo_buf.ko with args ''
[    6.038204][  T172] servicemanager: getDeviceHalManifest: Successfully processed VINTF information
[    6.039979][  T172] servicemanager: getFrameworkHalManifest: Reading VINTF information.
[    6.041028][  T162] dlkm_loader: Loaded kernel module /vendor/lib/modules/kfifo_buf.ko
[    6.041295][  T172] servicemanager: Loaded APEX Infos from /bootstrap-apex/apex-info-list.xml
[    6.041878][  T162] dlkm_loader: Loading module /system/lib/modules/libarc4.ko with args ''
[    6.042530][  T172] servicemanager: getFrameworkHalManifest: Successfully processed VINTF information
[    6.044296][  T172] servicemanager: Caller(pid=187,uid=0,sid=u:r:vold:s0) Found android.system.vold.IVold/default in framework VINTF manifest.
[    6.045749][  T172] servicemanager: Caller(pid=187,uid=0,sid=u:r:vold:s0) Found android.system.vold.IVold/default in framework VINTF manifest.
[    6.045802][  T162] dlkm_loader: Loaded kernel module /system/lib/modules/libarc4.ko
[    6.046321][    T1] init: Service 'exec 2 (/system/bin/vdc checkpoint markBootAttempt)' (pid 189) exited with status 0 waiting took 0.030000 seconds
[    6.046324][    T1] init: Sending signal 9 to service 'exec 2 (/system/bin/vdc checkpoint markBootAttempt)' (pid 189) process group...
[    6.046367][    T1] libprocessgroup: Removed cgroup /sys/fs/cgroup/system/uid_1000/pid_189
[    6.047007][    T1] init: Command 'chown system cache /cache' action=post-fs (/system/etc/init/hw/init.rc:555) took 0ms and failed: lchown() failed: Read-only file system
[    6.047012][    T1] init: Command 'chmod 0770 /cache' action=post-fs (/system/etc/init/hw/init.rc:556) took 0ms and failed: fchmodat() failed: Read-only file system
[    6.047076][    T1] selinux: SELinux:  setxattr failed: /cache:  Read-only file system
[    6.047735][  T162] dlkm_loader: Loading module /vendor/lib/modules/mac80211.ko with args ''
[    6.048935][    T1] init: Command 'mkdir /cache/recovery 0770 system cache' action=post-fs (/system/etc/init/hw/init.rc:562) took 0ms and failed: mkdir() failed on /cache/recovery: Read-only file system
[    6.057621][    T1] init: Command 'mkdir /cache/backup_stage 0700 system system' action=post-fs (/system/etc/init/hw/init.rc:565) took 0ms and failed: mkdir() failed on /cache/backup_stage: Read-only file system
[    6.058606][  T162] dlkm_loader: Loaded kernel module /vendor/lib/modules/mac80211.ko
[    6.059486][    T1] init: Command 'mkdir /cache/backup 0700 system system' action=post-fs (/system/etc/init/hw/init.rc:566) took 0ms and failed: mkdir() failed on /cache/backup: Read-only file system
[    6.060151][  T162] dlkm_loader: Loading module /vendor/lib/modules/mac80211_hwsim.ko with args 'radios=0
[    6.061781][    T1] init: Command 'mkdir /cache/lost+found 0770 root root' action=post-fs (/system/etc/init/hw/init.rc:593) took 0ms and failed: mkdir() failed on /cache/lost+found: Read-only file system
[    6.062515][  T162] dlkm_loader: '
[    6.064287][    T1] selinux: SELinux: Skipping restorecon on directory(/metadata)
[    6.065816][  T162] mac80211_hwsim: initializing netlink
[    6.066306][    T1] selinux: SELinux: Skipping restorecon on directory(/metadata/apex)
[    6.067777][  T162] dlkm_loader: Loaded kernel module /vendor/lib/modules/mac80211_hwsim.ko
[    6.067808][  T162] dlkm_loader: Loading module /vendor/lib/modules/mt76.ko with args ''
[    6.068596][    T1] init: processing action (post-fs) from (/system/etc/init/aconfigd.rc:26)
[    6.068757][    T1] init: starting service 'system_aconfigd_platform_init'...
[    6.071525][  T162] dlkm_loader: Loaded kernel module /vendor/lib/modules/mt76.ko
[    6.072237][  T162] dlkm_loader: Loading module /vendor/lib/modules/mt76-usb.ko with args ''
[    6.073490][    T1] init: ... started service 'system_aconfigd_platform_init' has pid 194
[    6.074436][    T1] init: SVC_EXEC service 'system_aconfigd_platform_init' pid 194 (uid 1000 gid 1000+0 context default) started; waiting...
[    6.076265][  T162] dlkm_loader: Loaded kernel module /vendor/lib/modules/mt76-usb.ko
[    6.077425][  T162] dlkm_loader: Loading module /vendor/lib/modules/mt76x02-lib.ko with args ''
[    6.080091][  T162] dlkm_loader: Loaded kernel module /vendor/lib/modules/mt76x02-lib.ko
[    6.081312][  T162] dlkm_loader: Loading module /vendor/lib/modules/mt76x0-common.ko with args ''
[    6.083212][  T162] dlkm_loader: Loaded kernel module /vendor/lib/modules/mt76x0-common.ko
[    6.084391][  T162] dlkm_loader: Loading module /vendor/lib/modules/mt76x02-usb.ko with args ''
[    6.086269][  T162] dlkm_loader: Loaded kernel module /vendor/lib/modules/mt76x02-usb.ko
[    6.087360][  T162] dlkm_loader: Loading module /vendor/lib/modules/mt76x0u.ko with args ''
[    6.089026][  T162] usbcore: registered new interface driver mt76x0u
[    6.089900][  T162] dlkm_loader: Loaded kernel module /vendor/lib/modules/mt76x0u.ko
[    6.091070][  T162] dlkm_loader: Loading module /vendor/lib/modules/mt76x2-common.ko with args ''
[    6.092903][  T162] dlkm_loader: Loaded kernel module /vendor/lib/modules/mt76x2-common.ko
[    6.093832][  T162] dlkm_loader: Loading module /vendor/lib/modules/mt76x2u.ko with args ''
[    6.095777][  T162] usbcore: registered new interface driver mt76x2u
[    6.096840][  T162] dlkm_loader: Loaded kernel module /vendor/lib/modules/mt76x2u.ko
[    6.097956][  T162] dlkm_loader: Loading module /vendor/lib/modules/nd_virtio.ko with args ''
[    6.099815][  T162] dlkm_loader: Loaded kernel module /vendor/lib/modules/nd_virtio.ko
[    6.101147][  T162] dlkm_loader: Loading module /vendor/lib/modules/net_failover.ko with args ''
[    6.103311][  T162] dlkm_loader: Loaded kernel module /vendor/lib/modules/net_failover.ko
[    6.104769][  T162] dlkm_loader: Loading module /vendor/lib/modules/pl111_drm.ko with args ''
[    6.105773][    T1] init: Service 'system_aconfigd_platform_init' (pid 194) exited with status 0 waiting took 0.034000 seconds
[    6.107436][    T1] init: Sending signal 9 to service 'system_aconfigd_platform_init' (pid 194) process group...
[    6.107546][  T162] dlkm_loader: Loaded kernel module /vendor/lib/modules/pl111_drm.ko
[    6.108527][    T1] libprocessgroup: Removed cgroup /sys/fs/cgroup/system/uid_1000/pid_194
[    6.109219][  T162] dlkm_loader: Loading module /vendor/lib/modules/psmouse.ko with args ''
[    6.110285][    T1] init: processing action (post-fs) from (/system/etc/init/atrace_userdebug.rc:7)
[    6.112310][    T1] init: processing action (post-fs) from (/system/etc/init/gsid.rc:8)
[    6.112525][  T162] dlkm_loader: Loaded kernel module /vendor/lib/modules/psmouse.ko
[    6.113246][    T1] init: processing action (post-fs) from (/system/etc/init/recovery-refresh.rc:1)
[    6.113954][  T162] dlkm_loader: Loading module /vendor/lib/modules/pulse8-cec.ko with args ''
[    6.114786][    T1] init: starting service 'exec 3 (/system/bin/recovery-refresh)'...
[    6.116806][  T162] dlkm_loader: Loaded kernel module /vendor/lib/modules/pulse8-cec.ko
[    6.117613][  T162] dlkm_loader: Loading module /vendor/lib/modules/rtc-test.ko with args ''
[    6.117787][    T1] init: ... started service 'exec 3 (/system/bin/recovery-refresh)' has pid 195
[    6.119856][    T1] init: processing action (late-fs) from (/system/etc/init/hw/init.rc:617)
[    6.120044][  T162] rtc-test rtc-test.0: registered as rtc1
[    6.120784][    T1] init: Service 'exec 3 (/system/bin/recovery-refresh)' (pid 195) exited with status 254 oneshot service took 0.003000 seconds in background
[    6.121465][  T162] rtc-test rtc-test.1: registered as rtc2
[    6.122560][    T1] init: Sending signal 9 to service 'exec 3 (/system/bin/recovery-refresh)' (pid 195) process group...
[    6.123068][  T162] rtc-test rtc-test.2: registered as rtc3
[    6.124047][    T1] libprocessgroup: Removed cgroup /sys/fs/cgroup/system/uid_1000/pid_195
[    6.124709][  T162] dlkm_loader: Loaded kernel module /vendor/lib/modules/rtc-test.ko
[    6.125820][    T1] init: starting service 'system_suspend'...
[    6.126234][  T162] dlkm_loader: Loading module /vendor/lib/modules/scmi_iio.ko with args ''
[    6.127235][    T1] init: ... started service 'system_suspend' has pid 196
[    6.128857][    T1] init: starting service 'keystore2'...
[    6.129548][  T162] dlkm_loader: Loaded kernel module /vendor/lib/modules/scmi_iio.ko
[    6.130212][    T1] init: ... started service 'keystore2' has pid 197
[    6.130599][  T162] dlkm_loader: module snd_aloop is blocklisted
[    6.131987][  T172] servicemanager: Caller(pid=196,uid=1000,sid=u:r:system_suspend:s0) Found android.system.suspend.ISystemSuspend/default in framework VINTF manifest.
[    6.132009][    T1] init: starting service 'vendor.keymint-default'...
[    6.132499][    T1] init: ... started service 'vendor.keymint-default' has pid 200
[    6.132507][  T162] dlkm_loader: LoadWithAliases was unable to load snd_aloop, tried: snd_aloop
[    6.132525][  T162] dlkm_loader: Loading module /vendor/lib/modules/system_heap.ko with args ''
[    6.133348][    T1] init: starting service 'vendor.gatekeeper_nonsecure'...
[    6.137494][  T162] dlkm_loader: Loaded kernel module /vendor/lib/modules/system_heap.ko
[    6.139030][    T1] init: ... started service 'vendor.gatekeeper_nonsecure' has pid 201
[    6.140012][  T162] dlkm_loader: Loading module /vendor/lib/modules/usbip-core.ko with args ''
[    6.140973][    T1] init: processing action (late-fs) from (/system/etc/init/hw/init.rc:631)
[    6.146001][    T1] init: processing action (late-fs) from (/vendor/etc/init/hw/init.ranchu.rc:7)
[    6.147698][  T162] dlkm_loader: Loaded kernel module /vendor/lib/modules/usbip-core.ko
[    6.148865][    T1] init: [libfs_mgr] Invalid ext4 superblock on '/dev/block/vdc'
[    6.150009][    T1] init: [libfs_mgr] mount_with_alternatives(): skipping mount due to invalid magic, mountpoint=/data blk_dev=/dev/block/vdc rec[10].fs_type=ext4
[    6.150011][  T162] dlkm_loader: Loading module /vendor/lib/modules/v4l2loopback.ko with args ''
[    6.152969][    T1] init: Calling: /system/bin/vdc cryptfs mountFstab /dev/block/vdc /data false 
[    6.156455][  T162] v4l2loopback driver version 0.12.7 loaded
[    6.157385][  T162] dlkm_loader: Loaded kernel module /vendor/lib/modules/v4l2loopback.ko
[    6.158775][  T203] vdc: Thread Pool max thread count is 0. Cannot cache binder as linkToDeath cannot be implemented. serviceName: vold
[    6.158901][  T162] dlkm_loader: Loading module /vendor/lib/modules/vexpress-sysreg.ko with args ''
[    6.162613][  T162] dlkm_loader: Loaded kernel module /vendor/lib/modules/vexpress-sysreg.ko
[    6.163950][  T172] servicemanager: Caller(pid=187,uid=0,sid=u:r:vold:s0) Since 'android.system.keystore2.IKeystoreService/default' could not be found trying to start it as a lazy AIDL service. (if it's not configured to be a lazy service, it may be stuck starting or still starting).
[    6.164277][  T162] dlkm_loader: Loading module /vendor/lib/modules/vhci-hcd.ko with args ''
[    6.166984][  T172] servicemanager: Caller(pid=200,uid=9999,sid=u:r:hal_keymint_default:s0) Found android.hardware.security.keymint.IKeyMintDevice/default in device VINTF manifest.
[    6.169897][  T172] servicemanager: Caller(pid=200,uid=9999,sid=u:r:hal_keymint_default:s0) Found android.hardware.security.secureclock.ISecureClock/default in device VINTF manifest.
[    6.170027][  T162] vhci_hcd vhci_hcd.0: USB/IP Virtual Host Controller
[    6.171527][  T172] servicemanager: Caller(pid=200,uid=9999,sid=u:r:hal_keymint_default:s0) Found android.hardware.security.sharedsecret.ISharedSecret/default in device VINTF manifest.
[    6.172077][  T162] vhci_hcd vhci_hcd.0: new USB bus registered, assigned bus number 2
[    6.172082][  T162] vhci_hcd: created sysfs vhci_hcd.0
[    6.172096][  T162] usb usb2: New USB device found, idVendor=1d6b, idProduct=0002, bcdDevice= 6.06
[    6.172097][  T162] usb usb2: New USB device strings: Mfr=3, Product=2, SerialNumber=1
[    6.172098][  T162] usb usb2: Product: USB/IP Virtual Host Controller
[    6.172098][  T162] usb usb2: Manufacturer: Linux 6.6.66-android15-8-gb66429556fb8-ab13070261-4k vhci_hcd
[    6.172099][  T162] usb usb2: SerialNumber: vhci_hcd.0
[    6.172163][  T162] hub 2-0:1.0: USB hub found
[    6.174415][  T172] servicemanager: Caller(pid=200,uid=9999,sid=u:r:hal_keymint_default:s0) Found android.hardware.security.keymint.IRemotelyProvisionedComponent/default in device VINTF manifest.
[    6.174881][  T162] hub 2-0:1.0: 8 ports detected
[    6.179721][  T172] servicemanager: Caller(pid=201,uid=1000,sid=u:r:hal_gatekeeper_default:s0) Found android.hardware.security.sharedsecret.ISharedSecret/gatekeeper in device VINTF manifest.
[    6.181344][  T162] vhci_hcd vhci_hcd.0: USB/IP Virtual Host Controller
[    6.182589][  T172] servicemanager: Caller(pid=201,uid=1000,sid=u:r:hal_gatekeeper_default:s0) Found android.hardware.gatekeeper.IGatekeeper/default in device VINTF manifest.
[    6.182655][  T162] vhci_hcd vhci_hcd.0: new USB bus registered, assigned bus number 3
[    6.190441][  T172] servicemanager: Caller(pid=197,uid=1017,sid=u:r:keystore:s0) Found android.system.keystore2.IKeystoreService/default in framework VINTF manifest.
[    6.190828][  T162] usb usb3: We don't know the algorithms for LPM for this host, disabling LPM.
[    6.191569][  T172] BpBinder: onLastStrongRef automatically unlinking death recipients: 
[    6.192931][  T162] usb usb3: New USB device found, idVendor=1d6b, idProduct=0003, bcdDevice= 6.06
[    6.196232][  T162] usb usb3: New USB device strings: Mfr=3, Product=2, SerialNumber=1
[    6.197114][  T162] usb usb3: Product: USB/IP Virtual Host Controller
[    6.197647][  T162] usb usb3: Manufacturer: Linux 6.6.66-android15-8-gb66429556fb8-ab13070261-4k vhci_hcd
[    6.198433][  T162] usb usb3: SerialNumber: vhci_hcd.0
[    6.198923][  T162] hub 3-0:1.0: USB hub found
[    6.199424][  T162] hub 3-0:1.0: 8 ports detected
[    6.200037][  T162] dlkm_loader: Loaded kernel module /vendor/lib/modules/vhci-hcd.ko
[    6.200187][  T172] servicemanager: Caller(pid=187,uid=0,sid=u:r:vold:s0) Could not find android.hardware.boot.IBootControl/default in the VINTF manifest. No alternative instances declared in VINTF.
[    6.200901][  T162] dlkm_loader: Loading module /vendor/lib/modules/virt_wifi.ko with args ''
[    6.202715][  T187] vold: Error getting bootctrl v1.0 module.
[    6.204804][  T162] dlkm_loader: Loaded kernel module /vendor/lib/modules/virt_wifi.ko
[    6.205039][  T187] EXT4-fs (dm-51): Using encoding defined by superblock: utf8-12.1.0 with flags 0x0
[    6.205599][  T162] dlkm_loader: Loading module /vendor/lib/modules/virtio-gpu.ko with args ''
[    6.209510][  T162] dlkm_loader: Loaded kernel module /vendor/lib/modules/virtio-gpu.ko
[    6.211728][  T162] dlkm_loader: Loading module /vendor/lib/modules/virtio-media.ko with args ''
[    6.216540][  T162] dlkm_loader: Loaded kernel module /vendor/lib/modules/virtio-media.ko
[    6.218539][  T162] dlkm_loader: Loading module /vendor/lib/modules/virtio_input.ko with args ''
[    6.225548][  T162] input: virtio_input_multi_touch_1 as /devices/platform/3f000000.pcie/pci0000:00/0000:00:04.0/virtio10/input/input1
[    6.233288][  T162] input: virtio_input_multi_touch_2 as /devices/platform/3f000000.pcie/pci0000:00/0000:00:05.0/virtio11/input/input2
[    6.241805][  T162] input: virtio_input_multi_touch_3 as /devices/platform/3f000000.pcie/pci0000:00/0000:00:06.0/virtio12/input/input3
[    6.250127][  T162] input: virtio_input_multi_touch_4 as /devices/platform/3f000000.pcie/pci0000:00/0000:00:07.0/virtio13/input/input4
[    6.258048][  T162] input: virtio_input_multi_touch_5 as /devices/platform/3f000000.pcie/pci0000:00/0000:00:08.0/virtio14/input/input5
[    6.263878][  T162] input: virtio_input_multi_touch_6 as /devices/platform/3f000000.pcie/pci0000:00/0000:00:09.0/virtio15/input/input6
[    6.268998][  T162] input: virtio_input_multi_touch_7 as /devices/platform/3f000000.pcie/pci0000:00/0000:00:0a.0/virtio16/input/input7
[    6.275109][  T162] input: virtio_input_multi_touch_8 as /devices/platform/3f000000.pcie/pci0000:00/0000:00:0c.0/virtio17/input/input8
[    6.279978][  T162] input: virtio_input_multi_touch_9 as /devices/platform/3f000000.pcie/pci0000:00/0000:00:0d.0/virtio18/input/input9
[    6.283309][  T187] EXT4-fs (dm-51): recovery complete
[    6.284304][  T162] input: virtio_input_multi_touch_10 as /devices/platform/3f000000.pcie/pci0000:00/0000:00:0e.0/virtio19/input/input10
[    6.284738][  T187] EXT4-fs (dm-51): mounted filesystem 57f8f4bc-abf4-655f-bf67-946fc0f9f25b r/w with ordered data mode. Quota mode: journalled.
[    6.287840][  T162] input: virtio_input_multi_touch_11 as /devices/platform/3f000000.pcie/pci0000:00/0000:00:0f.0/virtio20/input/input11
[    6.289805][  T162] dlkm_loader: Loaded kernel module /vendor/lib/modules/virtio_input.ko
[    6.290110][  T187] EXT4-fs (dm-51): unmounting filesystem 57f8f4bc-abf4-655f-bf67-946fc0f9f25b.
[    6.291053][  T162] dlkm_loader: Loading module /vendor/lib/modules/virtio_net.ko with args ''
[    6.294510][  T162] dlkm_loader: Loaded kernel module /vendor/lib/modules/virtio_net.ko
[    6.295583][  T162] dlkm_loader: Loading module /vendor/lib/modules/virtio_pmem.ko with args ''
[    6.297189][  T162] dlkm_loader: Loaded kernel module /vendor/lib/modules/virtio_pmem.ko
[    6.298214][  T162] dlkm_loader: Loading module /vendor/lib/modules/virtio_snd.ko with args ''
[    6.301066][  T162] dlkm_loader: Loaded kernel module /vendor/lib/modules/virtio_snd.ko
[    6.301079][  T187] e2fsck: e2fsck 1.46.6 (1-Feb-2023)
[    6.301863][  T162] dlkm_loader: Loading module /vendor/lib/modules/virtual-cpufreq.ko with args ''
[    6.303918][  T162] dlkm_loader: Loaded kernel module /vendor/lib/modules/virtual-cpufreq.ko
[    6.305023][  T162] dlkm_loader: module vkms is blocklisted
[    6.305926][  T162] dlkm_loader: LoadWithAliases was unable to load vkms, tried: vkms
[    6.306946][  T162] dlkm_loader: module load count is 53
[    6.309731][  T187] e2fsck: Pass 1: Checking inodes, blocks, and sizes
[    6.376131][  T187] e2fsck: Pass 2: Checking directory structure
[    6.396126][  T187] e2fsck: Pass 3: Checking directory connectivity
[    6.400238][  T187] e2fsck: Pass 4: Checking reference counts
[    6.404456][  T187] e2fsck: Pass 5: Checking group summary information
[    6.412416][  T187] e2fsck: /dev/block/mapper/userdata: 5279/1048576 files (3.8% non-contiguous), 451603/4194304 blocks
[    6.414643][  T187] EXT4-fs: Ignoring removed nomblk_io_submit option
[    6.415286][  T187] EXT4-fs (dm-51): Using encoding defined by superblock: utf8-12.1.0 with flags 0x0
[    6.417621][  T187] EXT4-fs (dm-51): mounted filesystem 57f8f4bc-abf4-655f-bf67-946fc0f9f25b r/w with ordered data mode. Quota mode: journalled.
[    6.419934][    T1] init: Command 'mount_all /vendor/etc/fstab.ranchu --late' action=late-fs (/vendor/etc/init/hw/init.ranchu.rc:9) took 272ms and succeeded
[    6.421364][    T1] init: Service 'vendor.dlkm_loader' (pid 162) exited with status 0 oneshot service took 0.560000 seconds in background
[    6.422371][    T1] init: Sending signal 9 to service 'vendor.dlkm_loader' (pid 162) process group...
[    6.423215][    T1] libprocessgroup: Removed cgroup /sys/fs/cgroup/system/uid_0/pid_162
[    6.426120][    T1] init: Control message: Could not find 'aidl/android.system.keystore2.IKeystoreService/default' for ctl.interface_start from pid: 172 (/system/bin/servicemanager)
[    6.427465][    T1] init: processing action (post-fs-data) from (/system/etc/init/hw/init.rc:645)
[    6.427575][  T204] servicemanager: Caller(pid=187,uid=0,sid=u:r:vold:s0) Tried to start aidl service android.system.keystore2.IKeystoreService/default as a lazy service, but was unable to. Usually this happens when a service is not installed, but if the service is intended to be used as a lazy service, then it may be configured incorrectly.
[    6.428373][    T1] init: starting service 'exec 4 (/system/bin/vdc checkpoint prepareCheckpoint)'...
[    6.432562][    T1] init: ... started service 'exec 4 (/system/bin/vdc checkpoint prepareCheckpoint)' has pid 222
[    6.433482][    T1] init: SVC_EXEC service 'exec 4 (/system/bin/vdc checkpoint prepareCheckpoint)' pid 222 (uid 1000 gid 1000+0 context default) started; waiting...
[    6.435182][    T1] init: Service 'exec 4 (/system/bin/vdc checkpoint prepareCheckpoint)' (pid 222) exited with status 0 waiting took 0.003000 seconds
[    6.436266][    T1] init: Sending signal 9 to service 'exec 4 (/system/bin/vdc checkpoint prepareCheckpoint)' (pid 222) process group...
[    6.437419][    T1] libprocessgroup: Removed cgroup /sys/fs/cgroup/system/uid_1000/pid_222
[    6.438597][    T1] init: starting service 'exec 5 (/system/bin/vdc --wait cryptfs enablefilecrypto)'...
[    6.439790][    T1] init: ... started service 'exec 5 (/system/bin/vdc --wait cryptfs enablefilecrypto)' has pid 223
[    6.440719][    T1] init: SVC_EXEC service 'exec 5 (/system/bin/vdc --wait cryptfs enablefilecrypto)' pid 223 (uid 0 gid 0+0 context default) started; waiting...
[    6.441703][  T223] vdc: Thread Pool max thread count is 0. Cannot cache binder as linkToDeath cannot be implemented. serviceName: vold
[    6.449078][    T1] init: Service 'exec 5 (/system/bin/vdc --wait cryptfs enablefilecrypto)' (pid 223) exited with status 0 waiting took 0.009000 seconds
[    6.450157][    T1] init: Sending signal 9 to service 'exec 5 (/system/bin/vdc --wait cryptfs enablefilecrypto)' (pid 223) process group...
[    6.451176][    T1] libprocessgroup: Removed cgroup /sys/fs/cgroup/system/uid_0/pid_223
[    6.452105][    T1] init: Verified that /data/bootchart has the encryption policy 0fe6727c4b4531bc9b8b5620a7a3c498 v2 modes 1/4 flags 0x2
[    6.453342][    T1] fscrypt: AES-256-CTS-CBC using implementation "cts-cbc-aes-ce"
[    6.454539][    T1] fscrypt: AES-256-XTS using implementation "xts-aes-ce"
[    6.455696][    T1] init: Verified that /data/vendor has the encryption policy 0fe6727c4b4531bc9b8b5620a7a3c498 v2 modes 1/4 flags 0x2
[    6.457266][    T1] init: Verified that /data/anr has the encryption policy 0fe6727c4b4531bc9b8b5620a7a3c498 v2 modes 1/4 flags 0x2
[    6.458388][    T1] init: Verified that /data/tombstones has the encryption policy 0fe6727c4b4531bc9b8b5620a7a3c498 v2 modes 1/4 flags 0x2
[    6.459661][    T1] init: starting service 'tombstoned'...
[    6.460131][    T1] init: Created socket '/dev/socket/tombstoned_crash', mode 666, user 1000, group 1000
[    6.461070][    T1] init: Created socket '/dev/socket/tombstoned_intercept', mode 666, user 1000, group 1000
[    6.461862][    T1] init: Created socket '/dev/socket/tombstoned_java_trace', mode 666, user 1000, group 1000
[    6.463597][    T1] init: ... started service 'tombstoned' has pid 225
[    6.464279][    T1] init: Switched to default mount namespace
[    6.465481][    T1] init: Verified that /data/misc has the encryption policy 0fe6727c4b4531bc9b8b5620a7a3c498 v2 modes 1/4 flags 0x2
[    6.467295][    T1] init: starting service 'exec 6 (/system/bin/vdc keymaster earlyBootEnded)'...
[    6.468338][    T1] init: ... started service 'exec 6 (/system/bin/vdc keymaster earlyBootEnded)' has pid 226
[    6.469320][    T1] init: SVC_EXEC service 'exec 6 (/system/bin/vdc keymaster earlyBootEnded)' pid 226 (uid 1000 gid 1000+0 context default) started; waiting...
[    6.478864][    T1] init: Service 'exec 6 (/system/bin/vdc keymaster earlyBootEnded)' (pid 226) exited with status 0 waiting took 0.010000 seconds
[    6.479888][    T1] init: Sending signal 9 to service 'exec 6 (/system/bin/vdc keymaster earlyBootEnded)' (pid 226) process group...
[    6.481031][    T1] libprocessgroup: Removed cgroup /sys/fs/cgroup/system/uid_1000/pid_226
[    6.481936][    T1] init: Verified that /data/property has the encryption policy 0fe6727c4b4531bc9b8b5620a7a3c498 v2 modes 1/4 flags 0x2
[    6.483794][   T94] init: Wait for property 'ro.persistent_properties.ready=true' took 0ms
[    6.484593][    T1] init: service 'logd' requested start, but it is already running (flags: 4)
[    6.485295][    T1] init: starting service 'logd-reinit'...
[    6.486521][    T1] init: ... started service 'logd-reinit' has pid 230
[    6.487093][    T1] init: Not setting encryption policy on: /data/apex
[    6.488062][    T1] init: Verified that /data/apex/decompressed has the encryption policy 0fe6727c4b4531bc9b8b5620a7a3c498 v2 modes 1/4 flags 0x2
[    6.488296][  T171] logd: logd reinit
[    6.489915][    T1] init: Verified that /data/app-staging has the encryption policy 0fe6727c4b4531bc9b8b5620a7a3c498 v2 modes 1/4 flags 0x2
[    6.491091][  T171] logd: FrameworkListener: read() failed (Connection reset by peer)
[    6.491515][    T1] init: Service 'logd-reinit' (pid 230) exited with status 0 oneshot service took 0.005000 seconds in background
[    6.493320][    T1] init: Sending signal 9 to service 'logd-reinit' (pid 230) process group...
[    6.494052][    T1] libprocessgroup: Removed cgroup /sys/fs/cgroup/system/uid_1036/pid_230
[    6.495203][    T1] init: Verified that /data/apex/ota_reserved has the encryption policy 0fe6727c4b4531bc9b8b5620a7a3c498 v2 modes 1/4 flags 0x2
[    6.496485][    T1] init: starting service 'apexd'...
[    6.497611][    T1] init: ... started service 'apexd' has pid 231
[    6.500426][  T231] apexd: Started. subcommand = (null)
[    6.501884][  T231] apexd: Thread Pool max thread count is 0. Cannot cache binder as linkToDeath cannot be implemented. serviceName: vold
[    6.504176][  T231] apexd: Scanning /odm/apex for pre-installed ApexFiles
[    6.505419][  T231] apexd: /odm/apex does not exist. Skipping
[    6.506048][    T1] init: Verified that /data/local has the encryption policy 0fe6727c4b4531bc9b8b5620a7a3c498 v2 modes 1/4 flags 0x2
[    6.506246][  T231] apexd: Scanning /vendor/apex for pre-installed ApexFiles
[    6.508253][  T231] apexd: Found pre-installed APEX /vendor/apex/com.android.hardware.cas.apex
[    6.510053][  T231] apexd: Found pre-installed APEX /vendor/apex/com.android.hardware.thermal.apex
[    6.511635][  T231] apexd: Found pre-installed APEX /vendor/apex/com.android.hardware.uwb.apex
[    6.513136][  T231] apexd: Found pre-installed APEX /vendor/apex/com.android.hardware.dumpstate.apex
[    6.514686][  T231] apexd: Found pre-installed APEX /vendor/apex/com.android.hardware.power.apex
[    6.515528][    T1] init: starting service 'exec 7 (/bin/rm -rf /data/misc/virtualizationservice)'...
[    6.515808][  T231] apexd: Found pre-installed APEX /vendor/apex/com.android.hardware.gatekeeper.nonsecure.apex
[    6.517194][    T1] init: ... started service 'exec 7 (/bin/rm -rf /data/misc/virtualizationservice)' has pid 232
[    6.517778][  T231] apexd: Found pre-installed APEX /vendor/apex/com.android.hardware.rebootescrow.apex
[    6.518715][    T1] init: SVC_EXEC service 'exec 7 (/bin/rm -rf /data/misc/virtualizationservice)' pid 232 (uid 1081 gid 1000+0 context default) started; waiting...
[    6.519670][  T231] apexd: Found pre-installed APEX /vendor/apex/com.android.hardware.authsecret.apex
[    6.521071][    T1] init: Service 'exec 7 (/bin/rm -rf /data/misc/virtualizationservice)' (pid 232) exited with status 1 waiting took 0.004000 seconds
[    6.521864][  T231] apexd: Found pre-installed APEX /vendor/apex/com.android.hardware.neuralnetworks.apex
[    6.522956][    T1] init: Sending signal 9 to service 'exec 7 (/bin/rm -rf /data/misc/virtualizationservice)' (pid 232) process group...
[    6.523775][  T231] apexd: Found pre-installed APEX /vendor/apex/com.android.hardware.threadnetwork-simulation-rcp.apex
[    6.524802][    T1] libprocessgroup: Removed cgroup /sys/fs/cgroup/system/uid_1081/pid_232
[    6.525789][  T231] apexd: Found pre-installed APEX /vendor/apex/com.android.hardware.vibrator.apex
[    6.526452][    T1] init: Not setting encryption policy on: /data/preloads
[    6.527209][  T231] apexd: Found pre-installed APEX /vendor/apex/com.android.hardware.contexthub.apex
[    6.529528][    T1] init: Verified that /data/app-private has the encryption policy 0fe6727c4b4531bc9b8b5620a7a3c498 v2 modes 1/4 flags 0x2
[    6.530213][    T1] init: Verified that /data/app-ephemeral has the encryption policy 0fe6727c4b4531bc9b8b5620a7a3c498 v2 modes 1/4 flags 0x2
[    6.530945][  T231] apexd: Scanning /product/apex for pre-installed ApexFiles
[    6.532852][    T1] init: Verified that /data/app-asec has the encryption policy 0fe6727c4b4531bc9b8b5620a7a3c498 v2 modes 1/4 flags 0x2
[    6.533002][  T231] apexd: /product/apex does not exist. Skipping
[    6.534670][    T1] init: Verified that /data/app-lib has the encryption policy 0fe6727c4b4531bc9b8b5620a7a3c498 v2 modes 1/4 flags 0x2
[    6.534860][  T231] apexd: Scanning /system_ext/apex for pre-installed ApexFiles
[    6.536500][    T1] init: Verified that /data/app has the encryption policy 0fe6727c4b4531bc9b8b5620a7a3c498 v2 modes 1/4 flags 0x2
[    6.536909][  T231] apexd: /system_ext/apex does not exist. Skipping
[    6.538348][    T1] init: Verified that /data/app-metadata has the encryption policy 0fe6727c4b4531bc9b8b5620a7a3c498 v2 modes 1/4 flags 0x2
[    6.538640][  T231] apexd: Scanning /system/apex for pre-installed ApexFiles
[    6.540281][    T1] init: Verified that /data/fonts has the encryption policy 0fe6727c4b4531bc9b8b5620a7a3c498 v2 modes 1/4 flags 0x2
[    6.540907][  T231] apexd: Found pre-installed APEX /system/apex/com.android.adservices.capex
[    6.543312][  T231] apexd: Found pre-installed APEX /system/apex/com.android.tzdata.apex
[    6.543321][    T1] init: Verified that /data/dalvik-cache has the encryption policy 0fe6727c4b4531bc9b8b5620a7a3c498 v2 modes 1/4 flags 0x2
[    6.544028][  T231] apexd: Found pre-installed APEX /system/apex/com.android.configinfrastructure.capex
[    6.545845][    T1] init: Verified that /data/ota has the encryption policy 0fe6727c4b4531bc9b8b5620a7a3c498 v2 modes 1/4 flags 0x2
[    6.546287][  T231] apexd: Found pre-installed APEX /system/apex/com.android.conscrypt.capex
[    6.547898][    T1] init: Verified that /data/ota_package has the encryption policy 0fe6727c4b4531bc9b8b5620a7a3c498 v2 modes 1/4 flags 0x2
[    6.548301][  T231] apexd: Found pre-installed APEX /system/apex/com.android.nfcservices.capex
[    6.550045][    T1] init: Verified that /data/resource-cache has the encryption policy 0fe6727c4b4531bc9b8b5620a7a3c498 v2 modes 1/4 flags 0x2
[    6.550537][  T231] apexd: Found pre-installed APEX /system/apex/com.android.media.swcodec.capex
[    6.551546][    T1] init: Not setting encryption policy on: /data/lost+found
[    6.552304][  T231] apexd: Found pre-installed APEX /system/apex/com.android.bt.apex
[    6.553692][    T1] init: Verified that /data/drm has the encryption policy 0fe6727c4b4531bc9b8b5620a7a3c498 v2 modes 1/4 flags 0x2
[    6.553957][  T231] apexd: Found pre-installed APEX /system/apex/com.android.ondevicepersonalization.capex
[    6.555489][    T1] init: Verified that /data/mediadrm has the encryption policy 0fe6727c4b4531bc9b8b5620a7a3c498 v2 modes 1/4 flags 0x2
[    6.556086][  T231] apexd: Found pre-installed APEX /system/apex/com.android.tethering.capex
[    6.557845][    T1] init: Verified that /data/nfc has the encryption policy 0fe6727c4b4531bc9b8b5620a7a3c498 v2 modes 1/4 flags 0x2
[    6.558282][  T231] apexd: Found pre-installed APEX /system/apex/com.android.crashrecovery.capex
[    6.560122][    T1] init: Verified that /data/backup has the encryption policy 0fe6727c4b4531bc9b8b5620a7a3c498 v2 modes 1/4 flags 0x2
[    6.560581][  T231] apexd: Found pre-installed APEX /system/apex/com.android.ipsec.capex
[    6.562087][    T1] init: Verified that /data/ss has the encryption policy 0fe6727c4b4531bc9b8b5620a7a3c498 v2 modes 1/4 flags 0x2
[    6.562554][  T231] apexd: Found pre-installed APEX /system/apex/com.android.virt.apex
[    6.563492][    T1] init: Verified that /data/system has the encryption policy 0fe6727c4b4531bc9b8b5620a7a3c498 v2 modes 1/4 flags 0x2
[    6.564157][  T231] apexd: Found pre-installed APEX /system/apex/com.android.permission.capex
[    6.566686][  T231] apexd: Found pre-installed APEX /system/apex/com.android.runtime.apex
[    6.566816][    T1] selinux: SELinux: Skipping restorecon on directory(/data/system/shutdown-checkpoints)
[    6.567421][  T231] apexd: Found pre-installed APEX /system/apex/com.android.adbd.capex
[    6.568179][    T1] init: Not setting encryption policy on: /data/media
[    6.568962][  T231] apexd: Found pre-installed APEX /system/apex/com.android.uprobestats.capex
[    6.569817][    T1] init: Not setting encryption policy on: /data/misc_ce
[    6.570441][  T231] apexd: Found pre-installed APEX /system/apex/com.android.art.capex
[    6.571264][    T1] init: Not setting encryption policy on: /data/misc_de
[    6.571829][  T231] apexd: Found pre-installed APEX /system/apex/com.android.extservices.capex
[    6.572864][    T1] init: Not setting encryption policy on: /data/system_ce
[    6.573464][  T231] apexd: Found pre-installed APEX /system/apex/com.android.media.capex
[    6.574260][    T1] init: Not setting encryption policy on: /data/system_de
[    6.574892][  T231] apexd: Found pre-installed APEX /system/apex/com.android.sdkext.apex
[    6.575757][    T1] init: Not setting encryption policy on: /data/user
[    6.576303][  T231] apexd: Found pre-installed APEX /system/apex/com.android.wifi.capex
[    6.577316][    T1] init: Not setting encryption policy on: /data/user_de
[    6.577816][  T231] apexd: Found pre-installed APEX /system/apex/com.android.appsearch.capex
[    6.578707][    T1] init: Not setting encryption policy on: /data/vendor_ce
[    6.579310][  T231] apexd: Found pre-installed APEX /system/apex/com.android.os.statsd.apex
[    6.580158][    T1] init: Not setting encryption policy on: /data/vendor_de
[    6.580862][  T231] apexd: Found pre-installed APEX /system/apex/com.android.scheduling.capex
[    6.581702][    T1] init: Not setting encryption policy on: /data/storage_area
[    6.582287][  T231] apexd: Found pre-installed APEX /system/apex/com.android.mediaprovider.capex
[    6.583177][    T1] init: starting service 'exec 8 (/system/bin/chattr +F /data/media)'...
[    6.583758][  T231] apexd: Found pre-installed APEX /system/apex/com.android.uwb.capex
[    6.585088][    T1] init: ... started service 'exec 8 (/system/bin/chattr +F /data/media)' has pid 233
[    6.585307][  T231] apexd: Found pre-installed APEX /system/apex/com.android.profiling.capex
[    6.586045][    T1] init: SVC_EXEC service 'exec 8 (/system/bin/chattr +F /data/media)' pid 233 (uid 1023 gid 1023+0 context default) started; waiting...
[    6.586860][  T231] apexd: Found pre-installed APEX /system/apex/com.android.rkpd.apex
[    6.587985][    T1] init: Service 'exec 8 (/system/bin/chattr +F /data/media)' (pid 233) exited with status 0 waiting took 0.003000 seconds
[    6.588700][  T231] apexd: Found pre-installed APEX /system/apex/com.android.cellbroadcast.capex
[    6.589812][    T1] init: Sending signal 9 to service 'exec 8 (/system/bin/chattr +F /data/media)' (pid 233) process group...
[    6.590576][  T231] apexd: Found pre-installed APEX /system/apex/com.android.devicelock.apex
[    6.591491][    T1] libprocessgroup: Removed cgroup /sys/fs/cgroup/system/uid_1023/pid_233
[    6.592213][  T231] apexd: Found pre-installed APEX /system/apex/com.android.i18n.apex
[    6.593683][  T231] apexd: Found pre-installed APEX /system/apex/com.android.apex.cts.shim.apex
[    6.594443][  T231] apexd: Found pre-installed APEX /system/apex/com.android.resolv.capex
[    6.595357][    T1] init: Verified that /data/cache has the encryption policy 0fe6727c4b4531bc9b8b5620a7a3c498 v2 modes 1/4 flags 0x2
[    6.595542][  T231] apexd: Found pre-installed APEX /system/apex/com.android.neuralnetworks.capex
[    6.598127][  T231] apexd: Populating APEX database from mounts...
[    6.598439][    T1] init: Verified that /data/rollback has the encryption policy 0fe6727c4b4531bc9b8b5620a7a3c498 v2 modes 1/4 flags 0x2
[    6.598817][  T231] apexd: 0 packages restored.
[    6.600318][    T1] init: Verified that /data/rollback-observer has the encryption policy 0fe6727c4b4531bc9b8b5620a7a3c498 v2 modes 1/4 flags 0x2
[    6.600530][  T231] apexd: Marking APEXd as starting
[    6.602323][    T1] init: Verified that /data/rollback-history has the encryption policy 0fe6727c4b4531bc9b8b5620a7a3c498 v2 modes 1/4 flags 0x2
[    6.602640][  T231] apexd: Scanning /metadata/apex/sessions looking for sessions to be activated.
[    6.604193][    T1] init: Verified that /data/incremental has the encryption policy 0fe6727c4b4531bc9b8b5620a7a3c498 v2 modes 1/4 flags 0x2
[    6.605976][  T231] apexd: Scanning /data/apex/active for data ApexFiles
[    6.607385][  T231] apexd: Selecting APEX for activation
[    6.607904][  T231] apexd: Processing compressed APEX
[    6.608322][  T231] apexd: Processing compressed APEX /system/apex/com.android.ipsec.capex
[    6.613088][  T231] apexd: Skipping decompression for /system/apex/com.android.ipsec.capex
[    6.613726][  T231] apexd: Processing compressed APEX /system/apex/com.android.mediaprovider.capex
[    6.615760][  T231] apexd: Skipping decompression for /system/apex/com.android.mediaprovider.capex
[    6.616507][  T231] apexd: Processing compressed APEX /system/apex/com.android.tethering.capex
[    6.618613][  T231] apexd: Skipping decompression for /system/apex/com.android.tethering.capex
[    6.619331][  T231] apexd: Processing compressed APEX /system/apex/com.android.adservices.capex
[    6.621206][  T231] apexd: Skipping decompression for /system/apex/com.android.adservices.capex
[    6.621888][  T231] apexd: Processing compressed APEX /system/apex/com.android.appsearch.capex
[    6.623885][  T231] apexd: Skipping decompression for /system/apex/com.android.appsearch.capex
[    6.624796][  T231] apexd: Processing compressed APEX /system/apex/com.android.wifi.capex
[    6.626839][  T231] apexd: Skipping decompression for /system/apex/com.android.wifi.capex
[    6.627490][  T231] apexd: Processing compressed APEX /system/apex/com.android.media.capex
[    6.629427][  T231] apexd: Skipping decompression for /system/apex/com.android.media.capex
[    6.630078][  T231] apexd: Processing compressed APEX /system/apex/com.android.ondevicepersonalization.capex
[    6.631947][  T231] apexd: Skipping decompression for /system/apex/com.android.ondevicepersonalization.capex
[    6.632821][  T231] apexd: Processing compressed APEX /system/apex/com.android.uprobestats.capex
[    6.634547][  T231] apexd: Skipping decompression for /system/apex/com.android.uprobestats.capex
[    6.635246][  T231] apexd: Processing compressed APEX /system/apex/com.android.media.swcodec.capex
[    6.637208][  T231] apexd: Skipping decompression for /system/apex/com.android.media.swcodec.capex
[    6.637923][  T231] apexd: Processing compressed APEX /system/apex/com.android.adbd.capex
[    6.639699][  T231] apexd: Skipping decompression for /system/apex/com.android.adbd.capex
[    6.640325][  T231] apexd: Processing compressed APEX /system/apex/com.android.crashrecovery.capex
[    6.642344][  T231] apexd: Skipping decompression for /system/apex/com.android.crashrecovery.capex
[    6.643049][  T231] apexd: Processing compressed APEX /system/apex/com.android.conscrypt.capex
[    6.644875][  T231] apexd: Skipping decompression for /system/apex/com.android.conscrypt.capex
[    6.645621][  T231] apexd: Processing compressed APEX /system/apex/com.android.permission.capex
[    6.647463][  T231] apexd: Skipping decompression for /system/apex/com.android.permission.capex
[    6.648156][  T231] apexd: Processing compressed APEX /system/apex/com.android.art.capex
[    6.650068][  T231] apexd: Skipping decompression for /system/apex/com.android.art.capex
[    6.650706][  T231] apexd: Processing compressed APEX /system/apex/com.android.extservices.capex
[    6.652589][  T231] apexd: Skipping decompression for /system/apex/com.android.extservices.capex
[    6.653296][  T231] apexd: Processing compressed APEX /system/apex/com.android.uwb.capex
[    6.655126][  T231] apexd: Skipping decompression for /system/apex/com.android.uwb.capex
[    6.655768][  T231] apexd: Processing compressed APEX /system/apex/com.android.profiling.capex
[    6.657665][  T231] apexd: Skipping decompression for /system/apex/com.android.profiling.capex
[    6.658377][  T231] apexd: Processing compressed APEX /system/apex/com.android.neuralnetworks.capex
[    6.660272][  T231] apexd: Skipping decompression for /system/apex/com.android.neuralnetworks.capex
[    6.661058][  T231] apexd: Processing compressed APEX /system/apex/com.android.cellbroadcast.capex
[    6.663006][  T231] apexd: Skipping decompression for /system/apex/com.android.cellbroadcast.capex
[    6.663726][  T231] apexd: Processing compressed APEX /system/apex/com.android.scheduling.capex
[    6.665676][  T231] apexd: Skipping decompression for /system/apex/com.android.scheduling.capex
[    6.666369][  T231] apexd: Processing compressed APEX /system/apex/com.android.nfcservices.capex
[    6.668229][  T231] apexd: Skipping decompression for /system/apex/com.android.nfcservices.capex
[    6.668988][  T231] apexd: Processing compressed APEX /system/apex/com.android.configinfrastructure.capex
[    6.671060][  T231] apexd: Skipping decompression for /system/apex/com.android.configinfrastructure.capex
[    6.671825][  T231] apexd: Processing compressed APEX /system/apex/com.android.resolv.capex
[    6.673768][  T231] apexd: Skipping decompression for /system/apex/com.android.resolv.capex
[    6.675141][  T235] loop5: detected capacity change from 0 to 792
[    6.676184][  T234] loop6: detected capacity change from 0 to 27408
[    6.678182][  T265] loop7: detected capacity change from 0 to 1760
[    6.678861][  T237] loop8: detected capacity change from 0 to 3784
[    6.679533][  T241] loop9: detected capacity change from 0 to 11640
[    6.680224][  T242] loop10: detected capacity change from 0 to 760
[    6.681134][  T240] loop11: detected capacity change from 0 to 728
[    6.681787][  T238] loop12: detected capacity change from 0 to 3056
[    6.682439][  T239] loop13: detected capacity change from 0 to 8368
[    6.683150][  T244] loop14: detected capacity change from 0 to 1096
[    6.683849][  T243] loop15: detected capacity change from 0 to 3048
[    6.684523][  T245] loop16: detected capacity change from 0 to 3336
[    6.685199][  T249] loop17: detected capacity change from 0 to 6328
[    6.685870][  T246] loop18: detected capacity change from 0 to 2696
[    6.686549][  T248] loop19: detected capacity change from 0 to 1928
[    6.687265][  T250] loop20: detected capacity change from 0 to 2656
[    6.687888][  T255] loop21: detected capacity change from 0 to 536
[    6.688709][  T251] loop22: detected capacity change from 0 to 15792
[    6.689881][  T252] loop23: detected capacity change from 0 to 1672
[    6.690436][  T235] EXT4-fs (loop5): mounted filesystem 7d1522e1-9dfa-5edb-a43e-98e3a4d20250 ro without journal. Quota mode: none.
[    6.691767][  T235] apexd: Successfully mounted package /vendor/apex/com.android.hardware.thermal.apex on /apex/com.android.hardware.thermal@1 duration=17
[    6.691821][  T247] loop24: detected capacity change from 0 to 1616
[    6.693407][  T237] EXT4-fs (loop8): mounted filesystem 7d1522e1-9dfa-5edb-a43e-98e3a4d20250 ro without journal. Quota mode: none.
[    6.694370][  T264] loop25: detected capacity change from 0 to 48944
[    6.695157][  T237] apexd: Successfully mounted package /vendor/apex/com.android.hardware.power.apex on /apex/com.android.hardware.power@1 duration=20
[    6.696099][  T253] loop26: detected capacity change from 0 to 536
[    6.697155][  T234] EXT4-fs (loop6): mounted filesystem 7d1522e1-9dfa-5edb-a43e-98e3a4d20250 ro without journal. Quota mode: none.
[    6.697163][  T234] apexd: Successfully mounted package /vendor/apex/com.android.hardware.neuralnetworks.apex on /apex/com.android.hardware.neuralnetworks@1 duration=22
[    6.701917][  T265] device-mapper: verity: sha256 using shash "sha256-ce" (multibuffer)
[    6.702616][  T254] loop27: detected capacity change from 0 to 73248
[    6.703516][  T244] EXT4-fs (loop14): mounted filesystem 7d1522e1-9dfa-5edb-a43e-98e3a4d20250 ro without journal. Quota mode: none.
[    6.703587][  T249] EXT4-fs (loop17): mounted filesystem 7d1522e1-9dfa-5edb-a43e-98e3a4d20250 ro without journal. Quota mode: none.
[    6.703597][  T249] apexd: Successfully mounted package /system/apex/com.android.os.statsd.apex on /apex/com.android.os.statsd@361099999 duration=27
[    6.704230][  T239] EXT4-fs (loop13): mounted filesystem 7d1522e1-9dfa-5edb-a43e-98e3a4d20250 ro without journal. Quota mode: none.
[    6.704555][  T242] EXT4-fs (loop10): mounted filesystem 7d1522e1-9dfa-5edb-a43e-98e3a4d20250 ro without journal. Quota mode: none.
[    6.704566][  T242] apexd: Successfully mounted package /vendor/apex/com.android.hardware.rebootescrow.apex on /apex/com.android.hardware.rebootescrow@1 duration=29
[    6.704910][  T240] EXT4-fs (loop11): mounted filesystem 7d1522e1-9dfa-5edb-a43e-98e3a4d20250 ro without journal. Quota mode: none.
[    6.704917][  T240] apexd: Successfully mounted package /vendor/apex/com.android.hardware.authsecret.apex on /apex/com.android.hardware.authsecret@1 duration=29
[    6.705186][  T245] EXT4-fs (loop16): mounted filesystem 7d1522e1-9dfa-5edb-a43e-98e3a4d20250 ro without journal. Quota mode: none.
[    6.705197][  T245] apexd: Successfully mounted package /vendor/apex/com.android.hardware.dumpstate.apex on /apex/com.android.hardware.dumpstate@1 duration=29
[    6.705390][  T241] EXT4-fs (loop9): mounted filesystem 7d1522e1-9dfa-5edb-a43e-98e3a4d20250 ro without journal. Quota mode: none.
[    6.705400][  T241] apexd: Successfully mounted package /system/apex/com.android.devicelock.apex on /apex/com.android.devicelock@1 duration=30
[    6.705571][  T238] EXT4-fs (loop12): mounted filesystem 7d1522e1-9dfa-5edb-a43e-98e3a4d20250 ro without journal. Quota mode: none.
[    6.705581][  T238] apexd: Successfully mounted package /vendor/apex/com.android.hardware.contexthub.apex on /apex/com.android.hardware.contexthub@1 duration=30
[    6.705843][  T268] loop28: detected capacity change from 0 to 41504
[    6.706388][  T266] loop29: detected capacity change from 0 to 40920
[    6.706568][  T236] loop30: detected capacity change from 0 to 47672
[    6.707010][  T244] apexd: Successfully mounted package /vendor/apex/com.android.hardware.threadnetwork-simulation-rcp.apex on /apex/com.android.hardware.threadnetwork@1 duration=31
[    6.707128][  T267] loop31: detected capacity change from 0 to 9720
[    6.708184][  T239] apexd: Successfully mounted package /vendor/apex/com.android.hardware.gatekeeper.nonsecure.apex on /apex/com.android.hardware.gatekeeper@1 duration=32
[    6.710856][  T271] loop32: detected capacity change from 0 to 26208
[    6.712306][  T265] EXT4-fs (dm-50): mounted filesystem 7d1522e1-9dfa-5edb-a43e-98e3a4d20250 ro without journal. Quota mode: none.
[    6.714630][  T252] EXT4-fs (loop23): mounted filesystem 7d1522e1-9dfa-5edb-a43e-98e3a4d20250 ro without journal. Quota mode: none.
[    6.714658][  T250] EXT4-fs (loop20): mounted filesystem 7d1522e1-9dfa-5edb-a43e-98e3a4d20250 ro without journal. Quota mode: none.
[    6.714711][  T250] apexd: Successfully mounted package /vendor/apex/com.android.hardware.uwb.apex on /apex/com.android.hardware.uwb@1 duration=38
[    6.715977][  T265] apexd: Successfully mounted package /data/apex/decompressed/com.android.ipsec@361099999.decompressed.apex on /apex/com.android.ipsec@361099999 duration=38
[    6.716256][  T269] loop33: detected capacity change from 0 to 12024
[    6.716786][  T243] EXT4-fs (loop15): mounted filesystem 7d1522e1-9dfa-5edb-a43e-98e3a4d20250 ro without journal. Quota mode: none.
[    6.716795][  T243] apexd: Successfully mounted package /vendor/apex/com.android.hardware.vibrator.apex on /apex/com.android.hardware.vibrator@1 duration=40
[    6.718583][  T255] EXT4-fs (loop21): mounted filesystem 7d1522e1-9dfa-5edb-a43e-98e3a4d20250 ro without journal. Quota mode: none.
[    6.718621][  T252] apexd: Successfully mounted package /system/apex/com.android.tzdata.apex on /apex/com.android.tzdata@361099999 duration=42
[    6.719408][  T248] EXT4-fs (loop19): mounted filesystem 7d1522e1-9dfa-5edb-a43e-98e3a4d20250 ro without journal. Quota mode: none.
[    6.719420][  T248] apexd: Successfully mounted package /system/apex/com.android.virt.apex on /apex/com.android.virt@3 duration=43
[    6.719815][  T251] EXT4-fs (loop22): mounted filesystem 7d1522e1-9dfa-5edb-a43e-98e3a4d20250 ro without journal. Quota mode: none.
[    6.719823][  T251] apexd: Successfully mounted package /system/apex/com.android.runtime.apex on /apex/com.android.runtime@1 duration=43
[    6.720323][  T246] EXT4-fs (loop18): mounted filesystem 7d1522e1-9dfa-5edb-a43e-98e3a4d20250 ro without journal. Quota mode: none.
[    6.720329][  T246] apexd: Successfully mounted package /system/apex/com.android.rkpd.apex on /apex/com.android.rkpd@361099999 duration=44
[    6.722257][  T256] loop34: detected capacity change from 0 to 13840
[    6.723354][  T255] apexd: Successfully mounted package /vendor/apex/com.android.hardware.cas.apex on /apex/com.android.hardware.cas@1 duration=46
[    6.723382][  T264] device-mapper: verity: sha256 using shash "sha256-ce" (multibuffer)
[    6.725447][  T259] loop35: detected capacity change from 0 to 720
[    6.725898][  T266] device-mapper: verity: sha256 using shash "sha256-ce" (multibuffer)
[    6.726185][  T268] device-mapper: verity: sha256 using shash "sha256-ce" (multibuffer)
[    6.729337][  T247] EXT4-fs (loop24): mounted filesystem 7d1522e1-9dfa-5edb-a43e-98e3a4d20250 ro without journal. Quota mode: none.
[    6.731576][  T254] EXT4-fs (loop27): mounted filesystem 7d1522e1-9dfa-5edb-a43e-98e3a4d20250 ro without journal. Quota mode: none.
[    6.735627][  T247] apexd: Successfully mounted package /system/apex/com.android.sdkext.apex on /apex/com.android.sdkext@361099999 duration=58
[    6.736067][  T253] EXT4-fs (loop26): mounted filesystem 7d1522e1-9dfa-5edb-a43e-98e3a4d20250 ro without journal. Quota mode: none.
[    6.736099][  T253] apexd: Successfully mounted package /system/apex/com.android.apex.cts.shim.apex on /apex/com.android.apex.cts.shim@1 duration=59
[    6.736140][  T236] EXT4-fs (loop30): mounted filesystem 7d1522e1-9dfa-5edb-a43e-98e3a4d20250 ro without journal. Quota mode: none.
[    6.736149][  T236] apexd: Successfully mounted package /system/apex/com.android.bt.apex on /apex/com.android.bt@361099999 duration=61
[    6.736920][  T267] device-mapper: verity: sha256 using shash "sha256-ce" (multibuffer)
[    6.738214][  T262] loop36: detected capacity change from 0 to 10064
[    6.738479][  T254] apexd: Successfully mounted package /system/apex/com.android.i18n.apex on /apex/com.android.i18n@1 duration=61
[    6.741765][  T257] loop37: detected capacity change from 0 to 27432
[    6.742105][  T264] EXT4-fs (dm-48): mounted filesystem 7d1522e1-9dfa-5edb-a43e-98e3a4d20250 ro without journal. Quota mode: none.
[    6.742165][  T264] apexd: Successfully mounted package /data/apex/decompressed/com.android.mediaprovider@361099999.decompressed.apex on /apex/com.android.mediaprovider@361099999 duration=64
[    6.746466][  T268] EXT4-fs (dm-45): mounted filesystem 7d1522e1-9dfa-5edb-a43e-98e3a4d20250 ro without journal. Quota mode: none.
[    6.746558][  T266] EXT4-fs (dm-42): mounted filesystem 7d1522e1-9dfa-5edb-a43e-98e3a4d20250 ro without journal. Quota mode: none.
[    6.746573][  T266] apexd: Successfully mounted package /data/apex/decompressed/com.android.adservices@361099999.decompressed.apex on /apex/com.android.adservices@361099999 duration=69
[    6.748014][  T272] loop38: detected capacity change from 0 to 3192
[    6.749695][  T271] device-mapper: verity: sha256 using shash "sha256-ce" (multibuffer)
[    6.750268][  T269] device-mapper: verity: sha256 using shash "sha256-ce" (multibuffer)
[    6.751806][  T268] apexd: Successfully mounted package /data/apex/decompressed/com.android.tethering@361099999.decompressed.apex on /apex/com.android.tethering@361099999 duration=74
[    6.752919][  T261] loop39: detected capacity change from 0 to 59280
[    6.755165][  T256] device-mapper: verity: sha256 using shash "sha256-ce" (multibuffer)
[    6.756713][  T273] loop40: detected capacity change from 0 to 47088
[    6.757549][  T259] device-mapper: verity: sha256 using shash "sha256-ce" (multibuffer)
[    6.758746][  T267] EXT4-fs (dm-39): mounted filesystem 7d1522e1-9dfa-5edb-a43e-98e3a4d20250 ro without journal. Quota mode: none.
[    6.759127][  T269] EXT4-fs (dm-33): mounted filesystem 7d1522e1-9dfa-5edb-a43e-98e3a4d20250 ro without journal. Quota mode: none.
[    6.759148][  T269] apexd: Successfully mounted package /data/apex/decompressed/com.android.media@361099999.decompressed.apex on /apex/com.android.media@361099999 duration=81
[    6.761973][  T258] loop41: detected capacity change from 0 to 42400
[    6.762746][  T267] apexd: Successfully mounted package /data/apex/decompressed/com.android.appsearch@361099999.decompressed.apex on /apex/com.android.appsearch@361099999 duration=85
[    6.763910][  T271] EXT4-fs (dm-35): mounted filesystem 7d1522e1-9dfa-5edb-a43e-98e3a4d20250 ro without journal. Quota mode: none.
[    6.765975][  T263] loop42: detected capacity change from 0 to 12400
[    6.766183][  T262] device-mapper: verity: sha256 using shash "sha256-ce" (multibuffer)
[    6.766527][  T257] device-mapper: verity: sha256 using shash "sha256-ce" (multibuffer)
[    6.767174][  T271] apexd: Successfully mounted package /data/apex/decompressed/com.android.wifi@361099999.decompressed.apex on /apex/com.android.wifi@361099999 duration=89
[    6.770204][  T270] loop43: detected capacity change from 0 to 58296
[    6.770204][  T256] EXT4-fs (dm-22): mounted filesystem 7d1522e1-9dfa-5edb-a43e-98e3a4d20250 ro without journal. Quota mode: none.
[    6.770222][  T256] apexd: Successfully mounted package /data/apex/decompressed/com.android.adbd@361099999.decompressed.apex on /apex/com.android.adbd@361099999 duration=92
[    6.774199][  T259] EXT4-fs (dm-20): mounted filesystem 7d1522e1-9dfa-5edb-a43e-98e3a4d20250 ro without journal. Quota mode: none.
[    6.775008][  T260] loop44: detected capacity change from 0 to 3736
[    6.775996][  T259] apexd: Successfully mounted package /data/apex/decompressed/com.android.crashrecovery@361099999.decompressed.apex on /apex/com.android.crashrecovery@361099999 duration=98
[    6.776582][  T261] device-mapper: verity: sha256 using shash "sha256-ce" (multibuffer)
[    6.779318][  T272] device-mapper: verity: sha256 using shash "sha256-ce" (multibuffer)
[    6.779799][  T257] EXT4-fs (dm-29): mounted filesystem 7d1522e1-9dfa-5edb-a43e-98e3a4d20250 ro without journal. Quota mode: none.
[    6.779819][  T257] apexd: Successfully mounted package /data/apex/decompressed/com.android.ondevicepersonalization@361099999.decompressed.apex on /apex/com.android.ondevicepersonalization@361099999 duration=102
[    6.781973][  T274] loop45: detected capacity change from 0 to 10304
[    6.782519][  T273] device-mapper: verity: sha256 using shash "sha256-ce" (multibuffer)
[    6.782922][  T262] EXT4-fs (dm-26): mounted filesystem 7d1522e1-9dfa-5edb-a43e-98e3a4d20250 ro without journal. Quota mode: none.
[    6.782941][  T262] apexd: Successfully mounted package /data/apex/decompressed/com.android.conscrypt@361099999.decompressed.apex on /apex/com.android.conscrypt@361099999 duration=105
[    6.858196][  T258] device-mapper: verity: sha256 using shash "sha256-ce" (multibuffer)
[    6.858403][  T263] device-mapper: verity: sha256 using shash "sha256-ce" (multibuffer)
[    6.860150][  T275] loop46: detected capacity change from 0 to 37608
[    6.861564][  T276] loop47: detected capacity change from 0 to 536
[    6.862925][  T261] EXT4-fs (dm-23): mounted filesystem 7d1522e1-9dfa-5edb-a43e-98e3a4d20250 ro without journal. Quota mode: none.
[    6.863236][  T273] EXT4-fs (dm-14): mounted filesystem 7d1522e1-9dfa-5edb-a43e-98e3a4d20250 ro without journal. Quota mode: none.
[    6.863268][  T273] apexd: Successfully mounted package /data/apex/decompressed/com.android.extservices@361099999.decompressed.apex on /apex/com.android.extservices@361099999 duration=185
[    6.863509][  T272] EXT4-fs (dm-21): mounted filesystem 7d1522e1-9dfa-5edb-a43e-98e3a4d20250 ro without journal. Quota mode: none.
[    6.863523][  T272] apexd: Successfully mounted package /data/apex/decompressed/com.android.uprobestats@361099999.decompressed.apex on /apex/com.android.uprobestats@361099999 duration=186
[    6.865179][  T279] loop48: detected capacity change from 0 to 19256
[    6.866555][  T261] apexd: Successfully mounted package /data/apex/decompressed/com.android.media.swcodec@361099999.decompressed.apex on /apex/com.android.media.swcodec@361099999 duration=189
[    6.870608][  T277] loop49: detected capacity change from 0 to 23464
[    6.870913][  T258] EXT4-fs (dm-17): mounted filesystem 7d1522e1-9dfa-5edb-a43e-98e3a4d20250 ro without journal. Quota mode: none.
[    6.870945][  T258] apexd: Successfully mounted package /data/apex/decompressed/com.android.permission@361099999.decompressed.apex on /apex/com.android.permission@361099999 duration=193
[    6.885067][  T278] loop50: detected capacity change from 0 to 9016
[    6.885218][  T270] device-mapper: verity: sha256 using shash "sha256-ce" (multibuffer)
[    6.885901][  T260] device-mapper: verity: sha256 using shash "sha256-ce" (multibuffer)
[    6.886655][  T276] device-mapper: verity: sha256 using shash "sha256-ce" (multibuffer)
[    6.887677][  T263] EXT4-fs (dm-13): mounted filesystem 7d1522e1-9dfa-5edb-a43e-98e3a4d20250 ro without journal. Quota mode: none.
[    6.887704][  T263] apexd: Successfully mounted package /data/apex/decompressed/com.android.uwb@361099999.decompressed.apex on /apex/com.android.uwb@361099999 duration=209
[    6.893688][  T274] device-mapper: verity: sha256 using shash "sha256-ce" (multibuffer)
[    6.894308][  T275] device-mapper: verity: sha256 using shash "sha256-ce" (multibuffer)
[    6.895141][  T279] device-mapper: verity: sha256 using shash "sha256-ce" (multibuffer)
[    6.896786][  T270] EXT4-fs (dm-15): mounted filesystem 7d1522e1-9dfa-5edb-a43e-98e3a4d20250 ro without journal. Quota mode: none.
[    6.898448][  T260] EXT4-fs (dm-10): mounted filesystem 7d1522e1-9dfa-5edb-a43e-98e3a4d20250 ro without journal. Quota mode: none.
[    6.899045][  T270] apexd: Successfully mounted package /data/apex/decompressed/com.android.art@361099999.decompressed.apex on /apex/com.android.art@361099999 duration=221
[    6.900702][  T260] apexd: Successfully mounted package /data/apex/decompressed/com.android.profiling@361099999.decompressed.apex on /apex/com.android.profiling@361099999 duration=222
[    6.901299][  T276] EXT4-fs (dm-11): mounted filesystem 7d1522e1-9dfa-5edb-a43e-98e3a4d20250 ro without journal. Quota mode: none.
[    6.903705][  T274] EXT4-fs (dm-7): mounted filesystem 7d1522e1-9dfa-5edb-a43e-98e3a4d20250 ro without journal. Quota mode: none.
[    6.906575][  T276] apexd: Successfully mounted package /data/apex/decompressed/com.android.scheduling@361099999.decompressed.apex on /apex/com.android.scheduling@361099999 duration=228
[    6.909406][  T274] apexd: Successfully mounted package /data/apex/decompressed/com.android.neuralnetworks@361099999.decompressed.apex on /apex/com.android.neuralnetworks@361099999 duration=231
[    6.910325][  T278] device-mapper: verity: sha256 using shash "sha256-ce" (multibuffer)
[    6.915310][  T279] EXT4-fs (dm-24): mounted filesystem 7d1522e1-9dfa-5edb-a43e-98e3a4d20250 ro without journal. Quota mode: none.
[    6.916551][  T275] EXT4-fs (dm-8): mounted filesystem 7d1522e1-9dfa-5edb-a43e-98e3a4d20250 ro without journal. Quota mode: none.
[    6.919224][  T279] apexd: Successfully mounted package /data/apex/decompressed/com.android.nfcservices@361099999.decompressed.apex on /apex/com.android.nfcservices@361099999 duration=241
[    6.919881][  T277] device-mapper: verity: sha256 using shash "sha256-ce" (multibuffer)
[    6.921630][  T275] apexd: Successfully mounted package /data/apex/decompressed/com.android.cellbroadcast@361099999.decompressed.apex on /apex/com.android.cellbroadcast@361099999 duration=243
[    6.924021][  T278] EXT4-fs (dm-5): mounted filesystem 7d1522e1-9dfa-5edb-a43e-98e3a4d20250 ro without journal. Quota mode: none.
[    6.933306][  T278] apexd: Successfully mounted package /data/apex/decompressed/com.android.resolv@361099999.decompressed.apex on /apex/com.android.resolv@361099999 duration=255
[    6.933538][  T277] EXT4-fs (dm-28): mounted filesystem 7d1522e1-9dfa-5edb-a43e-98e3a4d20250 ro without journal. Quota mode: none.
[    6.937076][  T277] apexd: Successfully mounted package /data/apex/decompressed/com.android.configinfrastructure@361099999.decompressed.apex on /apex/com.android.configinfrastructure@361099999 duration=258
[    6.940731][  T231] apexd: Activated 46 packages.
[    6.941335][  T231] apexd: OnStart done, duration=338
[    6.941859][  T231] AidlLazyServiceRegistrar: Registering service apexservice
[    6.948193][  T231] SELinux: SELinux: Loaded file context from:
[    6.948938][  T231] SELinux: 		/system/etc/selinux/plat_file_contexts
[    6.949561][  T231] SELinux: 		/system_ext/etc/selinux/system_ext_file_contexts
[    6.950220][  T231] SELinux: 		/product/etc/selinux/product_file_contexts
[    6.950861][  T231] SELinux: 		/vendor/etc/selinux/vendor_file_contexts
[    6.951517][  T231] SELinux: 		/odm/etc/selinux/odm_file_contexts
[    6.952772][  T231] apexd: Marking APEXd as activated
[    6.953523][   T95] init: Wait for property 'apexd.status=activated' took 346ms
[    6.953830][  T172] servicemanager: Notifying apexservice they do (previously: don't) have clients when service is guaranteed to be in use
[    6.956930][  T358] AidlLazyServiceRegistrar: Process has 1 (of 1 available) client(s) in use after notification apexservice has clients: 1
[    6.957086][  T357] apexd: getActivePackages received by ApexService
[    6.958809][  T358] AidlLazyServiceRegistrar: Shutdown prevented by forcePersist override flag.
[    6.974414][    T1] init: Parsing file /apex/com.android.adbd/etc/init.rc...
[    6.975429][    T1] init: Parsing file /apex/com.android.art/etc/init.rc...
[    6.976208][    T1] init: Parsing file /apex/com.android.configinfrastructure/etc/com.android.configinfrastrcture.init.rc...
[    6.977571][    T1] init: Parsing file /apex/com.android.hardware.authsecret/etc/android.hardware.authsecret-service.example.rc...
[    6.978896][    T1] init: Parsing file /apex/com.android.hardware.cas/etc/cas-default.rc...
[    6.979760][    T1] init: Parsing file /apex/com.android.hardware.contexthub/etc/android.hardware.contexthub-service.example.rc...
[    6.981130][    T1] init: Parsing file /apex/com.android.hardware.dumpstate/etc/dumpstate-default.rc...
[    6.982298][    T1] init: Parsing file /apex/com.android.hardware.neuralnetworks/etc/android.hardware.neuralnetworks-service-sample-all.rc...
[    6.983491][    T1] init: Parsing file /apex/com.android.hardware.neuralnetworks/etc/android.hardware.neuralnetworks-service-sample-limited.rc...
[    6.984802][    T1] init: Parsing file /apex/com.android.hardware.neuralnetworks/etc/android.hardware.neuralnetworks-shim-service-sample.rc...
[    6.986179][    T1] init: Parsing file /apex/com.android.hardware.power/etc/com.android.hardware.power.rc...
[    6.987412][    T1] init: Parsing file /apex/com.android.hardware.rebootescrow/etc/rebootescrow-default.rc...
[    6.988967][    T1] init: Parsing file /apex/com.android.hardware.thermal/etc/android.hardware.thermal.example.rc...
[    6.990574][    T1] init: Parsing file /apex/com.android.hardware.threadnetwork/etc/threadnetwork-service-simulation-rcp.rc...
[    6.992233][    T1] init: Parsing file /apex/com.android.hardware.uwb/etc/uwb-service.rc...
[    6.993663][    T1] init: /apex/com.android.hardware.uwb/etc/uwb-service.rc: 1: ignored duplicate definition of service 'vendor.uwb_hal'
[    6.995421][    T1] init: Parsing file /apex/com.android.hardware.vibrator/etc/com.android.hardware.vibrator.rc...
[    6.997254][    T1] init: Parsing file /apex/com.android.media.swcodec/etc/mediaswcodec.32rc...
[    6.998671][    T1] init: Parsing file /apex/com.android.media/etc/mediatranscoding.32rc...
[    7.001252][    T1] init: Parsing file /apex/com.android.os.statsd/etc/init.rc...
[    7.002602][    T1] init: Parsing file /apex/com.android.sdkext/etc/derive_classpath.rc...
[    7.003758][    T1] init: Parsing file /apex/com.android.sdkext/etc/derive_sdk.rc...
[    7.004673][    T1] init: Parsing file /apex/com.android.tethering/etc/netbpfload.35rc...
[    7.006490][    T1] init: Parsing file /apex/com.android.tethering/etc/ot-daemon.34rc...
[    7.007932][    T1] init: Parsing file /apex/com.android.uprobestats/etc/init.rc...
[    7.009197][    T1] init: Parsing file /apex/com.android.wifi/etc/mainline_supplicant.rc...
[    7.033756][    T1] init: linkerconfig generated /linkerconfig with mounted APEX modules info
[    7.034688][    T1] init: Command 'perform_apex_config' action=post-fs-data (/system/etc/init/hw/init.rc:999) took 80ms and succeeded
[    7.036650][    T1] init: starting service 'system_aconfigd_mainline_init'...
[    7.038912][    T1] init: ... started service 'system_aconfigd_mainline_init' has pid 362
[    7.039749][    T1] init: SVC_EXEC service 'system_aconfigd_mainline_init' pid 362 (uid 1000 gid 1000+0 context default) started; waiting...
[    7.042903][    T1] init: Service 'system_aconfigd_mainline_init' (pid 362) exited with status 1 waiting took 0.004000 seconds
[    7.043883][    T1] init: Sending signal 9 to service 'system_aconfigd_mainline_init' (pid 362) process group...
[    7.044961][    T1] libprocessgroup: Removed cgroup /sys/fs/cgroup/system/uid_1000/pid_362
[    7.046112][    T1] init: starting service 'system_aconfigd_socket_service'...
[    7.046905][    T1] init: Created socket '/dev/socket/aconfigd_system', mode 666, user 1000, group 1000
[    7.049096][    T1] init: ... started service 'system_aconfigd_socket_service' has pid 363
[    7.050214][    T1] init: starting service 'mainline_aconfigd_init'...
[    7.051787][    T1] init: ... started service 'mainline_aconfigd_init' has pid 364
[    7.052901][    T1] init: SVC_EXEC service 'mainline_aconfigd_init' pid 364 (uid 1000 gid 1000+0 context default) started; waiting...
[    7.127787][    T1] init: Service 'mainline_aconfigd_init' (pid 364) exited with status 0 waiting took 0.076000 seconds
[    7.128911][    T1] init: Sending signal 9 to service 'mainline_aconfigd_init' (pid 364) process group...
[    7.129823][    T1] libprocessgroup: Removed cgroup /sys/fs/cgroup/system/uid_1000/pid_364
[    7.131087][    T1] init: starting service 'mainline_aconfigd_socket_service'...
[    7.131812][    T1] init: Created socket '/dev/socket/aconfigd_mainline', mode 666, user 1000, group 1000
[    7.133581][    T1] init: ... started service 'mainline_aconfigd_socket_service' has pid 365
[    7.134683][    T1] init: starting service 'derive_sdk'...
[    7.135875][    T1] init: ... started service 'derive_sdk' has pid 366
[    7.136772][    T1] init: SVC_EXEC service 'derive_sdk' pid 366 (uid 9999 gid 9999+0 context default) started; waiting...
[    7.142144][    T1] init: Service 'derive_sdk' (pid 366) exited with status 0 waiting took 0.006000 seconds
[    7.142958][    T1] init: Sending signal 9 to service 'derive_sdk' (pid 366) process group...
[    7.143694][    T1] libprocessgroup: Removed cgroup /sys/fs/cgroup/system/uid_9999/pid_366
[    7.144761][    T1] init: starting service 'exec 9 (/system/bin/vdc --wait cryptfs init_user0)'...
[    7.146179][    T1] init: ... started service 'exec 9 (/system/bin/vdc --wait cryptfs init_user0)' has pid 367
[    7.147050][    T1] init: SVC_EXEC service 'exec 9 (/system/bin/vdc --wait cryptfs init_user0)' pid 367 (uid 0 gid 0+0 context default) started; waiting...
[    7.149052][  T367] vdc: Thread Pool max thread count is 0. Cannot cache binder as linkToDeath cannot be implemented. serviceName: vold
[    7.162851][    T1] init: Service 'exec 9 (/system/bin/vdc --wait cryptfs init_user0)' (pid 367) exited with status 0 waiting took 0.016000 seconds
[    7.163915][    T1] init: Sending signal 9 to service 'exec 9 (/system/bin/vdc --wait cryptfs init_user0)' (pid 367) process group...
[    7.165122][    T1] libprocessgroup: Removed cgroup /sys/fs/cgroup/system/uid_0/pid_367
[    7.165977][    T1] selinux: SELinux: Skipping restorecon on directory(/data)
[    7.166599][    T1] init: starting service 'derive_classpath'...
[    7.168026][    T1] init: ... started service 'derive_classpath' has pid 369
[    7.168883][    T1] init: SVC_EXEC service 'derive_classpath' pid 369 (uid 1000 gid 1000+1 context default) started; waiting...
[    7.182673][    T1] init: Service 'derive_classpath' (pid 369) exited with status 0 waiting took 0.015000 seconds
[    7.183510][    T1] init: Sending signal 9 to service 'derive_classpath' (pid 369) process group...
[    7.184296][    T1] libprocessgroup: Removed cgroup /sys/fs/cgroup/system/uid_1000/pid_369
[    7.185858][    T1] init: starting service 'art_boot'...
[    7.187411][    T1] init: ... started service 'art_boot' has pid 370
[    7.188670][    T1] init: SVC_EXEC service 'art_boot' pid 370 (uid 0 gid 0+0 context default) started; waiting...
[    7.195060][    T1] init: Service 'art_boot' (pid 370) exited with status 0 waiting took 0.008000 seconds
[    7.195880][    T1] init: Sending signal 9 to service 'art_boot' (pid 370) process group...
[    7.196657][    T1] libprocessgroup: Removed cgroup /sys/fs/cgroup/system/uid_0/pid_370
[    7.197872][    T1] init: starting service 'odsign'...
[    7.199118][    T1] init: ... started service 'odsign' has pid 371
[    7.234630][  T372] fs-verity: sha256 using implementation "sha256-ce" (multibuffer)
[    7.272484][   T95] init: Wait for property 'odsign.key.done=1' took 72ms
[    7.273408][    T1] init: starting service 'apexd-snapshotde'...
[    7.275187][    T1] init: ... started service 'apexd-snapshotde' has pid 373
[    7.275868][    T1] init: SVC_EXEC service 'apexd-snapshotde' pid 373 (uid 0 gid 1000+0 context default) started; waiting...
[    7.277069][    T1] init: Sending signal 9 to service 'odsign' (pid 371) process group...
[    7.278003][    T1] libprocessgroup: Removed cgroup /sys/fs/cgroup/system/uid_0/pid_371
[    7.278599][  T373] apexd: Started. subcommand = --snapshotde
[    7.278982][    T1] init: Control message: Processed ctl.stop for 'odsign' from pid: 371 (/system/bin/odsign)
[    7.279846][  T373] apexd-snapshotde: Thread Pool max thread count is 0. Cannot cache binder as linkToDeath cannot be implemented. serviceName: vold
[    7.280421][    T1] init: Service 'odsign' (pid 371) received signal 9
[    7.281807][  T373] apexd-snapshotde: Marking APEXd as ready
[    7.282248][    T1] init: Sending signal 9 to service 'odsign' (pid 371) process group...
[    7.283610][    T1] libprocessgroup: Failed to write 1 to /sys/fs/cgroup/system/uid_0/pid_371/cgroup.kill: No such file or directory
[    7.284596][    T1] libprocessgroup: Failed to open /sys/fs/cgroup/system/uid_0/pid_371/cgroup.procs: No such file or directory
[    7.286066][    T1] init: Service 'apexd-snapshotde' (pid 373) exited with status 0 waiting took 0.011000 seconds
[    7.286938][    T1] init: Sending signal 9 to service 'apexd-snapshotde' (pid 373) process group...
[    7.287722][    T1] libprocessgroup: Removed cgroup /sys/fs/cgroup/system/uid_0/pid_373
[    7.289417][    T1] init: processing action (post-fs-data) from (/system/etc/init/hw/init.usb.rc:6)
[    7.290490][    T1] init: Verified that /data/adb has the encryption policy 0fe6727c4b4531bc9b8b5620a7a3c498 v2 modes 1/4 flags 0x2
[    7.291458][    T1] init: processing action (post-fs-data) from (/vendor/etc/init/hw/init.ranchu.rc:69)
[    7.293019][    T1] init: starting service 'qemu-device-state'...
[    7.294506][    T1] init: ... started service 'qemu-device-state' has pid 375
[    7.295281][    T1] init: starting service 'ranchu-adb-setup'...
[    7.296707][    T1] init: ... started service 'ranchu-adb-setup' has pid 376
[    7.297348][    T1] init: processing action (ro.boot.qemu.virtiowifi=1 && post-fs-data) from (/vendor/etc/init/hw/init.ranchu.rc:121)
[    7.298040][  T376] /system_ext/bin/init.ranchu.adb.setup.sh: '/data/misc/adb/adb_keys' already exists, skipping
[    7.298525][    T1] init: starting service 'ranchu-net'...
[    7.300710][    T1] init: ... started service 'ranchu-net' has pid 379
[    7.300766][  T378] Failed to set property '
[    7.300832][  T180] type=1400 audit(1781180348.580:4): avc:  denied  { write } for  comm="setprop" name="property_service" dev="tmpfs" ino=760 scontext=u:r:goldfish_system_setup:s0 tcontext=u:object_r:property_socket:s0 tclass=sock_file permissive=0
[    7.301422][    T1] init: Service 'qemu-device-state' (pid 375) exited with status 0 oneshot service took 0.007000 seconds in background
[    7.301801][  T378] ctl.start
[    7.304037][    T1] init: Sending signal 9 to service 'qemu-device-state' (pid 375) process group...
[    7.304074][    T1] libprocessgroup: Removed cgroup /sys/fs/cgroup/system/uid_0/pid_375
[    7.305361][  T378] ' to '
[    7.305362][  T378] adbd
[    7.305362][  T378] '.
[    7.305362][  T378] See dmesg for error reason.
[    7.305363][  T378] 
[    7.309209][    T1] init: Service 'ranchu-adb-setup' (pid 376) exited with status 1 oneshot service took 0.013000 seconds in background
[    7.310284][    T1] init: Sending signal 9 to service 'ranchu-adb-setup' (pid 376) process group...
[    7.311277][    T1] libprocessgroup: Removed cgroup /sys/fs/cgroup/system/uid_1000/pid_376
[    7.312157][    T1] init: processing action (post-fs-data) from (/system/etc/init/bootstat.rc:9)
[    7.313147][    T1] init: Service 'ranchu-net' (pid 379) exited with status 0 oneshot service took 0.013000 seconds in background
[    7.314099][    T1] init: Sending signal 9 to service 'ranchu-net' (pid 379) process group...
[    7.314812][    T1] libprocessgroup: Removed cgroup /sys/fs/cgroup/system/uid_0/pid_379
[    7.315796][    T1] init: processing action (post-fs-data) from (/system/etc/init/gsid.rc:17)
[    7.316847][    T1] init: Not setting encryption policy on: /data/gsi
[    7.317718][    T1] init: processing action (post-fs-data) from (/system/etc/init/incidentd.rc:21)
[    7.318580][    T1] init: processing action (post-fs-data) from (/system/etc/init/logtagd.rc:4)
[    7.319516][    T1] init: processing action (post-fs-data) from (/system/etc/init/otapreopt.rc:3)
[    7.320287][    T1] init: starting service 'exec 10 (/system/bin/otapreopt_slot)'...
[    7.321664][    T1] init: ... started service 'exec 10 (/system/bin/otapreopt_slot)' has pid 384
[    7.322588][    T1] init: SVC_EXEC service 'exec 10 (/system/bin/otapreopt_slot)' pid 384 (uid 0 gid 0+0 context default) started; waiting...
[    7.327023][    T1] init: Service 'exec 10 (/system/bin/otapreopt_slot)' (pid 384) exited with status 1 waiting took 0.005000 seconds
[    7.328004][    T1] init: Sending signal 9 to service 'exec 10 (/system/bin/otapreopt_slot)' (pid 384) process group...
[    7.329037][    T1] libprocessgroup: Removed cgroup /sys/fs/cgroup/system/uid_0/pid_384
[    7.329880][    T1] selinux: SELinux:  Could not stat /data/dalvik-cache/arm: No such file or directory.
[    7.332302][    T1] selinux: SELinux:  Could not stat /data/dalvik-cache/riscv64: No such file or directory.
[    7.333293][    T1] selinux: SELinux:  Could not stat /data/dalvik-cache/x86: No such file or directory.
[    7.334038][    T1] selinux: SELinux:  Could not stat /data/dalvik-cache/x86_64: No such file or directory.
[    7.334801][    T1] init: processing action (post-fs-data) from (/system/etc/init/perfetto.rc:103)
[    7.335745][    T1] init: Command 'rm /data/misc/perfetto-traces/.guardraildata' action=post-fs-data (/system/etc/init/perfetto.rc:104) took 0ms and failed: unlink() failed: No such file or directory
[    7.337374][    T1] init: processing action (post-fs-data) from (/system/etc/init/profcollectd.rc:9)
[    7.338440][    T1] init: processing action (post-fs-data) from (/system/etc/init/recovery-persist.rc:1)
[    7.339238][    T1] init: starting service 'exec 11 (/system/bin/recovery-persist)'...
[    7.340330][    T1] init: ... started service 'exec 11 (/system/bin/recovery-persist)' has pid 387
[    7.341297][    T1] init: processing action (post-fs-data) from (/system/etc/init/wifi.rc:18)
[    7.342242][    T1] selinux: SELinux: Skipping restorecon on directory(/data/misc/apexdata/com.android.wifi)
[    7.343042][    T1] init: processing action (post-fs-data) from (/system_ext/etc/init/init.system_ext.radio.rc:1)
[    7.344417][    T1] init: Service 'exec 11 (/system/bin/recovery-persist)' (pid 387) exited with status 0 oneshot service took 0.004000 seconds in background
[    7.345645][    T1] init: Sending signal 9 to service 'exec 11 (/system/bin/recovery-persist)' (pid 387) process group...
[    7.346597][    T1] libprocessgroup: Removed cgroup /sys/fs/cgroup/system/uid_1000/pid_387
[    7.347308][    T1] init: processing action (post-fs-data) from (/vendor/etc/init/hostapd.android.rc:9)
[    7.348825][    T1] init: processing action (load-bpf-programs) from (/system/etc/init/hw/init.rc:1076)
[    7.349808][    T1] init: starting service 'bpfloader'...
[    7.351073][    T1] init: ... started service 'bpfloader' has pid 388
[    7.351776][    T1] init: SVC_EXEC service 'bpfloader' pid 388 (uid 0 gid 0+7 context default) started; waiting...
[    7.360622][  T388] NetBpfLoad: NetBpfLoad v0.47 (/apex/com.android.tethering/bin/netbpfload) api:35/10000 kver:6060042 (64-on-aarch64) libbpf: v1.4 uid:0 rc:01
[    7.361884][  T388] NetBpfLoad: Tethering APEX version 361099999
[    7.362398][  T388] NetBpfLoad: detected 5 of 5: 2025Q2 api:36.0.0
[    7.364737][  T388] NetBpfLoad: map /sys/fs/bpf/tethering/map_test_tether_downstream6_map id 1
[    7.365420][  T388] NetBpfLoad: map /sys/fs/bpf/tethering/map_test_tether2_downstream6_map id 2
[    7.366121][  T388] NetBpfLoad: map /sys/fs/bpf/tethering/map_test_tether3_downstream6_map id 3
[    7.366845][  T388] NetBpfLoad: map /sys/fs/bpf/tethering/map_test_bitmap id 4
[    7.385300][  T388] NetBpfLoad: map /sys/fs/bpf/tethering/map_offload_tether_error_map id 5
[    7.386134][  T388] NetBpfLoad: map /sys/fs/bpf/tethering/map_offload_tether_stats_map id 6
[    7.386844][  T388] NetBpfLoad: map /sys/fs/bpf/tethering/map_offload_tether_limit_map id 7
[    7.387547][  T388] NetBpfLoad: map /sys/fs/bpf/tethering/map_offload_tether_downstream6_map id 8
[    7.388316][  T388] NetBpfLoad: map /sys/fs/bpf/tethering/map_offload_tether_downstream64_map id 9
[    7.389119][  T388] NetBpfLoad: map /sys/fs/bpf/tethering/map_offload_tether_upstream6_map id 10
[    7.389843][  T388] NetBpfLoad: map /sys/fs/bpf/tethering/map_offload_tether_downstream4_map id 11
[    7.390577][  T388] NetBpfLoad: map /sys/fs/bpf/tethering/map_offload_tether_upstream4_map id 12
[    7.391306][  T388] NetBpfLoad: map /sys/fs/bpf/tethering/map_offload_tether_dev_map id 13
[    7.398932][  T388] NetBpfLoad: prog /sys/fs/bpf/tethering/prog_offload_schedcls_tether_downstream6_ether id 2 len jit:1944 xlat:2928
[    7.400507][  T388] NetBpfLoad: prog /sys/fs/bpf/tethering/prog_offload_schedcls_tether_upstream6_ether id 3 len jit:2024 xlat:3040
[    7.401892][  T388] NetBpfLoad: prog /sys/fs/bpf/tethering/prog_offload_schedcls_tether_downstream6_rawip id 4 len jit:2056 xlat:3056
[    7.403277][  T388] NetBpfLoad: prog /sys/fs/bpf/tethering/prog_offload_schedcls_tether_upstream6_rawip id 5 len jit:2152 xlat:3192
[    7.405236][  T388] NetBpfLoad: prog /sys/fs/bpf/tethering/prog_offload_schedcls_tether_downstream4_rawip id 6 len jit:4688 xlat:7000
[    7.407078][  T388] NetBpfLoad: prog /sys/fs/bpf/tethering/prog_offload_schedcls_tether_upstream4_rawip id 7 len jit:4688 xlat:6984
[    7.408942][  T388] NetBpfLoad: prog /sys/fs/bpf/tethering/prog_offload_schedcls_tether_downstream4_ether id 8 len jit:4368 xlat:6568
[    7.410811][  T388] NetBpfLoad: prog /sys/fs/bpf/tethering/prog_offload_schedcls_tether_upstream4_ether id 9 len jit:4368 xlat:6552
[    7.411878][  T388] NetBpfLoad: prog /sys/fs/bpf/tethering/prog_offload_xdp_tether_downstream_ether id 10 len jit:104 xlat:16
[    7.412945][  T388] NetBpfLoad: prog /sys/fs/bpf/tethering/prog_offload_xdp_tether_downstream_rawip id 11 len jit:104 xlat:16
[    7.413875][  T388] NetBpfLoad: prog /sys/fs/bpf/tethering/prog_offload_xdp_tether_upstream_ether id 12 len jit:104 xlat:16
[    7.414917][  T388] NetBpfLoad: prog /sys/fs/bpf/tethering/prog_offload_xdp_tether_upstream_rawip id 13 len jit:104 xlat:16
[    7.442678][  T388] NetBpfLoad: map /sys/fs/bpf/netd_shared/map_netd_configuration_map id 14
[    7.443353][  T388] NetBpfLoad: map /sys/fs/bpf/netd_shared/map_netd_blocked_ports_map id 15
[    7.444107][  T388] NetBpfLoad: map /sys/fs/bpf/netd_shared/map_netd_cookie_tag_map id 16
[    7.444845][  T388] NetBpfLoad: map /sys/fs/bpf/netd_shared/map_netd_uid_counterset_map id 17
[    7.445736][  T388] NetBpfLoad: map /sys/fs/bpf/netd_shared/map_netd_app_uid_stats_map id 18
[    7.446523][  T388] NetBpfLoad: map /sys/fs/bpf/netd_shared/map_netd_stats_map_A id 19
[    7.447251][  T388] NetBpfLoad: map /sys/fs/bpf/netd_shared/map_netd_stats_map_B id 20
[    7.447926][  T388] NetBpfLoad: map /sys/fs/bpf/netd_shared/map_netd_iface_stats_map id 21
[    7.448674][  T388] NetBpfLoad: map /sys/fs/bpf/netd_shared/map_netd_uid_owner_map id 22
[    7.449396][  T388] NetBpfLoad: map /sys/fs/bpf/netd_shared/map_netd_uid_permission_map id 23
[    7.450115][  T388] NetBpfLoad: map /sys/fs/bpf/netd_shared/map_netd_ingress_discard_map id 24
[    7.450835][  T388] NetBpfLoad: map /sys/fs/bpf/netd_shared/map_netd_lock_array_test_map id 25
[    7.451549][  T388] NetBpfLoad: map /sys/fs/bpf/netd_shared/map_netd_lock_hash_test_map id 26
[    7.452262][  T388] NetBpfLoad: map /sys/fs/bpf/netd_shared/map_netd_sk_storage id 27
[    7.453042][  T388] NetBpfLoad: map /sys/fs/bpf/netd_shared/map_netd_iface_index_name_map id 28
[    7.453782][  T388] NetBpfLoad: map /sys/fs/bpf/netd_shared/map_netd_packet_trace_enabled_map id 29
[    7.454795][  T388] NetBpfLoad: map /sys/fs/bpf/netd_shared/map_netd_packet_trace_ringbuf id 30
[    7.455776][  T388] NetBpfLoad: map /sys/fs/bpf/netd_shared/map_netd_data_saver_enabled_map id 31
[    7.456662][  T388] NetBpfLoad: map /sys/fs/bpf/netd_shared/map_netd_local_net_access_map id 32
[    7.457524][  T388] NetBpfLoad: map /sys/fs/bpf/netd_shared/map_netd_local_net_blocked_uid_map id 33
[    7.467371][  T388] NetBpfLoad: prog /sys/fs/bpf/netd_shared/prog_netd_cgroupskb_ingress_stats id 14 len jit:4136 xlat:5720
[    7.468290][  T388] NetBpfLoad: prog /sys/fs/bpf/netd_shared/prog_netd_cgroupskb_ingress_stats id 14 len jit:4136 xlat:5720
[    7.471427][  T388] NetBpfLoad: prog /sys/fs/bpf/netd_shared/prog_netd_cgroupskb_egress_stats id 15 len jit:3664 xlat:4960
[    7.472333][  T388] NetBpfLoad: prog /sys/fs/bpf/netd_shared/prog_netd_cgroupskb_egress_stats id 15 len jit:3664 xlat:4960
[    7.473426][  T388] NetBpfLoad: prog /sys/fs/bpf/netd_shared/prog_netd_skfilter_egress_xtbpf id 16 len jit:608 xlat:640
[    7.474521][  T388] NetBpfLoad: prog /sys/fs/bpf/netd_shared/prog_netd_skfilter_ingress_xtbpf id 17 len jit:456 xlat:488
[    7.475514][  T388] NetBpfLoad: prog /sys/fs/bpf/netd_shared/prog_netd_schedact_ingress_account id 18 len jit:464 xlat:512
[    7.476497][  T388] NetBpfLoad: prog /sys/fs/bpf/netd_shared/prog_netd_skfilter_allowlist_xtbpf id 19 len jit:256 xlat:184
[    7.477476][  T388] NetBpfLoad: prog /sys/fs/bpf/netd_shared/prog_netd_skfilter_denylist_xtbpf id 20 len jit:224 xlat:144
[    7.478499][  T388] NetBpfLoad: prog /sys/fs/bpf/netd_shared/prog_netd_cgroupsock_inet_create id 21 len jit:320 xlat:256
[    7.479475][  T388] NetBpfLoad: prog /sys/fs/bpf/netd_shared/prog_netd_cgroupsockrelease_inet_release id 22 len jit:176 xlat:80
[    7.480577][  T388] NetBpfLoad: prog /sys/fs/bpf/netd_shared/prog_netd_bind4_inet4_bind id 23 len jit:312 xlat:328
[    7.481556][  T388] NetBpfLoad: prog /sys/fs/bpf/netd_shared/prog_netd_bind6_inet6_bind id 24 len jit:312 xlat:328
[    7.482496][  T388] NetBpfLoad: prog /sys/fs/bpf/netd_shared/prog_netd_connect4_inet4_connect id 25 len jit:104 xlat:16
[    7.483435][  T388] NetBpfLoad: prog /sys/fs/bpf/netd_shared/prog_netd_connect6_inet6_connect id 26 len jit:104 xlat:16
[    7.484452][  T388] NetBpfLoad: prog /sys/fs/bpf/netd_shared/prog_netd_recvmsg4_udp4_recvmsg id 27 len jit:104 xlat:16
[    7.485364][  T388] NetBpfLoad: prog /sys/fs/bpf/netd_shared/prog_netd_recvmsg6_udp6_recvmsg id 28 len jit:104 xlat:16
[    7.486301][  T388] NetBpfLoad: prog /sys/fs/bpf/netd_shared/prog_netd_sendmsg4_udp4_sendmsg id 29 len jit:104 xlat:16
[    7.487255][  T388] NetBpfLoad: prog /sys/fs/bpf/netd_shared/prog_netd_sendmsg6_udp6_sendmsg id 30 len jit:104 xlat:16
[    7.488237][  T388] NetBpfLoad: prog /sys/fs/bpf/netd_shared/prog_netd_getsockopt_prog id 31 len jit:112 xlat:32
[    7.489205][  T388] NetBpfLoad: prog /sys/fs/bpf/netd_shared/prog_netd_setsockopt_prog id 32 len jit:112 xlat:32
[    7.491609][  T388] NetBpfLoad: map /sys/fs/bpf/net_shared/map_dscpPolicy_socket_policy_cache_map id 34
[    7.492339][  T388] NetBpfLoad: map /sys/fs/bpf/net_shared/map_dscpPolicy_ipv4_dscp_policies_map id 35
[    7.493162][  T388] NetBpfLoad: map /sys/fs/bpf/net_shared/map_dscpPolicy_ipv6_dscp_policies_map id 36
[    7.502218][  T388] NetBpfLoad: prog /sys/fs/bpf/net_shared/prog_dscpPolicy_schedcls_set_dscp_ether id 33 len jit:2680 xlat:4536
[    7.505211][  T388] NetBpfLoad: map /sys/fs/bpf/net_shared/map_clatd_clat_ingress6_map id 37
[    7.505901][  T388] NetBpfLoad: map /sys/fs/bpf/net_shared/map_clatd_clat_egress4_map id 38
[    7.508110][  T388] NetBpfLoad: prog /sys/fs/bpf/net_shared/prog_clatd_schedcls_ingress6_clat_ether id 34 len jit:2024 xlat:3192
[    7.509946][  T388] NetBpfLoad: prog /sys/fs/bpf/net_shared/prog_clatd_schedcls_ingress6_clat_rawip id 35 len jit:1640 xlat:2536
[    7.511303][  T388] NetBpfLoad: prog /sys/fs/bpf/net_shared/prog_clatd_schedcls_egress4_clat_rawip id 36 len jit:1376 xlat:2088
[    7.512804][  T388] NetBpfLoad: done, transferring control to uprobestatsbpfload.
[    7.521184][  T388] UprobeStatsBpfLoad: UprobeStatsBpfLoad loading optional ELF object /apex/com.android.uprobestats/etc/bpf/uprobestats/BitmapAllocation.o with license GPL
[    7.523133][  T388] UprobeStatsBpfLoad: UprobeStatsBpfLoad loading optional ELF object /apex/com.android.uprobestats/etc/bpf/uprobestats/GenericInstrumentation.o with license GPL
[    7.526322][  T388] UprobeStatsBpfLoad: UprobeStatsBpfLoad loading optional ELF object /apex/com.android.uprobestats/etc/bpf/uprobestats/ProcessManagement.o with license GPL
[    7.535115][  T388] bpfloader[388]: memfd_create() called without MFD_EXEC or MFD_NOEXEC_SEAL set
[    7.538127][  T388] BpfLoader: Platform BpfLoader loading optional ELF object /system/etc/bpf/gpuMem.o with license Apache 2.0
[    7.539688][  T388] BpfLoader: Platform BpfLoader loading optional ELF object /system/etc/bpf/gpuWork.o with license Apache 2.0
[    7.541294][  T388] BpfLoader: Platform BpfLoader loading critical for BPF Ringbuf test ELF object /system/etc/bpf/bpfRingbufProg.o with license Apache 2.0
[    7.542865][  T388] BpfLoader: Platform BpfLoader loading optional ELF object /system/etc/bpf/fuseMedia.o with license GPL
[    7.543932][  T388] BpfLoader: No maps section could be found in elf object
[    7.545368][  T388] BpfLoader: Platform BpfLoader loading optional ELF object /system/etc/bpf/memevents/bpfMemEventsTest.o with license GPL
[    7.549027][  T388] BpfLoader: Platform BpfLoader loading optional ELF object /system/etc/bpf/memevents/bpfMemEvents.o with license GPL
[    7.552299][  T388] BpfLoader: Platform BpfLoader loading critical for healthd ELF object /vendor/etc/bpf/filterPowerSupplyEvents.o with license Apache 2.0
[    7.553683][  T388] BpfLoader: No maps section could be found in elf object
[    7.572497][  T388] NetBpfLoad: success.
[    7.573016][    T1] init: Service 'bpfloader' (pid 388) exited with status 0 waiting took 0.222000 seconds
[    7.573768][    T1] init: Sending signal 9 to service 'bpfloader' (pid 388) process group...
[    7.574485][    T1] libprocessgroup: Removed cgroup /sys/fs/cgroup/system/uid_0/pid_388
[    7.575476][    T1] init: processing action (sys.init.perf_lsm_hooks=1 && load-bpf-programs) from (/system/etc/init/hw/init.rc:1252)
[    7.576486][    T1] init: processing action (bpf-progs-loaded) from (/system/etc/init/hw/init.rc:1079)
[    7.577303][    T1] init: starting service 'netd'...
[    7.577750][    T1] init: Created socket '/dev/socket/dnsproxyd', mode 660, user 0, group 3003
[    7.578446][    T1] init: Created socket '/dev/socket/mdns', mode 660, user 0, group 1000
[    7.579120][    T1] init: Created socket '/dev/socket/fwmarkd', mode 660, user 0, group 3003
[    7.581021][    T1] init: ... started service 'netd' has pid 389
[    7.581617][    T1] init: processing action (zygote-start) from (/system/etc/init/hw/init.rc:1084)
[    7.582405][    T1] init: start_waiting_for_property("odsign.verification.done", "1"): already set
[    7.583217][    T1] init: starting service 'update_verifier'...
[    7.584953][    T1] init: ... started service 'update_verifier' has pid 390
[    7.585566][    T1] init: SVC_EXEC service 'update_verifier' pid 390 (uid 0 gid 2001+1 context default) started; waiting...
[    7.588545][    T1] init: Service 'update_verifier' (pid 390) exited with status 0 waiting took 0.004000 seconds
[    7.589502][    T1] init: Sending signal 9 to service 'update_verifier' (pid 390) process group...
[    7.590285][    T1] libprocessgroup: Removed cgroup /sys/fs/cgroup/system/uid_0/pid_390
[    7.591403][    T1] init: starting service 'statsd'...
[    7.591916][    T1] init: Created socket '/dev/socket/statsdw', mode 222, user 1066, group 1066
[    7.593756][    T1] init: ... started service 'statsd' has pid 391
[    7.594975][    T1] init: starting service 'zygote'...
[    7.595847][    T1] init: Created socket '/dev/socket/zygote', mode 660, user 0, group 1000
[    7.597404][    T1] init: Created socket '/dev/socket/usap_pool_primary', mode 660, user 0, group 1000
[    7.599646][    T1] init: ... started service 'zygote' has pid 392
[    7.600744][    T1] init: Command 'start zygote_secondary' action=zygote-start (/system/etc/init/hw/init.rc:1090) took 0ms and failed: service zygote_secondary not found
[    7.603516][    T1] init: processing action (zygote-start) from (/vendor/etc/init/hw/init.ranchu.rc:76)
[    7.606892][    T1] init: processing action (firmware_mounts_complete) from (/system/etc/init/hw/init.rc:497)
[    7.608536][    T1] init: processing action (early-boot) from (/system/etc/init/installd.rc:7)
[    7.612162][    T1] init: processing action (early-boot) from (/system/etc/init/kcmdlinectrl.rc:17)
[    7.613612][    T1] init: starting service 'exec 12 (/system/bin/kcmdlinectrl update-props)'...
[    7.615720][    T1] init: ... started service 'exec 12 (/system/bin/kcmdlinectrl update-props)' has pid 398
[    7.617478][    T1] init: processing action (boot) from (/system/etc/init/hw/init.rc:1100)
[    7.618901][    T1] init: Command 'symlink /sys/fs/f2fs/${dev.mnt.dev.data} /dev/sys/fs/by-name/userdata' action=boot (/system/etc/init/hw/init.rc:1123) took 0ms and failed: property 'dev.mnt.dev.data' doesn't exist while expanding '/sys/fs/f2fs/${dev.mnt.dev.data}'
[    7.621270][    T1] init: Command 'symlink /sys/class/block/${dev.mnt.dev.data} /dev/sys/block/by-name/userdata' action=boot (/system/etc/init/hw/init.rc:1128) took 0ms and failed: property 'dev.mnt.dev.data' doesn't exist while expanding '/sys/class/block/${dev.mnt.dev.data}'
[    7.624025][    T1] init: Command 'symlink /sys/class/block/${dev.mnt.rootdisk.data} /dev/sys/block/by-name/rootdisk' action=boot (/system/etc/init/hw/init.rc:1129) took 0ms and failed: property 'dev.mnt.rootdisk.data' doesn't exist while expanding '/sys/class/block/${dev.mnt.rootdisk.data}'
[    7.627931][    T1] init: starting service 'hidl_memory'...
[    7.629770][    T1] init: ... started service 'hidl_memory' has pid 399
[    7.630661][    T1] init: starting service 'vendor.audio-hal'...
[    7.632324][    T1] init: ... started service 'vendor.audio-hal' has pid 400
[    7.633356][    T1] init: starting service 'vendor.camera-provider-ranchu'...
[    7.634867][    T1] init: ... started service 'vendor.camera-provider-ranchu' has pid 401
[    7.635939][    T1] init: starting service 'vendor.camera-provider-2-7-google'...
[    7.637779][    T1] init: ... started service 'vendor.camera-provider-2-7-google' has pid 402
[    7.638916][    T1] init: starting service 'vendor.graphics.allocator'...
[    7.640547][    T1] init: ... started service 'vendor.graphics.allocator' has pid 405
[    7.641684][    T1] init: starting service 'vendor.health-default'...
[    7.643360][    T1] init: ... started service 'vendor.health-default' has pid 406
[    7.645524][    T1] init: starting service 'android-hardware-media-c2-goldfish-hal-1-0'...
[    7.649130][    T1] init: ... started service 'android-hardware-media-c2-goldfish-hal-1-0' has pid 407
[    7.650697][    T1] init: starting service 'vendor.radio-ranchu'...
[    7.653387][    T1] init: ... started service 'vendor.radio-ranchu' has pid 411
[    7.654373][    T1] init: starting service 'vendor.sensors-hal-multihal'...
[    7.656960][    T1] init: ... started service 'vendor.sensors-hal-multihal' has pid 412
[    7.658097][    T1] init: starting service 'vendor.usb_default'...
[    7.659696][  T406] healthd: No battery devices found
[    7.660795][  T172] servicemanager: getDeviceHalManifest: Reloading VINTF information.
[    7.662117][  T172] servicemanager: getDeviceHalManifest: Reading VINTF information.
[    7.662457][    T1] init: ... started service 'vendor.usb_default' has pid 413
[    7.664168][    T1] init: starting service 'vendor.wifi_hal_legacy'...
[    7.665297][  T172] servicemanager: Loaded APEX Infos from /apex/apex-info-list.xml
[    7.666092][    T1] init: ... started service 'vendor.wifi_hal_legacy' has pid 414
[    7.667959][    T1] init: starting service 'vendor.bluetooth-default'...
[    7.669838][  T172] servicemanager: Loaded APEX Infos from /apex/apex-info-list.xml
[    7.670830][    T1] init: ... started service 'vendor.bluetooth-default' has pid 415
[    7.671534][  T172] servicemanager: getDeviceHalManifest: Successfully processed VINTF information
[    7.672888][    T1] init: starting service 'vendor.hwcomposer-3'...
[    7.674003][  T172] servicemanager: getFrameworkHalManifest: Reloading VINTF information.
[    7.675414][    T1] init: ... started service 'vendor.hwcomposer-3' has pid 416
[    7.675927][  T172] servicemanager: getFrameworkHalManifest: Reading VINTF information.
[    7.677152][    T1] init: starting service 'vendor.identity-default'...
[    7.678532][  T172] servicemanager: Loaded APEX Infos from /apex/apex-info-list.xml
[    7.679687][    T1] init: ... started service 'vendor.identity-default' has pid 417
[    7.679912][  T172] servicemanager: getFrameworkHalManifest: Successfully processed VINTF information
[    7.680844][    T1] init: starting service 'vendor.light-default'...
[    7.681967][  T172] servicemanager: Caller(pid=406,uid=1000,sid=u:r:hal_health_default:s0) Found android.hardware.health.IHealth/default in device VINTF manifest.
[    7.683621][    T1] init: ... started service 'vendor.light-default' has pid 418
[    7.684961][  T406] HealthLoop: Successfully attached the BPF filter to the uevent socket
[    7.686503][  T406] healthd: battery none chg=
[    7.687253][    T1] init: starting service 'vendor.authsecret_default'...
[    7.687600][  T172] servicemanager: Caller(pid=411,uid=1001,sid=u:r:hal_radio_default:s0) Found android.hardware.radio.ims.media.IImsMedia/default in device VINTF manifest.
[    7.689434][    T1] init: ... started service 'vendor.authsecret_default' has pid 422
[    7.690991][  T172] servicemanager: Caller(pid=414,uid=1010,sid=u:r:hal_wifi_default:s0) Found android.hardware.wifi.IWifi/default in device VINTF manifest.
[    7.694801][  T172] servicemanager: Caller(pid=413,uid=1000,sid=u:r:hal_usb_default:s0) Found android.hardware.usb.IUsb/default in device VINTF manifest.
[    7.695275][    T1] init: starting service 'vendor.cas-default'...
[    7.697867][  T172] servicemanager: Caller(pid=415,uid=1002,sid=u:r:hal_bluetooth_default:s0) Found android.hardware.bluetooth.IBluetoothHci/default in device VINTF manifest.
[    7.699573][    T1] init: ... started service 'vendor.cas-default' has pid 431
[    7.701739][  T172] servicemanager: Caller(pid=411,uid=1001,sid=u:r:hal_radio_default:s0) Found android.hardware.radio.config.IRadioConfig/default in device VINTF manifest.
[    7.705413][  T172] servicemanager: Caller(pid=417,uid=9999,sid=u:r:hal_identity_default:s0) Found android.hardware.identity.IIdentityCredentialStore/default in device VINTF manifest.
[    7.705533][    T1] init: starting service 'vendor.contexthub-default'...
[    7.707598][  T172] servicemanager: Caller(pid=411,uid=1001,sid=u:r:hal_radio_default:s0) Found android.hardware.radio.data.IRadioData/slot1 in device VINTF manifest.
[    7.709350][    T1] init: ... started service 'vendor.contexthub-default' has pid 433
[    7.711120][  T172] servicemanager: Caller(pid=412,uid=1000,sid=u:r:hal_sensors_default:s0) Found android.hardware.sensors.ISensors/default in device VINTF manifest.
[    7.713719][    T1] init: starting service 'neuralnetworks_hal_service_aidl_sample_all'...
[    7.714057][  T172] servicemanager: Caller(pid=422,uid=1064,sid=u:r:hal_authsecret_default:s0) Found android.hardware.authsecret.IAuthSecret/default in device VINTF manifest.
[    7.715563][    T1] init: ... started service 'neuralnetworks_hal_service_aidl_sample_all' has pid 437
[    7.717427][  T172] servicemanager: Caller(pid=411,uid=1001,sid=u:r:hal_radio_default:s0) Found android.hardware.radio.ims.IRadioIms/slot1 in device VINTF manifest.
[    7.718932][    T1] init: starting service 'neuralnetworks_hal_service_aidl_sample_limited'...
[    7.720388][  T172] servicemanager: Caller(pid=431,uid=1013,sid=u:r:hal_cas_default:s0) Found android.hardware.cas.IMediaCasService/default in device VINTF manifest.
[    7.722329][    T1] init: ... started service 'neuralnetworks_hal_service_aidl_sample_limited' has pid 440
[    7.723925][  T172] servicemanager: Caller(pid=405,uid=1000,sid=u:r:hal_graphics_allocator_default:s0) Found android.hardware.graphics.allocator.IAllocator/default in device VINTF manifest.
[    7.725368][    T1] init: starting service 'neuralnetworks_hal_service_shim_sample'...
[    7.727991][  T172] servicemanager: Caller(pid=411,uid=1001,sid=u:r:hal_radio_default:s0) Found android.hardware.radio.messaging.IRadioMessaging/slot1 in device VINTF manifest.
[    7.729943][    T1] init: ... started service 'neuralnetworks_hal_service_shim_sample' has pid 442
[    7.732902][  T172] servicemanager: Caller(pid=416,uid=1000,sid=u:r:hal_graphics_composer_default:s0) Found android.hardware.graphics.composer3.IComposer/default in device VINTF manifest.
[    7.735093][  T172] servicemanager: Caller(pid=401,uid=1000,sid=u:r:hal_camera_default:s0) Found android.hardware.camera.provider.ICameraProvider/internal/1 in device VINTF manifest.
[    7.737458][  T172] servicemanager: Caller(pid=418,uid=9999,sid=u:r:hal_light_default:s0) Found android.hardware.light.ILights/default in device VINTF manifest.
[    7.740191][  T172] servicemanager: Caller(pid=411,uid=1001,sid=u:r:hal_radio_default:s0) Found android.hardware.radio.modem.IRadioModem/slot1 in device VINTF manifest.
[    7.742891][  T172] servicemanager: Caller(pid=411,uid=1001,sid=u:r:hal_radio_default:s0) Found android.hardware.radio.network.IRadioNetwork/slot1 in device VINTF manifest.
[    7.746014][  T172] servicemanager: Caller(pid=411,uid=1001,sid=u:r:hal_radio_default:s0) Found android.hardware.radio.sim.IRadioSim/slot1 in device VINTF manifest.
[    7.746980][    T1] init: starting service 'vendor.power-default'...
[    7.748007][  T172] servicemanager: Caller(pid=389,uid=0,sid=u:r:netd:s0) Found android.system.net.netd.INetd/default in framework VINTF manifest.
[    7.749889][    T1] init: ... started service 'vendor.power-default' has pid 451
[    7.750409][  T172] servicemanager: Caller(pid=411,uid=1001,sid=u:r:hal_radio_default:s0) Found android.hardware.radio.voice.IRadioVoice/slot1 in device VINTF manifest.
[    7.751607][    T1] init: starting service 'vendor.power.stats-default'...
[    7.754620][  T172] servicemanager: Caller(pid=411,uid=1001,sid=u:r:hal_radio_default:s0) Found android.hardware.radio.sap.ISap/slot1 in device VINTF manifest.
[    7.756990][    T1] init: ... started service 'vendor.power.stats-default' has pid 453
[    7.758848][  T172] servicemanager: Caller(pid=433,uid=1080,sid=u:r:hal_contexthub_default:s0) Found android.hardware.contexthub.IContextHub/default in device VINTF manifest.
[    7.762517][    T1] init: starting service 'vendor.rebootescrow-default'...
[    7.764022][    T1] init: ... started service 'vendor.rebootescrow-default' has pid 456
[    7.764213][  T172] servicemanager: Caller(pid=400,uid=1041,sid=u:r:hal_audio_default:s0) Found android.hardware.bluetooth.audio.IBluetoothAudioProviderFactory/default in device VINTF manifest.
[    7.768127][    T1] init: starting service 'vendor.thermal-example'...
[    7.769344][  T172] servicemanager: Caller(pid=456,uid=1000,sid=u:r:hal_rebootescrow_default:s0) Found android.hardware.rebootescrow.IRebootEscrow/default in device VINTF manifest.
[    7.770759][    T1] init: ... started service 'vendor.thermal-example' has pid 457
[    7.775546][    T1] init: starting service 'vendor.threadnetwork_hal'...
[    7.775634][  T172] servicemanager: Caller(pid=451,uid=9999,sid=u:r:hal_power_default:s0) Found android.hardware.power.IPower/default in device VINTF manifest.
[    7.777407][    T1] init: ... started service 'vendor.threadnetwork_hal' has pid 458
[    7.779110][  T172] servicemanager: Caller(pid=453,uid=1000,sid=u:r:hal_power_stats_default:s0) Found android.hardware.power.stats.IPowerStats/default in device VINTF manifest.
[    7.782510][  T172] servicemanager: Caller(pid=457,uid=9999,sid=u:r:hal_thermal_default:s0) Found android.hardware.thermal.IThermal/default in device VINTF manifest.
[    7.783789][    T1] init: starting service 'vendor.vibrator-default'...
[    7.785792][  T172] servicemanager: Caller(pid=458,uid=1084,sid=u:r:hal_threadnetwork_default:s0) Found android.hardware.threadnetwork.IThreadChip/chip0 in device VINTF manifest.
[    7.786318][    T1] init: ... started service 'vendor.vibrator-default' has pid 459
[    7.789213][    T1] init: Command 'class_start hal' action=boot (/system/etc/init/hw/init.rc:1209) took 161ms and succeeded
[    7.790785][    T1] init: Service 'exec 12 (/system/bin/kcmdlinectrl update-props)' (pid 398) exited with status 1 oneshot service took 0.175000 seconds in background
[    7.793124][    T1] init: Sending signal 9 to service 'exec 12 (/system/bin/kcmdlinectrl update-props)' (pid 398) process group...
[    7.794879][    T1] libprocessgroup: Removed cgroup /sys/fs/cgroup/system/uid_0/pid_398
[    7.796165][    T1] init: service 'ueventd' requested start, but it is already running (flags: 2084)
[    7.797655][    T1] init: service 'system_aconfigd_socket_service' requested start, but it is already running (flags: 134)
[    7.799156][    T1] init: service 'apexd' requested start, but it is already running (flags: 134)
[    7.800476][    T1] init: starting service 'audioserver'...
[    7.801662][  T172] servicemanager: Caller(pid=440,uid=1000,sid=u:r:hal_neuralnetworks_sample:s0) Found android.hardware.neuralnetworks.IDevice/nnapi-sample_quant in device VINTF manifest.
[    7.803248][    T1] init: ... started service 'audioserver' has pid 460
[    7.804738][    T1] init: starting service 'credstore'...
[    7.805988][    T1] init: ... started service 'credstore' has pid 461
[    7.806817][    T1] init: starting service 'gpu'...
[    7.808272][    T1] init: ... started service 'gpu' has pid 462
[    7.809084][    T1] init: service 'lmkd' requested start, but it is already running (flags: 36)
[    7.810361][    T1] init: starting service 'misctrl'...
[    7.811916][    T1] init: ... started service 'misctrl' has pid 463
[    7.813041][    T1] init: service 'servicemanager' requested start, but it is already running (flags: 2084)
[    7.814341][    T1] init: starting service 'surfaceflinger'...
[    7.815625][  T172] servicemanager: Caller(pid=437,uid=1000,sid=u:r:hal_neuralnetworks_sample:s0) Found android.hardware.neuralnetworks.IDevice/nnapi-sample_all in device VINTF manifest.
[    7.818083][    T1] init: ... started service 'surfaceflinger' has pid 464
[    7.818910][    T1] init: service 'vold' requested start, but it is already running (flags: 2052)
[    7.820231][    T1] init: service 'mainline_aconfigd_socket_service' requested start, but it is already running (flags: 134)
[    7.820851][  T172] servicemanager: Caller(pid=459,uid=9999,sid=u:r:hal_vibrator_default:s0) Found android.hardware.vibrator.IVibrator/default in device VINTF manifest.
[    7.823763][  T172] servicemanager: Caller(pid=459,uid=9999,sid=u:r:hal_vibrator_default:s0) Found android.hardware.vibrator.IVibratorManager/default in device VINTF manifest.
[    7.824015][    T1] init: Service 'misctrl' (pid 463) exited with status 1 oneshot service took 0.012000 seconds in background
[    7.827023][    T1] init: Sending signal 9 to service 'misctrl' (pid 463) process group...
[    7.828242][    T1] libprocessgroup: Removed cgroup /sys/fs/cgroup/system/uid_0/pid_463
[    7.828742][  T172] servicemanager: Caller(pid=402,uid=1000,sid=u:r:hal_camera_default:s0) Found android.hardware.camera.provider.ICameraProvider/internal/0 in device VINTF manifest.
[    7.829840][    T1] init: processing action (boot) from (/system/etc/init/hw/init.usb.rc:109)
[    7.832979][    T1] init: processing action (boot) from (/vendor/etc/init/hw/init.ranchu.rc:82)
[    7.834427][  T172] servicemanager: Caller(pid=442,uid=1000,sid=u:r:hal_neuralnetworks_sample:s0) Found android.hardware.neuralnetworks.IDevice/nnapi-sample_sl_shim in device VINTF manifest.
[    7.834538][    T1] init: processing action (boot) from (/system/etc/init/dumpstate.rc:1)
[    7.837878][    T1] init: processing action (boot) from (/system/etc/init/gsid.rc:25)
[    7.838935][    T1] init: starting service 'exec 13 (/system/bin/gsid run-startup-tasks)'...
[    7.840542][    T1] init: ... started service 'exec 13 (/system/bin/gsid run-startup-tasks)' has pid 466
[    7.841935][    T1] init: processing action (boot) from (/system/etc/init/mmd.rc:10)
[    7.842948][    T1] init: processing action (persist.device_config.aconfig_flags.profcollect_native_boot.enabled= && boot) from (/system/etc/init/profcollectd.rc:19)
[    7.844764][    T1] init: starting service 'exec 14 (/system/bin/profcollectctl reset)'...
[    7.846250][    T1] init: ... started service 'exec 14 (/system/bin/profcollectctl reset)' has pid 467
[    7.847834][    T1] init: processing action (enable_property_trigger) from (<Builtin Action>:0)
[    7.849661][    T1] init: processing action (bootreceiver.enable=1 && ro.product.cpu.abilist64=*) from (/system/etc/init/hw/init.rc:635)
[    7.853055][    T1] init: processing action (net.tcp_def_init_rwnd=*) from (/system/etc/init/hw/init.rc:1241)
[    7.853068][  T180] type=1400 audit(1781180349.132:5): avc:  denied  { write } for  comm="init" name="error_report_end" dev="tracefs" ino=9288 scontext=u:r:init:s0 tcontext=u:object_r:debugfs_bootreceiver_tracing:s0 tclass=dir permissive=0
[    7.854481][    T1] init: processing action (security.perf_harden=1) from (/system/etc/init/hw/init.rc:1266)
[    7.858661][    T1] init: processing action (vendor.qemu.vport.bluetooth=*) from (/vendor/etc/init/hw/init.ranchu.rc:175)
[    7.860247][    T1] init: processing action (vendor.qemu.vport.uwb=*) from (/vendor/etc/init/hw/init.ranchu.rc:183)
[    7.861742][    T1] init: Command 'symlink ${vendor.qemu.vport.uwb} /dev/hvc2' action=vendor.qemu.vport.uwb=* (/vendor/etc/init/hw/init.ranchu.rc:184) took 0ms and failed: symlink() failed: File exists
[    7.864000][    T1] init: starting service 'vendor.uwb_hal'...
[    7.866409][    T1] init: ... started service 'vendor.uwb_hal' has pid 473
[    7.867373][    T1] init: processing action (apexd.status=ready && ro.product.cpu.abilist64=*) from (/system/etc/init/hw/init.boringssl.zygote64.rc:3)
[    7.869360][    T1] init: starting service 'boringssl_self_test_apex64'...
[    7.871176][    T1] init: ... started service 'boringssl_self_test_apex64' has pid 474
[    7.872789][    T1] init: SVC_EXEC service 'boringssl_self_test_apex64' pid 474 (uid 9999 gid 0+0 context default) started; waiting...
[    7.874436][    T1] init: Service 'exec 13 (/system/bin/gsid run-startup-tasks)' (pid 466) exited with status 0 oneshot service took 0.034000 seconds in background
[    7.876159][    T1] init: Sending signal 9 to service 'exec 13 (/system/bin/gsid run-startup-tasks)' (pid 466) process group...
[    7.877646][    T1] libprocessgroup: Removed cgroup /sys/fs/cgroup/system/uid_0/pid_466
[    7.880615][  T172] servicemanager: Caller(pid=473,uid=1083,sid=u:r:hal_uwb_default:s0) Found android.hardware.uwb.IUwb/default in device VINTF manifest.
[    7.890305][    T1] init: Service 'boringssl_self_test_apex64' (pid 474) exited with status 0 waiting took 0.019000 seconds
[    7.891263][    T1] init: Sending signal 9 to service 'boringssl_self_test_apex64' (pid 474) process group...
[    7.892123][    T1] libprocessgroup: Removed cgroup /sys/fs/cgroup/system/uid_9999/pid_474
[    7.893142][    T1] init: processing action (init.svc.audioserver=running) from (/system/etc/init/audioserver.rc:43)
[    7.894591][    T1] init: service 'vendor.audio-hal' requested start, but it is already running (flags: 4)
[    7.896645][    T1] init: Command 'start vendor.audio-hal-aidl' action=init.svc.audioserver=running (/system/etc/init/audioserver.rc:45) took 0ms and failed: service vendor.audio-hal-aidl not found
[    7.899686][    T1] init: Command 'start vendor.audio-effect-hal-aidl' action=init.svc.audioserver=running (/system/etc/init/audioserver.rc:46) took 0ms and failed: service vendor.audio-effect-hal-aidl not found
[    7.902100][    T1] init: Command 'start vendor.audio-hal-4-0-msd' action=init.svc.audioserver=running (/system/etc/init/audioserver.rc:47) took 0ms and failed: service vendor.audio-hal-4-0-msd not found
[    7.904274][    T1] init: Command 'start audio_proxy_service' action=init.svc.audioserver=running (/system/etc/init/audioserver.rc:48) took 0ms and failed: service audio_proxy_service not found
[    7.906591][    T1] init: processing action (ro.persistent_properties.ready=true) from (/system/etc/init/bootstat.rc:57)
[    7.907837][    T1] init: processing action (ro.persistent_properties.ready=true) from (/system/etc/init/bootstat.rc:61)
[    7.909356][    T1] init: starting service 'exec 15 (/system/bin/bootstat --set_system_boot_reason)'...
[    7.913046][    T1] init: ... started service 'exec 15 (/system/bin/bootstat --set_system_boot_reason)' has pid 480
[    7.914071][    T1] init: processing action (bootreceiver.enable=1 && ro.product.cpu.abilist64=*) from (/system/etc/init/dmesgd.rc:7)
[    7.916464][    T1] init: processing action (persist.heapprofd.enable= && traced.lazy.heapprofd=) from (/system/etc/init/heapprofd.rc:49)
[    7.918020][    T1] init: processing action (ro.debuggable=*) from (/system/etc/init/llkd.rc:2)
[    7.919372][    T1] init: processing action (debug.atrace.user_initiated= && persist.traced.enable=1) from (/system/etc/init/perfetto.rc:63)
[    7.920833][    T1] init: starting service 'traced_probes'...
[    7.922393][    T1] init: ... started service 'traced_probes' has pid 481
[    7.923533][    T1] init: processing action (persist.traced.enable=1) from (/system/etc/init/perfetto.rc:75)
[    7.927114][    T1] init: starting service 'traced'...
[    7.927908][    T1] init: Created socket '/dev/socket/traced_consumer', mode 666, user 0, group 0
[    7.929139][    T1] init: Created socket '/dev/socket/traced_producer', mode 666, user 0, group 0
[    7.929695][  T172] servicemanager: Caller(pid=460,uid=1041,sid=u:r:audioserver:s0) Could not find android.hardware.audio.core.IModule/default in the VINTF manifest. No alternative instances declared in VINTF.
[    7.932332][    T1] init: ... started service 'traced' has pid 484
[    7.932869][  T172] servicemanager: Caller(pid=460,uid=1041,sid=u:r:audioserver:s0) Could not find android.hardware.audio.effect.IFactory/default in the VINTF manifest. No alternative instances declared in VINTF.
[    7.933187][    T1] init: Service 'exec 15 (/system/bin/bootstat --set_system_boot_reason)' (pid 480) exited with status 0 oneshot service took 0.021000 seconds in background
[    7.937491][    T1] init: Sending signal 9 to service 'exec 15 (/system/bin/bootstat --set_system_boot_reason)' (pid 480) process group...
[    7.939201][    T1] libprocessgroup: Removed cgroup /sys/fs/cgroup/system/uid_1000/pid_480
[    7.940483][    T1] init: service 'traced_probes' requested start, but it is already running (flags: 132)
[    7.941883][    T1] init: processing action (ro.persistent_properties.ready=true) from (/system/etc/init/perfetto.rc:128)
[    7.943182][    T1] init: processing action (persist.debug.perfetto.persistent_sysui_tracing_for_bugreport=) from (/system/etc/init/perfetto.rc:187)
[    7.944981][    T1] init: processing action (persist.traced_perf.enable= && sys.init.perf_lsm_hooks=1 && traced.lazy.traced_perf=) from (/system/etc/init/traced_perf.rc:44)
[    7.947314][    T1] init: processing action (init.svc.ranchu-adb-setup=stopped) from (/system_ext/etc/init/init.system_ext.rc:1)
[    7.949535][    T1] init: starting service 'adbd'...
[    7.950193][    T1] init: Created socket '/dev/socket/adbd', mode 660, user 1000, group 1000
[    7.952221][    T1] init: ... started service 'adbd' has pid 487
[    7.953151][    T1] init: processing action (nonencrypted) from (/system/etc/init/hw/init.rc:1213)
[    7.954527][    T1] init: starting service 'goldfish-logcat'...
[    7.956154][    T1] init: ... started service 'goldfish-logcat' has pid 488
[    7.957294][    T1] init: starting service 'bt_vhci_forwarder'...
[    7.958717][    T1] init: ... started service 'bt_vhci_forwarder' has pid 489
[    7.960205][    T1] init: service 'zygote' requested start, but it is already running (flags: 4)
[    7.962001][    T1] init: starting service 'cameraserver'...
[    7.962374][  T172] servicemanager: Caller(pid=460,uid=1041,sid=u:r:audioserver:s0) Could not find android.hardware.audio.effect.IFactory/default in the VINTF manifest. No alternative instances declared in VINTF.
[    7.963852][    T1] init: ... started service 'cameraserver' has pid 492
[    7.965670][  T169] logd: logdr: UID=1036 GID=0 PID=488 b tail=0 logMask=99 pid=0 start=0ns deadline=0ns
[    7.966460][    T1] init: starting service 'idmap2d'...
[    7.967855][  T172] servicemanager: Caller(pid=460,uid=1041,sid=u:r:audioserver:s0) Could not find android.hardware.audio.core.IModule/default in the VINTF manifest. No alternative instances declared in VINTF.
[    7.969074][    T1] init: ... started service 'idmap2d' has pid 494
[    7.972043][    T1] init: starting service 'incidentd'...
[    7.974255][    T1] init: ... started service 'incidentd' has pid 499
[    7.975952][    T1] init: starting service 'installd'...
[    7.978202][    T1] init: ... started service 'installd' has pid 500
[    7.979111][    T1] init: starting service 'mediaextractor'...
[    7.980669][    T1] init: ... started service 'mediaextractor' has pid 501
[    7.982088][    T1] init: starting service 'mediametrics'...
[    7.984784][    T1] init: ... started service 'mediametrics' has pid 502
[    7.986057][    T1] init: starting service 'media'...
[    7.988026][    T1] init: ... started service 'media' has pid 503
[    7.988860][    T1] init: service 'netd' requested start, but it is already running (flags: 4)
[    7.990338][    T1] init: starting service 'storaged'...
[    7.991027][    T1] init: Could not open file '/d/mmc0/mmc0:0001/ext_csd': Failed to open file '/d/mmc0/mmc0:0001/ext_csd': No such file or directory
[    7.993665][    T1] init: ... started service 'storaged' has pid 504
[    7.995638][    T1] init: starting service 'wificond'...
[    7.997536][    T1] init: ... started service 'wificond' has pid 505
[    8.000580][    T1] init: starting service 'media.swcodec'...
[    8.002308][    T1] init: ... started service 'media.swcodec' has pid 507
[    8.003384][    T1] init: service 'statsd' requested start, but it is already running (flags: 4)
[    8.004648][    T1] init: Service 'exec 14 (/system/bin/profcollectctl reset)' (pid 467) exited with status 0 oneshot service took 0.158000 seconds in background
[    8.006850][    T1] init: Sending signal 9 to service 'exec 14 (/system/bin/profcollectctl reset)' (pid 467) process group...
[    8.008411][    T1] libprocessgroup: Removed cgroup /sys/fs/cgroup/system/uid_0/pid_467
[    8.009529][    T1] init: starting service 'gatekeeperd'...
[    8.011261][    T1] init: ... started service 'gatekeeperd' has pid 511
[    8.012172][    T1] init: service 'traced' requested start, but it is already running (flags: 132)
[    8.013545][    T1] init: service 'traced_probes' requested start, but it is already running (flags: 132)
[    8.015018][    T1] init: starting service 'usbd'...
[    8.016792][    T1] init: ... started service 'usbd' has pid 512
[    8.017596][    T1] init: processing action (load_persist_props_action) from (/system/etc/init/flags_health_check.rc:1)
[    8.021268][    T1] init: Verified that /data/server_configurable_flags has the encryption policy 0fe6727c4b4531bc9b8b5620a7a3c498 v2 modes 1/4 flags 0x2
[    8.023315][    T1] init: starting service 'exec 16 (/system/bin/flags_health_check BOOT_FAILURE)'...
[    8.025559][    T1] init: ... started service 'exec 16 (/system/bin/flags_health_check BOOT_FAILURE)' has pid 514
[    8.027242][    T1] init: SVC_EXEC service 'exec 16 (/system/bin/flags_health_check BOOT_FAILURE)' pid 514 (uid 1000 gid 1000+0 context default) started; waiting...
[    8.041595][  T172] servicemanager: Caller(pid=505,uid=1010,sid=u:r:wificond:s0) Could not find android.hardware.net.nlinterceptor.IInterceptor/default in the VINTF manifest. No alternative instances declared in VINTF.
[    8.048860][    T1] init: Service 'exec 16 (/system/bin/flags_health_check BOOT_FAILURE)' (pid 514) exited with status 0 waiting took 0.023000 seconds
[    8.049461][  T172] servicemanager: Caller(pid=511,uid=1000,sid=u:r:gatekeeperd:s0) Found android.hardware.gatekeeper.IGatekeeper/default in device VINTF manifest.
[    8.050554][    T1] init: Sending signal 9 to service 'exec 16 (/system/bin/flags_health_check BOOT_FAILURE)' (pid 514) process group...
[    8.053977][    T1] libprocessgroup: Removed cgroup /sys/fs/cgroup/system/uid_1000/pid_514
[    8.054325][  T172] servicemanager: Caller(pid=512,uid=0,sid=u:r:usbd:s0) Could not find android.hardware.usb.gadget.IUsbGadget/default in the VINTF manifest. No alternative instances declared in VINTF.
[    8.055718][    T1] init: starting service 'mdnsd'...
[    8.058874][    T1] init: Created socket '/dev/socket/mdnsd', mode 660, user 1020, group 3003
[    8.062543][    T1] init: ... started service 'mdnsd' has pid 527
[    8.063338][    T1] init: Control message: Processed ctl.start for 'mdnsd' from pid: 487 (/apex/com.android.adbd/bin/adbd --root_seclabel=u:r:su:s0 --tim_seclabel=u:r:adbd_tradeinmode:s0)
[    8.065807][    T1] init: processing action (load_persist_props_action) from (/system/etc/init/logcatd.rc:29)
[    8.067640][    T1] init: Service 'usbd' (pid 512) exited with status 0 oneshot service took 0.051000 seconds in background
[    8.068379][  T172] servicemanager: Caller(pid=504,uid=0,sid=u:r:storaged:s0) Found android.hardware.health.IHealth/default in device VINTF manifest.
[    8.069063][    T1] init: Sending signal 9 to service 'usbd' (pid 512) process group...
[    8.071972][    T1] libprocessgroup: Removed cgroup /sys/fs/cgroup/system/uid_0/pid_512
[    8.074226][    T1] init: processing action (llk.enable=0) from (/system/etc/init/llkd.rc:12)
[    8.075496][    T1] init: processing action (khungtask.enable=0) from (/system/etc/init/llkd.rc:21)
[    8.076921][    T1] init: processing action (init.svc.media=*) from (/system/etc/init/mediaserver.rc:1)
[    8.078236][    T1] init: processing action (khungtask.enable=false) from (/system/etc/init/llkd.rc:31)
[    8.083625][  T172] servicemanager: Caller(pid=464,uid=1000,sid=u:r:surfaceflinger:s0) Found android.hardware.graphics.composer3.IComposer/default in device VINTF manifest.
[    8.088967][  T172] servicemanager: Caller(pid=416,uid=1000,sid=u:r:hal_graphics_composer_default:s0) Found android.hardware.graphics.allocator.IAllocator/default in device VINTF manifest.
[    8.091674][  T172] servicemanager: Caller(pid=416,uid=1000,sid=u:r:hal_graphics_composer_default:s0) Found android.hardware.graphics.allocator.IAllocator/default in device VINTF manifest.
[    8.094083][  T172] servicemanager: Caller(pid=416,uid=1000,sid=u:r:hal_graphics_composer_default:s0) Found mapper/ranchu in device VINTF manifest.
[    8.103428][  T172] servicemanager: Caller(pid=460,uid=1041,sid=u:r:audioserver:s0) Could not find android.hardware.audio.effect.IFactory/default in the VINTF manifest. No alternative instances declared in VINTF.
[    8.106414][  T172] servicemanager: Caller(pid=460,uid=1041,sid=u:r:audioserver:s0) Could not find android.hardware.audio.core.IModule/default in the VINTF manifest. No alternative instances declared in VINTF.
[    8.115387][  T172] servicemanager: Caller(pid=460,uid=1041,sid=u:r:audioserver:s0) Found android.system.suspend.ISystemSuspend/default in framework VINTF manifest.
[    8.123263][  T172] servicemanager: Caller(pid=464,uid=1000,sid=u:r:surfaceflinger:s0) Found android.hardware.graphics.allocator.IAllocator/default in device VINTF manifest.
[    8.125730][  T172] servicemanager: Caller(pid=464,uid=1000,sid=u:r:surfaceflinger:s0) Found android.hardware.graphics.allocator.IAllocator/default in device VINTF manifest.
[    8.127795][  T172] servicemanager: Caller(pid=464,uid=1000,sid=u:r:surfaceflinger:s0) Found mapper/ranchu in device VINTF manifest.
[    8.135245][    T1] init: starting service 'bootanim'...
[    8.140807][    T1] init: ... started service 'bootanim' has pid 554
[    8.141610][    T1] init: Control message: Processed ctl.start for 'bootanim' from pid: 464 (/system/bin/surfaceflinger)
[    8.144080][    T1] init: Control message: Could not find 'android.hardware.media.c2@1.0::IComponentStore/software' for ctl.interface_start from pid: 173 (/system/system_ext/bin/hwservicemanager)
[    8.147906][    T1] init: Control message: Could not find 'android.hardware.media.c2@1.0::IComponentStore/software' for ctl.interface_start from pid: 173 (/system/system_ext/bin/hwservicemanager)
[    8.191485][  T172] servicemanager: Caller(pid=460,uid=1041,sid=u:r:audioserver:s0) Could not find android.hardware.audio.effect.IFactory/default in the VINTF manifest. No alternative instances declared in VINTF.
[    8.195231][  T172] servicemanager: Caller(pid=460,uid=1041,sid=u:r:audioserver:s0) Could not find android.hardware.audio.core.IModule/default in the VINTF manifest. No alternative instances declared in VINTF.
[    8.198203][  T172] servicemanager: Caller(pid=460,uid=1041,sid=u:r:audioserver:s0) Since 'activity' could not be found trying to start it as a lazy AIDL service. (if it's not configured to be a lazy service, it may be stuck starting or still starting).
[    8.203045][  T172] servicemanager: Caller(pid=554,uid=1003,sid=u:r:bootanim:s0) Found android.hardware.graphics.allocator.IAllocator/default in device VINTF manifest.
[    8.204853][    T1] init: Control message: Could not find 'aidl/activity' for ctl.interface_start from pid: 172 (/system/bin/servicemanager)
[    8.206143][  T172] servicemanager: Caller(pid=554,uid=1003,sid=u:r:bootanim:s0) Found android.hardware.graphics.allocator.IAllocator/default in device VINTF manifest.
[    8.208195][  T579] servicemanager: Caller(pid=460,uid=1041,sid=u:r:audioserver:s0) Tried to start aidl service activity as a lazy service, but was unable to. Usually this happens when a service is not installed, but if the service is intended to be used as a lazy service, then it may be configured incorrectly.
[    8.210699][  T172] servicemanager: Caller(pid=507,uid=1046,sid=u:r:mediaswcodec:s0) Found android.hardware.media.c2.IComponentStore/software in framework VINTF manifest.
[    8.219347][  T172] servicemanager: Caller(pid=554,uid=1003,sid=u:r:bootanim:s0) Found mapper/ranchu in device VINTF manifest.
[    8.221807][  T172] servicemanager: Caller(pid=507,uid=1046,sid=u:r:mediaswcodec:s0) Found android.hardware.media.c2.IComponentStore/software in framework VINTF manifest.
[    8.236267][  T172] servicemanager: Caller(pid=507,uid=1046,sid=u:r:mediaswcodec:s0) Found android.hardware.graphics.allocator.IAllocator/default in device VINTF manifest.
[    8.238668][  T172] servicemanager: Caller(pid=507,uid=1046,sid=u:r:mediaswcodec:s0) Found android.hardware.graphics.allocator.IAllocator/default in device VINTF manifest.
[    8.241021][  T172] servicemanager: Caller(pid=507,uid=1046,sid=u:r:mediaswcodec:s0) Found mapper/ranchu in device VINTF manifest.
[    8.322756][  T172] servicemanager: Caller(pid=492,uid=1047,sid=u:r:cameraserver:s0) Found android.frameworks.cameraservice.service.ICameraService/default in framework VINTF manifest.
[    8.326989][  T172] servicemanager: Caller(pid=492,uid=1047,sid=u:r:cameraserver:s0) Found android.frameworks.cameraservice.service.ICameraService/default in framework VINTF manifest.
[    8.411421][  T180] type=1400 audit(1781180349.688:6): avc:  denied  { read } for  comm="main" name="u:object_r:serialno_prop:s0" dev="tmpfs" ino=312 scontext=u:r:zygote:s0 tcontext=u:object_r:serialno_prop:s0 tclass=file permissive=0
[    8.834677][  T357] apexd: getActivePackages received by ApexService
[    8.843976][  T172] servicemanager: Caller(pid=605,uid=1000,sid=u:r:system_server:s0) Found android.hardware.power.stats.IPowerStats/default in device VINTF manifest.
[    8.847038][  T172] servicemanager: Caller(pid=605,uid=1000,sid=u:r:system_server:s0) Found android.frameworks.stats.IStats/default in framework VINTF manifest.
[    8.851025][  T172] servicemanager: Caller(pid=605,uid=1000,sid=u:r:system_server:s0) Could not find android.hardware.memtrack.IMemtrack/default in the VINTF manifest. No alternative instances declared in VINTF.
[    8.907769][  T172] servicemanager: Caller(pid=605,uid=1000,sid=u:r:system_server:s0) Found android.system.suspend.ISystemSuspend/default in framework VINTF manifest.
[    8.909856][  T172] servicemanager: Caller(pid=605,uid=1000,sid=u:r:system_server:s0) Found android.hardware.power.IPower/default in device VINTF manifest.
[    8.913572][  T172] servicemanager: Caller(pid=605,uid=1000,sid=u:r:system_server:s0) Found android.hardware.light.ILights/default in device VINTF manifest.
[    8.954019][  T357] apexd: getAllPackages received by ApexService
[    9.124834][  T172] BpBinder: onLastStrongRef automatically unlinking death recipients: 
[    9.126899][  T172] servicemanager: Caller(pid=460,uid=1041,sid=u:r:audioserver:s0) Since 'sensor_privacy' could not be found trying to start it as a lazy AIDL service. (if it's not configured to be a lazy service, it may be stuck starting or still starting).
[    9.131551][    T1] init: Control message: Could not find 'aidl/sensor_privacy' for ctl.interface_start from pid: 172 (/system/bin/servicemanager)
[    9.134924][  T697] servicemanager: Caller(pid=460,uid=1041,sid=u:r:audioserver:s0) Tried to start aidl service sensor_privacy as a lazy service, but was unable to. Usually this happens when a service is not installed, but if the service is intended to be used as a lazy service, then it may be configured incorrectly.
[    9.138538][    T1] init: service 'idmap2d' requested start, but it is already running (flags: 4)
[    9.140166][    T1] init: Control message: Processed ctl.start for 'idmap2d' from pid: 605 (system_server)
[    9.192684][  T172] BpBinder: onLastStrongRef automatically unlinking death recipients: 
[    9.193621][  T172] servicemanager: Caller(pid=605,uid=1000,sid=u:r:system_server:s0) Found android.hardware.sensors.ISensors/default in device VINTF manifest.
[    9.195164][  T172] servicemanager: Caller(pid=605,uid=1000,sid=u:r:system_server:s0) Found android.hardware.health.IHealth/default in device VINTF manifest.
[    9.198130][  T406] healthd: battery none chg=
[    9.235681][  T172] servicemanager: Caller(pid=605,uid=1000,sid=u:r:system_server:s0) Found android.hardware.power.IPower/default in device VINTF manifest.
[    9.238944][  T172] servicemanager: Caller(pid=605,uid=1000,sid=u:r:system_server:s0) Found android.hardware.vibrator.IVibratorManager/default in device VINTF manifest.
[    9.241042][  T172] servicemanager: Caller(pid=605,uid=1000,sid=u:r:system_server:s0) Found android.frameworks.vibrator.IVibratorControlService/default in framework VINTF manifest.
[    9.242462][  T172] servicemanager: Caller(pid=605,uid=1000,sid=u:r:system_server:s0) Found android.frameworks.vibrator.IVibratorControlService/default in framework VINTF manifest.
[    9.249434][  T172] servicemanager: Caller(pid=605,uid=1000,sid=u:r:system_server:s0) Found android.frameworks.devicestate.IDeviceStateService/default in framework VINTF manifest.
[    9.251842][  T172] servicemanager: Caller(pid=605,uid=1000,sid=u:r:system_server:s0) Found android.frameworks.devicestate.IDeviceStateService/default in framework VINTF manifest.
[    9.269006][  T172] servicemanager: Caller(pid=605,uid=1000,sid=u:r:system_server:s0) Found android.frameworks.sensorservice.ISensorManager/default in framework VINTF manifest.
[    9.288847][    T1] init: processing action (sys.sysctl.extra_free_kbytes=*) from (/system/etc/init/hw/init.rc:1232)
[    9.291007][    T1] init: starting service 'exec 17 (/system/bin/extra_free_kbytes.sh 30375)'...
[    9.293479][    T1] init: ... started service 'exec 17 (/system/bin/extra_free_kbytes.sh 30375)' has pid 744
[    9.294798][    T1] init: SVC_EXEC service 'exec 17 (/system/bin/extra_free_kbytes.sh 30375)' pid 744 (uid 0 gid 0+0 context default) started; waiting...
[    9.306330][  T172] servicemanager: Caller(pid=605,uid=1000,sid=u:r:system_server:s0) Could not find android.hardware.oemlock.IOemLock/default in the VINTF manifest. No alternative instances declared in VINTF.
[    9.331462][  T172] servicemanager: Caller(pid=605,uid=1000,sid=u:r:system_server:s0) Found android.hardware.wifi.IWifi/default in device VINTF manifest.
[    9.333206][    T1] init: Service 'exec 17 (/system/bin/extra_free_kbytes.sh 30375)' (pid 744) exited with status 0 waiting took 0.039000 seconds
[    9.334743][    T1] init: Sending signal 9 to service 'exec 17 (/system/bin/extra_free_kbytes.sh 30375)' (pid 744) process group...
[    9.334900][  T172] servicemanager: Caller(pid=605,uid=1000,sid=u:r:system_server:s0) Found android.hardware.wifi.supplicant.ISupplicant/default in device VINTF manifest.
[    9.336040][    T1] libprocessgroup: Removed cgroup /sys/fs/cgroup/system/uid_0/pid_744
[    9.339749][  T172] servicemanager: Caller(pid=605,uid=1000,sid=u:r:system_server:s0) Found android.hardware.wifi.supplicant.ISupplicant/default in device VINTF manifest.
[    9.370686][  T172] servicemanager: Caller(pid=605,uid=1000,sid=u:r:system_server:s0) Found android.frameworks.location.altitude.IAltitudeService/default in framework VINTF manifest.
[    9.387623][  T172] servicemanager: Caller(pid=605,uid=1000,sid=u:r:system_server:s0) Could not find android.hardware.soundtrigger3.ISoundTriggerHw/default in the VINTF manifest. No alternative instances declared in VINTF.
[    9.393628][  T172] servicemanager: Caller(pid=605,uid=1000,sid=u:r:system_server:s0) Found android.hardware.thermal.IThermal/default in device VINTF manifest.
[    9.414475][  T172] servicemanager: Caller(pid=605,uid=1000,sid=u:r:system_server:s0) Found android.hardware.biometrics.fingerprint.IFingerprint/default in device VINTF manifest.
[    9.416670][  T172] servicemanager: Caller(pid=605,uid=1000,sid=u:r:system_server:s0) Since 'android.hardware.biometrics.fingerprint.IFingerprint/default' could not be found trying to start it as a lazy AIDL service. (if it's not configured to be a lazy service, it may be stuck starting or still starting).
[    9.422117][    T1] init: starting service 'vendor.biometrics.fingerprint-service.ranchu'...
[    9.425396][    T1] init: ... started service 'vendor.biometrics.fingerprint-service.ranchu' has pid 820
[    9.426379][    T1] init: Control message: Processed ctl.interface_start for 'aidl/android.hardware.biometrics.fingerprint.IFingerprint/default' from pid: 172 (/system/bin/servicemanager)
[    9.431032][  T172] servicemanager: Caller(pid=820,uid=1000,sid=u:r:hal_fingerprint_default:s0) Found android.hardware.biometrics.fingerprint.IFingerprint/default in device VINTF manifest.
[    9.434050][  T172] servicemanager: Notifying android.hardware.biometrics.fingerprint.IFingerprint/default they do (previously: don't) have clients when service is guaranteed to be in use
[    9.436891][  T172] BpBinder: onLastStrongRef automatically unlinking death recipients: 
[    9.439741][  T172] servicemanager: Caller(pid=605,uid=1000,sid=u:r:system_server:s0) Found android.hardware.biometrics.fingerprint.IFingerprint/default in device VINTF manifest.
[    9.447248][  T172] servicemanager: Caller(pid=605,uid=1000,sid=u:r:system_server:s0) Found android.hardware.authsecret.IAuthSecret/default in device VINTF manifest.
[    9.457124][  T180] type=1400 audit(1781180350.736:7): avc:  denied  { read } for  comm="binder:196_1" name="name" dev="sysfs" ino=34565 scontext=u:r:system_suspend:s0 tcontext=u:object_r:sysfs:s0 tclass=file permissive=0
[    9.461911][  T180] type=1400 audit(1781180350.736:8): avc:  denied  { read } for  comm="binder:196_1" name="active_count" dev="sysfs" ino=34566 scontext=u:r:system_suspend:s0 tcontext=u:object_r:sysfs:s0 tclass=file permissive=0
[    9.464639][  T180] type=1400 audit(1781180350.736:9): avc:  denied  { read } for  comm="binder:196_1" name="last_change_ms" dev="sysfs" ino=34573 scontext=u:r:system_suspend:s0 tcontext=u:object_r:sysfs:s0 tclass=file permissive=0
[    9.468899][  T180] type=1400 audit(1781180350.736:10): avc:  denied  { read } for  comm="binder:196_1" name="max_time_ms" dev="sysfs" ino=34572 scontext=u:r:system_suspend:s0 tcontext=u:object_r:sysfs:s0 tclass=file permissive=0
[    9.472999][  T180] type=1400 audit(1781180350.736:11): avc:  denied  { read } for  comm="binder:196_1" name="total_time_ms" dev="sysfs" ino=34571 scontext=u:r:system_suspend:s0 tcontext=u:object_r:sysfs:s0 tclass=file permissive=0
[    9.476722][  T180] type=1400 audit(1781180350.736:12): avc:  denied  { read } for  comm="binder:196_1" name="active_time_ms" dev="sysfs" ino=34570 scontext=u:r:system_suspend:s0 tcontext=u:object_r:sysfs:s0 tclass=file permissive=0
[    9.480533][  T180] type=1400 audit(1781180350.736:13): avc:  denied  { read } for  comm="binder:196_1" name="event_count" dev="sysfs" ino=34567 scontext=u:r:system_suspend:s0 tcontext=u:object_r:sysfs:s0 tclass=file permissive=0
[    9.483890][  T180] type=1400 audit(1781180350.736:14): avc:  denied  { read } for  comm="binder:196_1" name="expire_count" dev="sysfs" ino=34569 scontext=u:r:system_suspend:s0 tcontext=u:object_r:sysfs:s0 tclass=file permissive=0
[    9.486998][  T180] type=1400 audit(1781180350.736:15): avc:  denied  { read } for  comm="binder:196_1" name="prevent_suspend_time_ms" dev="sysfs" ino=34574 scontext=u:r:system_suspend:s0 tcontext=u:object_r:sysfs:s0 tclass=file permissive=0
[    9.488839][  T172] servicemanager: Caller(pid=605,uid=1000,sid=u:r:system_server:s0) Found android.hardware.wifi.IWifi/default in device VINTF manifest.
[    9.490312][  T180] type=1400 audit(1781180350.736:16): avc:  denied  { read } for  comm="binder:196_1" name="wakeup_count" dev="sysfs" ino=34568 scontext=u:r:system_suspend:s0 tcontext=u:object_r:sysfs:s0 tclass=file permissive=0
[    9.491396][  T172] servicemanager: Caller(pid=605,uid=1000,sid=u:r:system_server:s0) Since 'ot_daemon' could not be found trying to start it as a lazy AIDL service. (if it's not configured to be a lazy service, it may be stuck starting or still starting).
[    9.493227][  T180] type=1400 audit(1781180350.740:17): avc:  denied  { read } for  comm="binder:196_1" name="name" dev="sysfs" ino=34633 scontext=u:r:system_suspend:s0 tcontext=u:object_r:sysfs:s0 tclass=file permissive=0
[    9.495781][    T1] init: starting service 'ot-daemon'...
[    9.497739][  T180] type=1400 audit(1781180350.740:18): avc:  denied  { read } for  comm="binder:196_1" name="active_count" dev="sysfs" ino=34634 scontext=u:r:system_suspend:s0 tcontext=u:object_r:sysfs:s0 tclass=file permissive=0
[    9.498921][    T1] init: Created socket '/dev/socket/ot-daemon/thread-wpan.sock', mode 660, user 1084, group 1084
[    9.500146][  T172] servicemanager: Caller(pid=605,uid=1000,sid=u:r:system_server:s0) Found android.hardware.wifi.IWifi/default in device VINTF manifest.
[    9.501131][  T180] type=1400 audit(1781180350.740:19): avc:  denied  { read } for  comm="binder:196_1" name="last_change_ms" dev="sysfs" ino=34641 scontext=u:r:system_suspend:s0 tcontext=u:object_r:sysfs:s0 tclass=file permissive=0
[    9.504520][  T172] servicemanager: Caller(pid=605,uid=1000,sid=u:r:system_server:s0) Found android.hardware.health.IHealth/default in device VINTF manifest.
[    9.505364][  T180] type=1400 audit(1781180350.740:20): avc:  denied  { read } for  comm="binder:196_1" name="max_time_ms" dev="sysfs" ino=34640 scontext=u:r:system_suspend:s0 tcontext=u:object_r:sysfs:s0 tclass=file permissive=0
[    9.508502][  T172] servicemanager: Caller(pid=605,uid=1000,sid=u:r:system_server:s0) Found android.hardware.wifi.IWifi/default in device VINTF manifest.
[    9.508725][    T1] init: ... started service 'ot-daemon' has pid 838
[    9.508735][    T1] init: Control message: Processed ctl.interface_start for 'aidl/ot_daemon' from pid: 172 (/system/bin/servicemanager)
[    9.510281][  T180] type=1400 audit(1781180350.740:21): avc:  denied  { read } for  comm="binder:196_1" name="total_time_ms" dev="sysfs" ino=34639 scontext=u:r:system_suspend:s0 tcontext=u:object_r:sysfs:s0 tclass=file permissive=0
[    9.510288][  T180] type=1400 audit(1781180350.740:22): avc:  denied  { read } for  comm="binder:196_1" name="active_time_ms" dev="sysfs" ino=34638 scontext=u:r:system_suspend:s0 tcontext=u:object_r:sysfs:s0 tclass=file permissive=0
[    9.510293][  T180] type=1400 audit(1781180350.740:23): avc:  denied  { read } for  comm="binder:196_1" name="event_count" dev="sysfs" ino=34635 scontext=u:r:system_suspend:s0 tcontext=u:object_r:sysfs:s0 tclass=file permissive=0
[    9.510298][  T180] type=1400 audit(1781180350.740:24): avc:  denied  { read } for  comm="binder:196_1" name="expire_count" dev="sysfs" ino=34637 scontext=u:r:system_suspend:s0 tcontext=u:object_r:sysfs:s0 tclass=file permissive=0
[    9.510303][  T180] type=1400 audit(1781180350.740:25): avc:  denied  { read } for  comm="binder:196_1" name="prevent_suspend_time_ms" dev="sysfs" ino=34642 scontext=u:r:system_suspend:s0 tcontext=u:object_r:sysfs:s0 tclass=file permissive=0
[    9.510308][  T180] type=1400 audit(1781180350.740:26): avc:  denied  { read } for  comm="binder:196_1" name="wakeup_count" dev="sysfs" ino=34636 scontext=u:r:system_suspend:s0 tcontext=u:object_r:sysfs:s0 tclass=file permissive=0
[    9.530800][  T357] apexd: getSessions() received by ApexService
[    9.537332][  T172] servicemanager: Caller(pid=605,uid=1000,sid=u:r:system_server:s0) Found android.hardware.wifi.IWifi/default in device VINTF manifest.
[    9.541940][  T172] servicemanager: Caller(pid=605,uid=1000,sid=u:r:system_server:s0) Found android.hardware.wifi.IWifi/default in device VINTF manifest.
[    9.543416][  T172] servicemanager: Caller(pid=605,uid=1000,sid=u:r:system_server:s0) Found android.hardware.wifi.supplicant.ISupplicant/default in device VINTF manifest.
[    9.544920][  T172] servicemanager: Notifying ot_daemon they do (previously: don't) have clients when service is guaranteed to be in use
[    9.546094][  T172] BpBinder: onLastStrongRef automatically unlinking death recipients: 
[    9.546911][  T172] servicemanager: Caller(pid=605,uid=1000,sid=u:r:system_server:s0) Found android.hardware.wifi.supplicant.ISupplicant/default in device VINTF manifest.
[    9.548396][  T172] servicemanager: Caller(pid=605,uid=1000,sid=u:r:system_server:s0) Since 'android.hardware.wifi.supplicant.ISupplicant/default' could not be found trying to start it as a lazy AIDL service. (if it's not configured to be a lazy service, it may be stuck starting or still starting).
[    9.551889][    T1] init: starting service 'wpa_supplicant'...
[    9.552886][    T1] init: Created socket '/dev/socket/wpa_wlan0', mode 660, user 1010, group 1010
[    9.555250][    T1] init: ... started service 'wpa_supplicant' has pid 851
[    9.556214][    T1] init: Control message: Processed ctl.interface_start for 'aidl/android.hardware.wifi.supplicant.ISupplicant/default' from pid: 172 (/system/bin/servicemanager)
[    9.567647][  T851] capability: warning: `wpa_supplicant' uses 32-bit capabilities (legacy support in use)
[    9.570701][  T172] servicemanager: Caller(pid=851,uid=1010,sid=u:r:hal_wifi_supplicant_default:s0) Found android.hardware.wifi.supplicant.ISupplicant/default in device VINTF manifest.
[    9.572987][  T172] BpBinder: onLastStrongRef automatically unlinking death recipients: 
[    9.580957][  T172] servicemanager: Caller(pid=605,uid=1000,sid=u:r:system_server:s0) Found android.hardware.wifi.IWifi/default in device VINTF manifest.
[    9.582968][  T172] servicemanager: Caller(pid=605,uid=1000,sid=u:r:system_server:s0) Found android.hardware.thermal.IThermal/default in device VINTF manifest.
[    9.590034][  T172] servicemanager: Caller(pid=605,uid=1000,sid=u:r:system_server:s0) Could not find android.hardware.input.processor.IInputProcessor/default in the VINTF manifest. No alternative instances declared in VINTF.
[    9.677686][  T172] servicemanager: Caller(pid=605,uid=1000,sid=u:r:system_server:s0) Found android.hardware.gnss.IGnss/default in device VINTF manifest.
[    9.681524][  T172] servicemanager: Caller(pid=605,uid=1000,sid=u:r:system_server:s0) Since 'android.hardware.gnss.IGnss/default' could not be found trying to start it as a lazy AIDL service. (if it's not configured to be a lazy service, it may be stuck starting or still starting).
[    9.685523][    T1] init: starting service 'vendor.gnss.ranchu'...
[    9.687896][    T1] init: ... started service 'vendor.gnss.ranchu' has pid 940
[    9.688787][    T1] init: Control message: Processed ctl.interface_start for 'aidl/android.hardware.gnss.IGnss/default' from pid: 172 (/system/bin/servicemanager)
[    9.694918][  T172] servicemanager: Caller(pid=940,uid=1021,sid=u:r:hal_gnss_default:s0) Found android.hardware.gnss.IGnss/default in device VINTF manifest.
[    9.697883][  T172] servicemanager: Notifying android.hardware.gnss.IGnss/default they do (previously: don't) have clients when service is guaranteed to be in use
[    9.700308][  T172] BpBinder: onLastStrongRef automatically unlinking death recipients: 
[    9.807575][  T172] servicemanager: Caller(pid=996,uid=1068,sid=u:r:secure_element:s0:c44,c260,c512,c768) Could not find android.hardware.secure_element.ISecureElement/eSE1 in the VINTF manifest. No alternative instances declared in VINTF.
[    9.810731][  T172] servicemanager: Caller(pid=996,uid=1068,sid=u:r:secure_element:s0:c44,c260,c512,c768) Could not find android.hardware.secure_element.ISecureElement/SIM1 in the VINTF manifest. No alternative instances declared in VINTF.
[    9.841386][  T172] servicemanager: Caller(pid=605,uid=1000,sid=u:r:system_server:s0) Could not find android.hardware.input.processor.IInputProcessor/default in the VINTF manifest. No alternative instances declared in VINTF.
[    9.852105][  T172] servicemanager: Caller(pid=997,uid=1001,sid=u:r:radio:s0) Found android.hardware.radio.data.IRadioData/slot1 in device VINTF manifest.
[    9.854701][  T172] servicemanager: Caller(pid=997,uid=1001,sid=u:r:radio:s0) Found android.hardware.radio.data.IRadioData/slot1 in device VINTF manifest.
[    9.856832][  T172] servicemanager: Caller(pid=997,uid=1001,sid=u:r:radio:s0) Found android.hardware.radio.messaging.IRadioMessaging/slot1 in device VINTF manifest.
[    9.858931][  T172] servicemanager: Caller(pid=997,uid=1001,sid=u:r:radio:s0) Found android.hardware.radio.modem.IRadioModem/slot1 in device VINTF manifest.
[    9.859617][    T1] init: Untracked pid 993 exited with status 0
[    9.860729][  T172] servicemanager: Caller(pid=997,uid=1001,sid=u:r:radio:s0) Found android.hardware.radio.network.IRadioNetwork/slot1 in device VINTF manifest.
[    9.861964][    T1] init: Untracked pid 993 did not have an associated service entry and will not be reaped
[    9.862465][  T172] servicemanager: Caller(pid=997,uid=1001,sid=u:r:radio:s0) Found android.hardware.radio.sim.IRadioSim/slot1 in device VINTF manifest.
[    9.865139][    T1] init: Untracked pid 995 exited with status 0
[    9.865911][  T172] servicemanager: Caller(pid=997,uid=1001,sid=u:r:radio:s0) Found android.hardware.radio.voice.IRadioVoice/slot1 in device VINTF manifest.
[    9.866406][    T1] init: Untracked pid 995 did not have an associated service entry and will not be reaped
[    9.867983][  T172] servicemanager: Caller(pid=997,uid=1001,sid=u:r:radio:s0) Found android.hardware.radio.ims.IRadioIms/slot1 in device VINTF manifest.
[    9.871575][  T172] servicemanager: Caller(pid=997,uid=1001,sid=u:r:radio:s0) Found android.hardware.radio.modem.IRadioModem/slot1 in device VINTF manifest.
[    9.875136][  T172] servicemanager: Caller(pid=997,uid=1001,sid=u:r:radio:s0) Found android.hardware.radio.data.IRadioData/slot1 in device VINTF manifest.
[    9.880088][  T172] servicemanager: Caller(pid=997,uid=1001,sid=u:r:radio:s0) Found android.hardware.radio.messaging.IRadioMessaging/slot1 in device VINTF manifest.
[    9.884224][  T172] servicemanager: Caller(pid=997,uid=1001,sid=u:r:radio:s0) Found android.hardware.radio.ims.IRadioIms/slot1 in device VINTF manifest.
[    9.886890][  T172] servicemanager: Caller(pid=997,uid=1001,sid=u:r:radio:s0) Found android.hardware.radio.voice.IRadioVoice/slot1 in device VINTF manifest.
[    9.889477][  T172] servicemanager: Caller(pid=997,uid=1001,sid=u:r:radio:s0) Found android.hardware.radio.data.IRadioData/slot1 in device VINTF manifest.
[    9.891669][  T172] servicemanager: Caller(pid=997,uid=1001,sid=u:r:radio:s0) Found android.hardware.radio.data.IRadioData/slot1 in device VINTF manifest.
[    9.894185][  T172] servicemanager: Caller(pid=997,uid=1001,sid=u:r:radio:s0) Found android.hardware.radio.messaging.IRadioMessaging/slot1 in device VINTF manifest.
[    9.896020][  T172] servicemanager: Caller(pid=997,uid=1001,sid=u:r:radio:s0) Found android.hardware.radio.messaging.IRadioMessaging/slot1 in device VINTF manifest.
[    9.899570][  T172] servicemanager: Caller(pid=997,uid=1001,sid=u:r:radio:s0) Found android.hardware.radio.modem.IRadioModem/slot1 in device VINTF manifest.
[    9.902762][  T172] servicemanager: Caller(pid=997,uid=1001,sid=u:r:radio:s0) Found android.hardware.radio.network.IRadioNetwork/slot1 in device VINTF manifest.
[    9.905807][  T172] servicemanager: Caller(pid=997,uid=1001,sid=u:r:radio:s0) Found android.hardware.radio.network.IRadioNetwork/slot1 in device VINTF manifest.
[    9.908177][  T172] servicemanager: Caller(pid=997,uid=1001,sid=u:r:radio:s0) Found android.hardware.radio.sim.IRadioSim/slot1 in device VINTF manifest.
[    9.910880][  T172] servicemanager: Caller(pid=997,uid=1001,sid=u:r:radio:s0) Found android.hardware.radio.sim.IRadioSim/slot1 in device VINTF manifest.
[    9.913190][  T172] servicemanager: Caller(pid=997,uid=1001,sid=u:r:radio:s0) Found android.hardware.radio.voice.IRadioVoice/slot1 in device VINTF manifest.
[    9.915552][  T172] servicemanager: Caller(pid=997,uid=1001,sid=u:r:radio:s0) Found android.hardware.radio.voice.IRadioVoice/slot1 in device VINTF manifest.
[    9.919782][  T172] servicemanager: Caller(pid=997,uid=1001,sid=u:r:radio:s0) Found android.hardware.radio.ims.IRadioIms/slot1 in device VINTF manifest.
[    9.922581][  T172] servicemanager: Caller(pid=997,uid=1001,sid=u:r:radio:s0) Found android.hardware.radio.ims.IRadioIms/slot1 in device VINTF manifest.
[    9.926607][  T172] servicemanager: Caller(pid=997,uid=1001,sid=u:r:radio:s0) Found android.hardware.radio.ims.IRadioIms/slot1 in device VINTF manifest.
[    9.930521][  T172] servicemanager: Caller(pid=1007,uid=1000,sid=u:r:system_app:s0) Found android.hardware.graphics.allocator.IAllocator/default in device VINTF manifest.
[    9.933046][  T172] servicemanager: Caller(pid=1007,uid=1000,sid=u:r:system_app:s0) Found android.hardware.graphics.allocator.IAllocator/default in device VINTF manifest.
[    9.935202][  T172] servicemanager: Caller(pid=997,uid=1001,sid=u:r:radio:s0) Found android.hardware.radio.config.IRadioConfig/default in device VINTF manifest.
[    9.938228][  T172] servicemanager: Caller(pid=1007,uid=1000,sid=u:r:system_app:s0) Found mapper/ranchu in device VINTF manifest.
[    9.971127][  T172] servicemanager: Caller(pid=862,uid=10117,sid=u:r:platform_app:s0:c512,c768) Found android.hardware.graphics.allocator.IAllocator/default in device VINTF manifest.
[    9.974791][  T172] servicemanager: Caller(pid=862,uid=10117,sid=u:r:platform_app:s0:c512,c768) Found android.hardware.graphics.allocator.IAllocator/default in device VINTF manifest.
[    9.978513][  T172] servicemanager: Caller(pid=862,uid=10117,sid=u:r:platform_app:s0:c512,c768) Found mapper/ranchu in device VINTF manifest.
[   10.177747][    T1] init: Service 'bootanim' (pid 554) exited with status 0 oneshot service took 2.041000 seconds in background
[   10.178876][    T1] init: Sending signal 9 to service 'bootanim' (pid 554) process group...
[   10.180141][    T1] libprocessgroup: Removed cgroup /sys/fs/cgroup/system/uid_1003/pid_554
[   10.201496][  T172] servicemanager: Caller(pid=464,uid=1000,sid=u:r:surfaceflinger:s0) Found android.hardware.power.IPower/default in device VINTF manifest.
[   10.218116][  T357] apexd: markBootCompleted() received by ApexService
[   10.225573][    T1] init: processing action (sys.boot_completed=1) from (/system/etc/init/hw/init.rc:1223)
[   10.227615][    T1] init: starting service 'exec 18 (/bin/rm -rf /data/per_boot)'...
[   10.232994][    T1] init: ... started service 'exec 18 (/bin/rm -rf /data/per_boot)' has pid 1247
[   10.236312][    T1] init: SVC_EXEC service 'exec 18 (/bin/rm -rf /data/per_boot)' pid 1247 (uid 1000 gid 1000+0 context default) started; waiting...
[   10.241101][    T1] init: Service 'exec 18 (/bin/rm -rf /data/per_boot)' (pid 1247) exited with status 0 waiting took 0.008000 seconds
[   10.243867][    T1] init: Sending signal 9 to service 'exec 18 (/bin/rm -rf /data/per_boot)' (pid 1247) process group...
[   10.244819][ T1259] selinux: SELinux: Skipping restorecon on directory(/data/system_ce/0)
[   10.246993][    T1] libprocessgroup: Removed cgroup /sys/fs/cgroup/system/uid_1000/pid_1247
[   10.247640][ T1265] selinux: SELinux: Skipping restorecon on directory(/data/vendor_ce/0)
[   10.248533][    T1] init: Encryption policy of /data/per_boot set to e96f72ebe9241d92e1e9ca7a3b20e320 v2 modes 1/4 flags 0x2
[   10.251344][    T1] init: processing action (sys.boot_completed=1) from (/vendor/etc/init/hw/init.ranchu.rc:199)
[   10.252035][ T1268] selinux: SELinux: Skipping restorecon on directory(/data/misc_ce/0)
[   10.252563][    T1] init: Command 'start vendor.ril-daemon' action=sys.boot_completed=1 (/vendor/etc/init/hw/init.ranchu.rc:201) took 0ms and failed: service vendor.ril-daemon not found
[   10.258452][    T1] init: processing action (sys.boot_completed=1 && sys.bootstat.first_boot_completed=0) from (/system/etc/init/bootstat.rc:67)
[   10.260543][    T1] init: starting service 'exec 19 (/system/bin/bootstat --record_boot_complete --record_boot_reason --record_time_since_factory_reset -l)'...
[   10.263133][    T1] init: ... started service 'exec 19 (/system/bin/bootstat --record_boot_complete --record_boot_reason --record_time_since_factory_reset -l)' has pid 1272
[   10.266974][    T1] init: processing action (sys.boot_completed=1) from (/system/etc/init/dmesgd.rc:4)
[   10.268827][    T1] init: processing action (sys.boot_completed=1) from (/system/etc/init/flags_health_check.rc:7)
[   10.274274][    T1] init: Service 'exec 19 (/system/bin/bootstat --record_boot_complete --record_boot_reason --record_time_since_factory_reset -l)' (pid 1272) exited with status 0 oneshot service took 0.011000 seconds in background
[   10.278680][    T1] init: Sending signal 9 to service 'exec 19 (/system/bin/bootstat --record_boot_complete --record_boot_reason --record_time_since_factory_reset -l)' (pid 1272) process group...
[   10.282469][    T1] libprocessgroup: Removed cgroup /sys/fs/cgroup/system/uid_1000/pid_1272
[   10.284184][    T1] init: processing action (persist.dbg.keep_debugfs_mounted= && ro.product.debugfs_restrictions.enabled=true && sys.boot_completed=1) from (/system/etc/init/init-debug.rc:15)
[   10.288015][    T1] init: processing action (sys.boot_completed=1) from (/system/etc/init/lmkd.rc:13)
[   10.290188][    T1] init: starting service 'exec 20 (/system/bin/lmkd --boot_completed)'...
[   10.292627][    T1] init: ... started service 'exec 20 (/system/bin/lmkd --boot_completed)' has pid 1276
[   10.293935][    T1] init: processing action (sys.boot_completed=1) from (/system/etc/init/logd.rc:34)
[   10.295312][    T1] init: starting service 'logd-auditctl'...
[   10.300106][    T1] init: ... started service 'logd-auditctl' has pid 1279
[   10.302575][    T1] init: Service 'exec 20 (/system/bin/lmkd --boot_completed)' (pid 1276) exited with status 0 oneshot service took 0.010000 seconds in background
[   10.304142][    T1] init: Sending signal 9 to service 'exec 20 (/system/bin/lmkd --boot_completed)' (pid 1276) process group...
[   10.305350][  T357] apexd: destroyCeSnapshotsNotSpecified() received by ApexService user_id : 0 retain_rollback_ids : []
[   10.307313][    T1] libprocessgroup: Removed cgroup /sys/fs/cgroup/system/uid_0/pid_1276
[   10.310372][    T1] init: Service 'logd-auditctl' (pid 1279) exited with status 0 oneshot service took 0.011000 seconds in background
[   10.312903][    T1] init: Sending signal 9 to service 'logd-auditctl' (pid 1279) process group...
[   10.314331][    T1] libprocessgroup: Removed cgroup /sys/fs/cgroup/system/uid_1036/pid_1279
[   10.316774][    T1] init: processing action (sys.boot_completed=1) from (/system/etc/init/mmd.rc:25)
[   10.318839][    T1] init: starting service 'exec 21 (/system/bin/mmd --set-property)'...
[   10.320135][    T1] init: ... started service 'exec 21 (/system/bin/mmd --set-property)' has pid 1295
[   10.322271][    T1] init: SVC_EXEC service 'exec 21 (/system/bin/mmd --set-property)' pid 1295 (uid 0 gid 0+0 context default) started; waiting...
[   10.336714][    T1] init: Service 'exec 21 (/system/bin/mmd --set-property)' (pid 1295) exited with status 0 waiting took 0.016000 seconds
[   10.339298][    T1] init: Sending signal 9 to service 'exec 21 (/system/bin/mmd --set-property)' (pid 1295) process group...
[   10.341593][    T1] libprocessgroup: Removed cgroup /sys/fs/cgroup/system/uid_0/pid_1295
[   10.343395][    T1] init: processing action (sys.boot_completed=1 && sys.wifitracing.started=0) from (/system/etc/init/wifi.rc:28)
[   10.345589][    T1] selinux: SELinux: Could not get canonical path for /sys/kernel/debug/tracing/instances/wifi restorecon: No such file or directory.
[   10.359380][    T1] init: processing action (dev.bootcomplete=1 && vendor.qemu.dev.bootcomplete=0) from (/vendor/etc/init/hw/init.ranchu.rc:115)
[   10.362260][    T1] init: starting service 'qemu-props-bootcomplete'...
[   10.364769][    T1] init: ... started service 'qemu-props-bootcomplete' has pid 1325
[   10.36INFO         | Boot completed in 11484 ms
6506][ INFO         | Increasing screen off timeout, logcat buffer size to 2M.
   T1] init: starting service 'ranchu-setup'...
[   10.370522][    T1] init: ... started service 'ranchu-setup' has pid 1328
[   10.371888][    T1] init: Service 'qemu-props-bootcomplete' (pid 1325) exited with status 0 oneshot service took 0.007000 seconds in background
[   10.373826][    T1] init: Sending signal 9 to service 'qemu-props-bootcomplete' (pid 1325) process group...
[   10.375807][    T1] libprocessgroup: Removed cgroup /sys/fs/cgroup/system/uid_0/pid_1325
[   10.377025][    T1] init: Service 'ranchu-setup' (pid 1328) exited with status 0 oneshot service took 0.007000 seconds in background
[   10.378367][    T1] init: Sending signal 9 to service 'ranchu-setup' (pid 1328) process group...
[   10.380855][    T1] libprocessgroup: Removed cgroup /sys/fs/cgroup/system/uid_0/pid_1328
[   10.383705][    T1] init: starting service 'ranchu-adb-setup'...
[   10.387910][ T1340] /system_ext/bin/init.ranchu.adb.setup.sh: '/data/misc/adb/adb_keys' already exists, skipping
[   10.390600][    T1] init: ... started service 'ranchu-adb-setup' has pid 1340
[   10.391824][    T1] init: processing action (persist.sys.zram_enabled=1 && sys-boot-completed-set) from (/vendor/etc/init/hw/init.ranchu.rc:203)
[   10.393708][    T1] init: [libfstab] ReadFstabFromFileCommon(): failed to read file: '/vendor/etc/fstab.taro': No such file or directory
[   10.395724][ T1342] Failed to set property '
[   10.396465][ T1342] ctl.start
[   10.396760][  T180] type=1400 audit(1781180351.672:27): avc:  denied  { write } for  comm="setprop" name="property_service" dev="tmpfs" ino=760 scontext=u:r:goldfish_system_setup:s0 tcontext=u:object_r:property_socket:s0 tclass=sock_file permissive=0
[   10.397387][ T1342] ' to '
[   10.398160][    T1] init: Command 'swapon_all /vendor/etc/fstab.${ro.hardware}' action=persist.sys.zram_enabled=1 && sys-boot-completed-set (/vendor/etc/init/hw/init.ranchu.rc:204) took 4ms and failed: Could not read fstab '/vendor/etc/fstab.taro'
[   10.402764][ T1342] adbd
[   10.403319][    T1] init: processing action (bootreceiver.enable=1 && dmesgd.start=1 && ro.product.cpu.abilist64=*) from (/system/etc/init/dmesgd.rc:12)
[   10.407610][ T1342] '.
[   10.407610][ T1342] See dmesg for error reason.
[   10.408171][    T1] init: starting service 'dmesgd'...
[   10.410337][ T1342] 
[   10.413314][    T1] init: ... started service 'dmesgd' has pid 1349
[   10.414150][    T1] init: Service 'ranchu-adb-setup' (pid 1340) exited with status 1 oneshot service took 0.028000 seconds in background
[   10.415266][    T1] init: Sending signal 9 to service 'ranchu-adb-setup' (pid 1340) process group...
[   10.416078][    T1] libprocessgroup: Removed cgroup /sys/fs/cgroup/system/uid_1000/pid_1340
[   10.422349][    T1] init: processing action (sys.user.0.ce_available=true) from (/system/etc/init/wifi.rc:21)
[   10.424621][    T1] selinux: SELinux: Skipping restorecon on directory(/data/misc_ce/0/apexdata/com.android.wifi)
[   10.426544][    T1] init: processing action (sys.boot_completed=1 && sys.wifitracing.started=1 && wifi.interface=*) from (/system/etc/init/wifi.rc:98)
[   10.432814][    T1] init: processing action (init.svc.ranchu-adb-setup=stopped) from (/system_ext/etc/init/init.system_ext.rc:1)
[   10.434531][    T1] init: service 'adbd' requested start, but it is already running (flags: 132)
[   10.440147][    T1] init: Service 'dmesgd' (pid 1349) exited with status 0 oneshot service took 0.028000 seconds in background
[   10.442256][    T1] init: Sending signal 9 to service 'dmesgd' (pid 1349) process group...
[   10.442567][  T172] servicemanager: Caller(pid=605,uid=1000,sid=u:r:system_server:s0) Found android.hardware.wifi.IWifi/default in device VINTF manifest.
[   10.443504][    T1] libprocessgroup: Removed cgroup /sys/fs/cgroup/system/uid_1086/pid_1349
[   10.452840][  T172] servicemanager: Caller(pid=1105,uid=10114,sid=u:r:priv_app:s0:c512,c768) Found android.hardware.graphics.allocator.IAllocator/default in device VINTF manifest.
[   10.455468][  T172] servicemanager: Caller(pid=1105,uid=10114,sid=u:r:priv_app:s0:c512,c768) Found android.hardware.graphics.allocator.IAllocator/default in device VINTF manifest.
[   10.457983][  T172] servicemanager: Caller(pid=1105,uid=10114,sid=u:r:priv_app:s0:c512,c768) Found mapper/ranchu in device VINTF manifest.
[   10.810997][  T172] servicemanager: Caller(pid=605,uid=1000,sid=u:r:system_server:s0) Found android.hardware.graphics.allocator.IAllocator/default in device VINTF manifest.
[   10.812862][  T172] servicemanager: Caller(pid=605,uid=1000,sid=u:r:system_server:s0) Found android.hardware.graphics.allocator.IAllocator/default in device VINTF manifest.
[   10.814956][  T172] servicemanager: Caller(pid=605,uid=1000,sid=u:r:system_server:s0) Found mapper/ranchu in device VINTF manifest.
[   10.962233][  T172] servicemanager: Notifying apexservice they don't (previously: do) have clients when we now have no record of a client
[   10.964257][  T357] AidlLazyServiceRegistrar: Process has 0 (of 1 available) client(s) in use after notification apexservice has clients: 0
[   10.966619][  T357] AidlLazyServiceRegistrar: Shutdown prevented by forcePersist override flag.
[   11.777646][  T172] servicemanager: Caller(pid=1717,uid=10128,sid=u:r:rkpdapp:s0:c128,c256,c512,c768) Found android.hardware.security.keymint.IRemotelyProvisionedComponent/default in device VINTF manifest.
[   11.781798][  T172] servicemanager: Caller(pid=1717,uid=10128,sid=u:r:rkpdapp:s0:c128,c256,c512,c768) Since 'android.hardware.drm.IDrmFactory/clearkey' could not be found trying to start it as a lazy AIDL service. (if it's not configured to be a lazy service, it may be stuck starting or still starting).
[   11.785119][    T1] init: starting service 'vendor.drm-clearkey-service'...
[   11.787842][    T1] init: ... started service 'vendor.drm-clearkey-service' has pid 1830
[   11.789440][    T1] init: Control message: Processed ctl.interface_start for 'aidl/android.hardware.drm.IDrmFactory/clearkey' from pid: 172 (/system/bin/servicemanager)
[   11.795921][  T172] servicemanager: Caller(pid=1830,uid=1013,sid=u:r:hal_drm_clearkey_aidl:s0) Found android.hardware.drm.IDrmFactory/clearkey in device VINTF manifest.
[   11.797415][  T172] servicemanager: Notifying android.hardware.drm.IDrmFactory/clearkey they do (previously: don't) have clients when service is guaranteed to be in use
[   11.798739][  T172] BpBinder: onLastStrongRef automatically unlinking death recipients: 
[   14.033676][  T851] wlan0: authenticate with 00:13:10:85:fe:01
[   14.035544][  T851] wlan0: send auth to 00:13:10:85:fe:01 (try 1/3)
[   14.037438][   T10] wlan0: authenticated
[   14.038381][  T851] mac80211_hwsim hwsim0 wlan0: disabling HT/VHT/HE as WMM/QoS is not supported by the AP
[   14.045360][   T10] wlan0: associate with 00:13:10:85:fe:01 (try 1/3)
[   14.152699][   T10] wlan0: associate with 00:13:10:85:fe:01 (try 2/3)
[   14.153731][   T10] wlan0: RX AssocResp from 00:13:10:85:fe:01 (capab=0x401 status=0 aid=1)
[   14.155416][   T10] wlan0: associated
[   15.962515][  T172] servicemanager: Notifying android.hardware.drm.IDrmFactory/clearkey they don't (previously: do) have clients when we now have no record of a client
[   15.964156][  T172] servicemanager: Caller(pid=1830,uid=1013,sid=u:r:hal_drm_clearkey_aidl:s0) Unregistering android.hardware.drm.IDrmFactory/clearkey
[   15.965611][  T172] BpBinder: onLastStrongRef automatically unlinking death recipients: 
[   15.966960][    T1] init: Service 'vendor.drm-clearkey-service' (pid 1830) exited with status 0 oneshot service took 4.179000 seconds in background
[   15.968184][    T1] init: Sending signal 9 to service 'vendor.drm-clearkey-service' (pid 1830) process group...
[   15.969396][    T1] libprocessgroup: Removed cgroup /sys/fs/cgroup/system/uid_1013/pid_1830
[   16.954994][  T231] apexd: Deleting unused dm device com.android.apex.cts.shim
[   16.977373][  T231] apexd: Deleting unused dm device com.android.bt
[   17.001005][  T231] apexd: Deleting unused dm device com.android.devicelock
[   17.016713][  T231] apexd: Deleting unused dm device com.android.hardware.authsecret
[   17.045416][  T231] apexd: Deleting unused dm device com.android.hardware.cas
[   17.065583][  T231] apexd: Deleting unused dm device com.android.hardware.contexthub
[   17.084717][  T231] apexd: Deleting unused dm device com.android.hardware.dumpstate
[   17.112791][  T231] apexd: Deleting unused dm device com.android.hardware.gatekeeper
[   17.137181][  T231] apexd: Deleting unused dm device com.android.hardware.neuralnetworks
[   17.165399][  T231] apexd: Deleting unused dm device com.android.hardware.power
[   17.189488][  T231] apexd: Deleting unused dm device com.android.hardware.rebootescrow
[   17.209422][  T231] apexd: Deleting unused dm device com.android.hardware.thermal
[   17.232765][  T231] apexd: Deleting unused dm device com.android.hardware.threadnetwork
[   17.256868][  T231] apexd: Deleting unused dm device com.android.hardware.uwb
[   17.280763][  T231] apexd: Deleting unused dm device com.android.hardware.vibrator
[   17.301184][  T231] apexd: Deleting unused dm device com.android.i18n
[   17.324972][  T231] apexd: Deleting unused dm device com.android.os.statsd
[   17.352764][  T231] apexd: Deleting unused dm device com.android.rkpd
[   17.373563][  T231] apexd: Deleting unused dm device com.android.runtime
[   17.401011][  T231] apexd: Deleting unused dm device com.android.sdkext
[   17.424714][  T231] apexd: Deleting unused dm device com.android.tzdata
[   17.445702][  T231] apexd: Deleting unused dm device com.android.virt
[   17.469059][  T231] AidlLazyServiceRegistrar: Trying to shut down the service. No clients in use for any service in process.
[   17.471750][  T172] servicemanager: Caller(pid=231,uid=0,sid=u:r:apexd:s0) Unregistering apexservice
[   17.473799][  T172] BpBinder: onLastStrongRef automatically unlinking death recipients: 
[   17.474640][  T231] AidlLazyServiceRegistrar: Unregistered all clients and exiting
[   17.476277][    T1] init: Service 'apexd' (pid 231) exited with status 0 oneshot service took 10.979000 seconds in background
[   17.477509][    T1] init: Sending signal 9 to service 'apexd' (pid 231) process group...
[   17.478340][    T1] libprocessgroup: Removed cgroup /sys/fs/cgroup/system/uid_0/pid_231
[   19.185674][    T1] init: Sending signal 9 to service 'idmap2d' (pid 494) process group...
[   19.189006][    T1] libprocessgroup: Removed cgroup /sys/fs/cgroup/system/uid_1000/pid_494
[   19.191874][    T1] init: Control message: Processed ctl.stop for 'idmap2d' from pid: 605 (system_server)
[   19.194378][    T1] init: Service 'idmap2d' (pid 494) received signal 9
[   19.195469][    T1] init: Sending signal 9 to service 'idmap2d' (pid 494) process group...
[   19.197344][    T1] libprocessgroup: Failed to write 1 to /sys/fs/cgroup/system/uid_1000/pid_494/cgroup.kill: No such file or directory
[   19.200264][    T1] libprocessgroup: Failed to open /sys/fs/cgroup/system/uid_1000/pid_494/cgroup.procs: No such file or directory
[   20.855064][  T169] logd: logdr: UID=2000 GID=2000 PID=1898 b tail=0 logMask=99 pid=0 start=0ns deadline=0ns
[   25.240894][  T180] type=1400 audit(1781180366.520:28): avc:  denied  { getopt } for  comm="binder:605_3" scontext=u:r:system_server:s0 tcontext=u:r:untrusted_app:s0:c150,c256,c512,c768 tclass=unix_stream_socket permissive=0
[   25.247253][  T180] type=1400 audit(1781180366.520:29): avc:  denied  { getopt } for  comm="binder:605_3" scontext=u:r:system_server:s0 tcontext=u:r:untrusted_app:s0:c150,c256,c512,c768 tclass=unix_stream_socket permissive=0
[   25.256618][  T180] type=1400 audit(1781180366.520:30): avc:  denied  { getopt } for  comm="binder:605_3" scontext=u:r:system_server:s0 tcontext=u:r:untrusted_app:s0:c150,c256,c512,c768 tclass=unix_stream_socket permissive=0
[   25.266105][  T180] type=1400 audit(1781180366.544:31): avc:  denied  { search } for  comm="Thread-3973" name="net" dev="sysfs" ino=2966 scontext=u:r:untrusted_app:s0:c150,c256,c512,c768 tcontext=u:object_r:sysfs_net:s0 tclass=dir permissive=0 app=com.xingin.xhs
[   25.266263][ T1992] logd: start watching /data/system/packages.list ...
[   25.272799][  T180] type=1400 audit(1781180366.544:32): avc:  denied  { getattr } for  comm="Thread-7" path="/init" dev="dm-0" ino=25 scontext=u:r:untrusted_app:s0:c150,c256,c512,c768 tcontext=u:object_r:init_exec:s0 tclass=lnk_file permissive=0 app=com.xingin.xhs
[   25.275344][ T1992] logd: ReadPackageList, total packages: 158
[   25.281057][  T172] SELinux: avc:  denied  { find } for pid=1905 uid=10150 name=attestation_service scontext=u:r:untrusted_app:s0:c150,c256,c512,c768 tcontext=u:object_r:default_android_service:s0 tclass=service_manager permissive=0
[   25.347581][  T180] type=1400 audit(1781180366.624:33): avc:  denied  { read } for  comm="167" name="u:object_r:userdebug_or_eng_prop:s0" dev="tmpfs" ino=367 scontext=u:r:untrusted_app:s0:c150,c256,c512,c768 tcontext=u:object_r:userdebug_or_eng_prop:s0 tclass=file permissive=0 app=com.xingin.xhs
[   25.359062][ T1997] audit: audit_lost=1 audit_rate_limit=5 audit_backlog_limit=64
[   25.359652][  T180] type=1400 audit(1781180366.636:34): avc:  denied  { read } for  comm="167" name="u:object_r:userdebug_or_eng_prop:s0" dev="tmpfs" ino=367 scontext=u:r:untrusted_app:s0:c150,c256,c512,c768 tcontext=u:object_r:userdebug_or_eng_prop:s0 tclass=file permissive=0 app=com.xingin.xhs
[   25.361954][ T1997] audit: rate limit exceeded
[   25.374840][  T180] type=1400 audit(1781180366.636:35): avc:  denied  { read } for  comm="167" name="u:object_r:userdebug_or_eng_prop:s0" dev="tmpfs" ino=367 scontext=u:r:untrusted_app:s0:c150,c256,c512,c768 tcontext=u:object_r:userdebug_or_eng_prop:s0 tclass=file permissive=0 app=com.xingin.xhs
[   25.498472][  T172] SELinux: avc:  denied  { find } for pid=1905 uid=10150 name=attestation_service scontext=u:r:untrusted_app:s0:c150,c256,c512,c768 tcontext=u:object_r:default_android_service:s0 tclass=service_manager permissive=0
[   25.525254][  T172] servicemanager: Caller(pid=1905,uid=10150,sid=u:r:untrusted_app:s0:c150,c256,c512,c768) Since 'android.hardware.drm.IDrmFactory/clearkey' could not be found trying to start it as a lazy AIDL service. (if it's not configured to be a lazy service, it may be stuck starting or still starting).
[   25.536285][    T1] init: starting service 'vendor.drm-clearkey-service'...
[   25.561413][    T1] init: ... started service 'vendor.drm-clearkey-service' has pid 2125
[   25.567114][    T1] init: Control message: Processed ctl.interface_start for 'aidl/android.hardware.drm.IDrmFactory/clearkey' from pid: 172 (/system/bin/servicemanager)
[   25.568895][  T172] servicemanager: Caller(pid=2125,uid=1013,sid=u:r:hal_drm_clearkey_aidl:s0) Found android.hardware.drm.IDrmFactory/clearkey in device VINTF manifest.
[   25.577616][  T172] servicemanager: Notifying android.hardware.drm.IDrmFactory/clearkey they do (previously: don't) have clients when service is guaranteed to be in use
[   25.583398][  T172] BpBinder: onLastStrongRef automatically unlinking death recipients: 
[   25.837472][  T172] servicemanager: Caller(pid=1905,uid=10150,sid=u:r:untrusted_app:s0:c150,c256,c512,c768) Found android.hardware.graphics.allocator.IAllocator/default in device VINTF manifest.
[   25.842612][  T172] servicemanager: Caller(pid=1905,uid=10150,sid=u:r:untrusted_app:s0:c150,c256,c512,c768) Found android.hardware.graphics.allocator.IAllocator/default in device VINTF manifest.
[   25.848163][  T172] servicemanager: Caller(pid=1905,uid=10150,sid=u:r:untrusted_app:s0:c150,c256,c512,c768) Found mapper/ranchu in device VINTF manifest.
[   25.962359][  T172] servicemanager: Notifying android.hardware.drm.IDrmFactory/clearkey they don't (previously: do) have clients when we now have no record of a client
[   25.969660][  T172] servicemanager: Caller(pid=2125,uid=1013,sid=u:r:hal_drm_clearkey_aidl:s0) Unregistering android.hardware.drm.IDrmFactory/clearkey
[   25.974780][  T172] BpBinder: onLastStrongRef automatically unlinking death recipients: 
[   25.980090][    T1] init: Service 'vendor.drm-clearkey-service' (pid 2125) exited with status 0 oneshot service took 0.439000 seconds in background
[   25.994666][    T1] init: Sending signal 9 to service 'vendor.drm-clearkey-service' (pid 2125) process group...
[   26.003564][    T1] libprocessgroup: Removed cgroup /sys/fs/cgroup/system/uid_1013/pid_2125
[   26.378807][  T180] type=1400 audit(1781180367.656:61): avc:  granted  { execute } for  comm="Scarlet_HT_1781" path="/data/data/com.xingin.xhs/files/dynamic_so/chopper_v2/1.0.5/1.0.5_5_lib.so" dev="dm-51" ino=1008197 scontext=u:r:untrusted_app:s0:c150,c256,c512,c768 tcontext=u:object_r:app_data_file:s0:c150,c256,c512,c768 tclass=file app=com.xingin.xhs
[   26.422290][  T180] type=1400 audit(1781180367.700:62): avc:  granted  { execute } for  comm="p_launch_plugin" path="/data/data/com.xingin.xhs/app_petal/animation_widgets/9010.50.1/nativeLib/X64/libffavc.so" dev="dm-51" ino=1008194 scontext=u:r:untrusted_app:s0:c150,c256,c512,c768 tcontext=u:object_r:app_data_file:s0:c150,c256,c512,c768 tclass=file app=com.xingin.xhs
[   26.469034][  T180] type=1400 audit(1781180367.748:63): avc:  granted  { execute } for  comm="p_launch_plugin" path="/data/data/com.xingin.xhs/app_petal/animation_widgets/9010.50.1/nativeLib/X64/libpag.so" dev="dm-51" ino=1008264 scontext=u:r:untrusted_app:s0:c150,c256,c512,c768 tcontext=u:object_r:app_data_file:s0:c150,c256,c512,c768 tclass=file app=com.xingin.xhs
[   27.177804][  T180] type=1400 audit(1781180368.456:64): avc:  denied  { read } for  comm="ps" name="pid_max" dev="proc" ino=18830 scontext=u:r:untrusted_app:s0:c150,c256,c512,c768 tcontext=u:object_r:proc_pid_max:s0 tclass=file permissive=0 app=com.xingin.xhs
[   27.545552][  T180] type=1400 audit(1781180368.824:65): avc:  granted  { execute } for  comm="init_dynamic_do" path="/data/data/com.xingin.xhs/app_pcdn_sdk_module/pcdn_sdk_wangxin_885_3_0_34_2/libs/arm64-v8a/libxyvodsdk.so" dev="dm-51" ino=1009560 scontext=u:r:untrusted_app:s0:c150,c256,c512,c768 tcontext=u:object_r:app_data_file:s0:c150,c256,c512,c768 tclass=file app=com.xingin.xhs
[   27.612756][  T180] type=1400 audit(1781180368.888:66): avc:  granted  { execute } for  comm="init_dynamic_do" path="/data/data/com.xingin.xhs/app_pcdn_sdk_module_kuaishou/pcdn_kuaishou_856_356/arm64-v8a/libksp2p.so" dev="dm-51" ino=1009581 scontext=u:r:untrusted_app:s0:c150,c256,c512,c768 tcontext=u:object_r:app_data_file:s0:c150,c256,c512,c768 tclass=file app=com.xingin.xhs
[   27.788227][  T180] type=1400 audit(1781180369.064:67): avc:  denied  { read } for  comm="499" name="u:object_r:userdebug_or_eng_prop:s0" dev="tmpfs" ino=367 scontext=u:r:untrusted_app:s0:c150,c256,c512,c768 tcontext=u:object_r:userdebug_or_eng_prop:s0 tclass=file permissive=0 app=com.xingin.xhs
[   27.791292][ T2631] audit: audit_lost=26 audit_rate_limit=5 audit_backlog_limit=64
[   27.794162][  T180] type=1400 audit(1781180369.064:68): avc:  denied  { read } for  comm="499" name="u:object_r:userdebug_or_eng_prop:s0" dev="tmpfs" ino=367 scontext=u:r:untrusted_app:s0:c150,c256,c512,c768 tcontext=u:object_r:userdebug_or_eng_prop:s0 tclass=file permissive=0 app=com.xingin.xhs
[   27.796524][ T2631] audit: rate limit exceeded
[   27.805298][  T180] type=1400 audit(1781180369.064:69): avc:  denied  { read } for  comm="499" name="u:object_r:userdebug_or_eng_prop:s0" dev="tmpfs" ino=367 scontext=u:r:untrusted_app:s0:c150,c256,c512,c768 tcontext=u:object_r:userdebug_or_eng_prop:s0 tclass=file permissive=0 app=com.xingin.xhs
[   27.814411][  T180] type=1400 audit(1781180369.068:70): avc:  denied  { read } for  comm="499" name="u:object_r:userdebug_or_eng_prop:s0" dev="tmpfs" ino=367 scontext=u:r:untrusted_app:s0:c150,c256,c512,c768 tcontext=u:object_r:userdebug_or_eng_prop:s0 tclass=file permissive=0 app=com.xingin.xhs
[   28.855048][  T180] type=1400 audit(1781180370.132:81): avc:  denied  { read } for  comm=":widgetProvider" name="u:object_r:qemu_sf_lcd_density_prop:s0" dev="tmpfs" ino=296 scontext=u:r:untrusted_app:s0:c150,c256,c512,c768 tcontext=u:object_r:qemu_sf_lcd_density_prop:s0 tclass=file permissive=0 app=com.xingin.xhs
[   28.863467][  T180] type=1400 audit(1781180370.132:82): avc:  denied  { read } for  comm=":widgetProvider" name="u:object_r:qemu_sf_lcd_density_prop:s0" dev="tmpfs" ino=296 scontext=u:r:untrusted_app:s0:c150,c256,c512,c768 tcontext=u:object_r:qemu_sf_lcd_density_prop:s0 tclass=file permissive=0 app=com.xingin.xhs
[   28.872598][  T180] type=1400 audit(1781180370.140:83): avc:  denied  { read } for  comm=":widgetProvider" name=".default-apex-info-list.xml" dev="tmpfs" ino=97 scontext=u:r:untrusted_app:s0:c150,c256,c512,c768 tcontext=u:object_r:apex_info_file:s0 tclass=file permissive=0 app=com.xingin.xhs
[   28.880392][  T180] type=1400 audit(1781180370.144:84): avc:  denied  { execute } for  comm=":widgetProvider" name="idmap2" dev="dm-0" ino=374 scontext=u:r:untrusted_app:s0:c150,c256,c512,c768 tcontext=u:object_r:idmap_exec:s0 tclass=file permissive=0 app=com.xingin.xhs
[   29.044819][  T172] SELinux: avc:  denied  { find } for pid=1905 uid=10150 name=service_mock_location scontext=u:r:untrusted_app:s0:c150,c256,c512,c768 tcontext=u:object_r:default_android_service:s0 tclass=service_manager permissive=0
[   29.050395][  T172] SELinux: avc:  denied  { find } for pid=1905 uid=10150 name=service_fl_ml scontext=u:r:untrusted_app:s0:c150,c256,c512,c768 tcontext=u:object_r:default_android_service:s0 tclass=service_manager permissive=0
[   29.070505][  T637] audit: audit_lost=36 audit_rate_limit=5 audit_backlog_limit=64
[   29.070987][  T180] type=1400 audit(1781180370.348:85): avc:  denied  { getopt } for  comm="binder:605_2" scontext=u:r:system_server:s0 tcontext=u:r:untrusted_app:s0:c150,c256,c512,c768 tclass=unix_stream_socket permissive=0
[   29.072009][  T637] audit: rate limit exceeded
[   29.676434][  T172] servicemanager: Caller(pid=197,uid=1017,sid=u:r:keystore:s0) Found android.hardware.security.keymint.IRemotelyProvisionedComponent/default in device VINTF manifest.
[   29.682503][  T172] servicemanager: Caller(pid=1717,uid=10128,sid=u:r:rkpdapp:s0:c128,c256,c512,c768) Found android.hardware.security.keymint.IRemotelyProvisionedComponent/default in device VINTF manifest.
[   29.954097][  T172] servicemanager: Caller(pid=197,uid=1017,sid=u:r:keystore:s0) Found android.hardware.security.keymint.IRemotelyProvisionedComponent/default in device VINTF manifest.
[   29.960134][  T172] servicemanager: Caller(pid=1717,uid=10128,sid=u:r:rkpdapp:s0:c128,c256,c512,c768) Found android.hardware.security.keymint.IRemotelyProvisionedComponent/default in device VINTF manifest.
[   30.117085][  T180] type=1400 audit(1781180371.396:118): avc:  denied  { search } for  comm="Thread-3981" name="net" dev="sysfs" ino=2966 scontext=u:r:untrusted_app:s0:c150,c256,c512,c768 tcontext=u:object_r:sysfs_net:s0 tclass=dir permissive=0 app=com.xingin.xhs
[   30.203303][  T180] type=1400 audit(1781180371.480:119): avc:  denied  { read } for  comm="513" name="u:object_r:userdebug_or_eng_prop:s0" dev="tmpfs" ino=367 scontext=u:r:untrusted_app:s0:c150,c256,c512,c768 tcontext=u:object_r:userdebug_or_eng_prop:s0 tclass=file permissive=0 app=com.xingin.xhs
[   30.206562][ T2734] audit: audit_lost=68 audit_rate_limit=5 audit_backlog_limit=64
[   30.212565][  T180] type=1400 audit(1781180371.480:120): avc:  denied  { read } for  comm="513" name="u:object_r:userdebug_or_eng_prop:s0" dev="tmpfs" ino=367 scontext=u:r:untrusted_app:s0:c150,c256,c512,c768 tcontext=u:object_r:userdebug_or_eng_prop:s0 tclass=file permissive=0 app=com.xingin.xhs
[   30.213045][ T2734] audit: rate limit exceeded
[   30.218789][  T180] type=1400 audit(1781180371.480:121): avc:  denied  { read } for  comm="513" name="u:object_r:userdebug_or_eng_prop:s0" dev="tmpfs" ino=367 scontext=u:r:untrusted_app:s0:c150,c256,c512,c768 tcontext=u:object_r:userdebug_or_eng_prop:s0 tclass=file permissive=0 app=com.xingin.xhs
[   30.229105][  T180] type=1400 audit(1781180371.480:122): avc:  denied  { read } for  comm="513" name="u:object_r:userdebug_or_eng_prop:s0" dev="tmpfs" ino=367 scontext=u:r:untrusted_app:s0:c150,c256,c512,c768 tcontext=u:object_r:userdebug_or_eng_prop:s0 tclass=file permissive=0 app=com.xingin.xhs
[   30.476064][  T172] servicemanager: Caller(pid=1232,uid=10107,sid=u:r:untrusted_app_30:s0:c107,c256,c512,c768) Found android.hardware.graphics.allocator.IAllocator/default in device VINTF manifest.
[   30.480536][  T172] servicemanager: Caller(pid=1232,uid=10107,sid=u:r:untrusted_app_30:s0:c107,c256,c512,c768) Found android.hardware.graphics.allocator.IAllocator/default in device VINTF manifest.
[   30.485859][  T172] servicemanager: Caller(pid=1232,uid=10107,sid=u:r:untrusted_app_30:s0:c107,c256,c512,c768) Found mapper/ranchu in device VINTF manifest.
[   34.442120][  T169] logd: logdr: UID=2000 GID=2000 PID=2813 n tail=0 logMask=99 pid=0 start=0ns deadline=0ns
[   39.176774][  T172] SELinux: avc:  denied  { find } for pid=1905 uid=10150 name=service_mock_location scontext=u:r:untrusted_app:s0:c150,c256,c512,c768 tcontext=u:object_r:default_android_service:s0 tclass=service_manager permissive=0
[   39.181964][  T172] SELinux: avc:  denied  { find } for pid=1905 uid=10150 name=service_fl_ml scontext=u:r:untrusted_app:s0:c150,c256,c512,c768 tcontext=u:object_r:default_android_service:s0 tclass=service_manager permissive=0
[   41.344835][  T169] logd: logdr: UID=2000 GID=2000 PID=2851 n tail=0 logMask=99 pid=0 start=0ns deadline=0ns
[   48.139911][  T169] logd: logdr: UID=2000 GID=2000 PID=2908 n tail=0 logMask=99 pid=0 start=0ns deadline=0ns
[   49.199640][  T172] SELinux: avc:  denied  { find } for pid=1905 uid=10150 name=service_mock_location scontext=u:r:untrusted_app:s0:c150,c256,c512,c768 tcontext=u:object_r:default_android_service:s0 tclass=service_manager permissive=0
[   49.206298][  T172] SELinux: avc:  denied  { find } for pid=1905 uid=10150 name=service_fl_ml scontext=u:r:untrusted_app:s0:c150,c256,c512,c768 tcontext=u:object_r:default_android_service:s0 tclass=service_manager permissive=0
[   51.225815][  T169] logd: logdr: UID=2000 GID=2000 PID=2915 n tail=0 logMask=99 pid=0 start=0ns deadline=0ns
[   54.305452][  T169] logd: logdr: UID=2000 GID=2000 PID=2923 n tail=0 logMask=99 pid=0 start=0ns deadline=0ns
[   55.673986][  T180] type=1400 audit(1781180396.952:173): avc:  denied  { read } for  comm="default" name="route" dev="proc" ino=4026532011 scontext=u:r:untrusted_app:s0:c150,c256,c512,c768 tcontext=u:object_r:proc_net:s0 tclass=file permissive=0 app=com.xingin.xhs
[   55.679357][  T180] type=1400 audit(1781180396.952:174): avc:  denied  { bind } for  comm="ip" scontext=u:r:untrusted_app:s0:c150,c256,c512,c768 tcontext=u:r:untrusted_app:s0:c150,c256,c512,c768 tclass=netlink_route_socket permissive=0 bug=b/155595000
[   55.685557][  T180] type=1400 audit(1781180396.952:175): avc:  denied  { bind } for  comm="default" scontext=u:r:untrusted_app:s0:c150,c256,c512,c768 tcontext=u:r:untrusted_app:s0:c150,c256,c512,c768 tclass=netlink_route_socket permissive=0 bug=b/155595000 app=com.xingin.xhs
[   55.685845][ T2979] audit: audit_lost=118 audit_rate_limit=5 audit_backlog_limit=64
[   55.689564][  T180] type=1400 audit(1781180396.952:176): avc:  denied  { bind } for  comm="default" scontext=u:r:untrusted_app:s0:c150,c256,c512,c768 tcontext=u:r:untrusted_app:s0:c150,c256,c512,c768 tclass=netlink_route_socket permissive=0 bug=b/155595000 app=com.xingin.xhs
[   55.691225][ T2979] audit: rate limit exceeded
[   55.694998][  T180] type=1400 audit(1781180396.956:177): avc:  denied  { read } for  comm="default" name="route" dev="proc" ino=4026532011 scontext=u:r:untrusted_app:s0:c150,c256,c512,c768 tcontext=u:object_r:proc_net:s0 tclass=file permissive=0 app=com.xingin.xhs
[   57.388560][  T169] logd: logdr: UID=2000 GID=2000 PID=3003 n tail=0 logMask=99 pid=0 start=0ns deadline=0ns
[   59.222806][  T172] SELinux: avc:  denied  { find } for pid=1905 uid=10150 name=service_mock_location scontext=u:r:untrusted_app:s0:c150,c256,c512,c768 tcontext=u:object_r:default_android_service:s0 tclass=service_manager permissive=0
[   59.226395][  T172] SELinux: avc:  denied  { find } for pid=1905 uid=10150 name=service_fl_ml scontext=u:r:untrusted_app:s0:c150,c256,c512,c768 tcontext=u:object_r:default_android_service:s0 tclass=service_manager permissive=0
[   60.472588][  T169] logd: logdr: UID=2000 GID=2000 PID=3012 n tail=0 logMask=99 pid=0 start=0ns deadline=0ns
[   63.540235][  T169] logd: logdr: UID=2000 GID=2000 PID=3022 n tail=0 logMask=99 pid=0 start=0ns deadline=0ns
[   66.601221][  T169] logd: logdr: UID=2000 GID=2000 PID=3031 n tail=0 logMask=99 pid=0 start=0ns deadline=0ns
[   69.240062][  T172] SELinux: avc:  denied  { find } for pid=1905 uid=10150 name=service_mock_location scontext=u:r:untrusted_app:s0:c150,c256,c512,c768 tcontext=u:object_r:default_android_service:s0 tclass=service_manager permissive=0
[   69.246611][  T172] SELinux: avc:  denied  { find } for pid=1905 uid=10150 name=service_fl_ml scontext=u:r:untrusted_app:s0:c150,c256,c512,c768 tcontext=u:object_r:default_android_service:s0 tclass=service_manager permissive=0
[   69.663035][  T169] logd: logdr: UID=2000 GID=2000 PID=3050 n tail=0 logMask=99 pid=0 start=0ns deadline=0ns
[   72.728665][  T169] logd: logdr: UID=2000 GID=2000 PID=3068 n tail=0 logMask=99 pid=0 start=0ns deadline=0ns
[   75.806750][  T169] logd: logdr: UID=2000 GID=2000 PID=3072 n tail=0 logMask=99 pid=0 start=0ns deadline=0ns
[   78.885381][  T169] logd: logdr: UID=2000 GID=2000 PID=3077 n tail=0 logMask=99 pid=0 start=0ns deadline=0ns
[   79.264049][  T172] SELinux: avc:  denied  { find } for pid=1905 uid=10150 name=service_mock_location scontext=u:r:untrusted_app:s0:c150,c256,c512,c768 tcontext=u:object_r:default_android_service:s0 tclass=service_manager permissive=0
[   79.271655][  T172] SELinux: avc:  denied  { find } for pid=1905 uid=10150 name=service_fl_ml scontext=u:r:untrusted_app:s0:c150,c256,c512,c768 tcontext=u:object_r:default_android_service:s0 tclass=service_manager permissive=0
[   81.964770][  T169] logd: logdr: UID=2000 GID=2000 PID=3083 n tail=0 logMask=99 pid=0 start=0ns deadline=0ns
[   85.033231][  T169] logd: logdr: UID=2000 GID=2000 PID=3087 n tail=0 logMask=99 pid=0 start=0ns deadline=0ns
INFO         | Wait for emulator (pid 314) 20 seconds to shutdown gracefully before kill;you can set environment variable ANDROID_EMULATOR_WAIT_TIME_BEFORE_KILL(in seconds) to change the default value (20 seconds)

USER_INFO    | Snapshots have been disabled by the user, save request is ignored.
2026-06-11 20:20:26.888 qemu-system-aarch64[314:34303087] error messaging the mach port for IMKCFRunLoopWakeUpReliable
