06-16 13:48:45.960 11465 12310 E XhsDiskManager: ------------------------------------------------, addDiskCacheEntry, dirPath = /storage/emulated/0/Android/data/com.xingin.xhs/files/bitmap_utils/local_image_cache, 不存在这个目录，直接return
06-16 13:48:47.013 11465 12124 I onNQEResult: result.score = 91minscore = nullmaxscore = null
06-16 13:48:49.013 11465 12124 I onNQEResult: result.score = 91minscore = nullmaxscore = null
06-16 13:48:49.620   952  1039 V WindowManagerShell:         {m=TO_FRONT f=IS_WALLPAPER leash=Surface(name=WallpaperWindowToken{58d7bd2 token=android.os.Binder@db37b88})/@0x57ad337 sb=Rect(0, 0 - 1080, 2400) eb=Rect(0, 0 - 1080, 2400) epz=Point(1080, 2400) d=0}
06-16 13:48:49.621   611   630 V WindowManager:         {WCT{RemoteToken{5fb2b93 Task{6d21d5d #14 type=standard A=10150:com.xingin.xhs}}} m=TO_BACK f=NONE leash=Surface(name=Task=14)/@0x47a17cd sb=Rect(0, 0 - 1080, 2400) eb=Rect(0, 0 - 1080, 2400) epz=Point(1080, 2400) d=0 taskParent=-1},
06-16 13:48:49.621   611   630 V WindowManager:         {m=TO_FRONT f=IS_WALLPAPER leash=Surface(name=WallpaperWindowToken{58d7bd2 token=android.os.Binder@db37b88})/@0x5275272 sb=Rect(0, 0 - 1080, 2400) eb=Rect(0, 0 - 1080, 2400) epz=Point(1080, 2400) d=0}
06-16 13:48:51.014 11465 12124 I onNQEResult: result.score = 91minscore = nullmaxscore = null
06-16 13:48:51.253 11465 12338 I WCDB.SQLiteConnection: Opened connection 0x7ca0cfd938 with label '/data/user/0/com.xingin.xhs/databases/xhs_common_demotion_cache.db'
06-16 13:48:51.254 11465 12338 I WCDB.SQLite: [SQLite ErrCode: 283] recovered 4 frames from WAL file /data/user/0/com.xingin.xhs/databases/xhs_common_demotion_cache.db-wal
06-16 13:48:51.260   611   633 V WindowManager: Unknown focus tokens, dropping reportFocusChanged
06-16 13:48:51.266   611  1769 D CoreBackPreview: Window{4cf05b6 u0 com.xingin.xhs/com.xingin.login.activity.WelcomeActivity}: Setting back callback null
06-16 13:48:51.270   611  1769 D CoreBackPreview: Window{a975f49 u0 com.xingin.xhs/com.xingin.login.activity.LoginActivity}: Setting back callback OnBackInvokedCallbackInfo{mCallback=android.window.IOnBackInvokedCallback$Stub$Proxy@b4ba643, mPriority=0, mIsAnimationCallback=false, mOverrideBehavior=0}
06-16 13:48:51.270   611   690 W UsageStatsService: Unexpected activity event reported! (com.xingin.xhs/com.xingin.login.activity.WelcomeActivity event : 23 instanceId : 98851130)
06-16 13:48:51.271   611  1052 D CoreBackPreview: Window{a975f49 u0 com.xingin.xhs/com.xingin.login.activity.LoginActivity}: Setting back callback null
06-16 13:48:51.277   611   633 I ActivityManager: Killing 11465:com.xingin.xhs/u0a150 (adj 700): remove task
06-16 13:48:51.294   611   877 D ConnectivityService: releasing NetworkRequest [ REQUEST id=136, [ Capabilities: INTERNET&NOT_RESTRICTED&TRUSTED&NOT_VCN_MANAGED&NOT_BANDWIDTH_CONSTRAINED Uid: 10150 RequestorUid: 10150 RequestorPkg: com.xingin.xhs UnderlyingNetworks: Null] ] (release request)
06-16 13:48:51.294   611   877 D ConnectivityService: releasing NetworkRequest [ REQUEST id=133, [ Capabilities: INTERNET&NOT_RESTRICTED&TRUSTED&NOT_VCN_MANAGED&NOT_BANDWIDTH_CONSTRAINED Uid: 10150 RequestorUid: 10150 RequestorPkg: com.xingin.xhs UnderlyingNetworks: Null] ] (release request)
06-16 13:48:51.294   611   877 D ConnectivityService: releasing NetworkRequest [ REQUEST id=139, [ Transports: CELLULAR|WIFI|BLUETOOTH|ETHERNET|VPN|WIFI_AWARE|LOWPAN Capabilities: NOT_RESTRICTED&TRUSTED&NOT_VPN&NOT_VCN_MANAGED&NOT_BANDWIDTH_CONSTRAINED Forbidden: LOCAL_NETWORK Uid: 10150 RequestorUid: 10150 RequestorPkg: com.xingin.xhs UnderlyingNetworks: Null] ] (release request)
06-16 13:48:51.294   611   877 D ConnectivityService: releasing NetworkRequest [ REQUEST id=144, [ Transports: WIFI Capabilities: INTERNET&NOT_RESTRICTED&TRUSTED&NOT_VPN&NOT_VCN_MANAGED&NOT_BANDWIDTH_CONSTRAINED Forbidden: LOCAL_NETWORK Uid: 10150 RequestorUid: 10150 RequestorPkg: com.xingin.xhs UnderlyingNetworks: Null] ] (release request)
06-16 13:48:51.294   611   877 D ConnectivityService: releasing NetworkRequest [ REQUEST id=143, [ Transports: CELLULAR Capabilities: INTERNET&NOT_RESTRICTED&TRUSTED&NOT_VPN&NOT_VCN_MANAGED&NOT_BANDWIDTH_CONSTRAINED Forbidden: LOCAL_NETWORK Uid: 10150 RequestorUid: 10150 RequestorPkg: com.xingin.xhs UnderlyingNetworks: Null] ] (release request)
06-16 13:48:51.295   611   642 I ActivityManager: Process PhantomProcessRecord {ec2ef69 11868:11465:com.xingin.xhs:widgetProvider/u0a150} died
06-16 13:48:51.297   611   675 W ActivityManager: Scheduling restart of crashed service com.xingin.xhs/com.xingin.pushproxy.GeTuiIntentService in 4000ms for connection
06-16 13:48:51.298   611   877 E ConnectivityService: RemoteException caught trying to send a callback msg for NetworkRequest [ LISTEN id=147, [ Capabilities: INTERNET&NOT_RESTRICTED&TRUSTED&NOT_VCN_MANAGED&NOT_BANDWIDTH_CONSTRAINED Forbidden: LOCAL_NETWORK Uid: 10150 RequestorUid: 10150 RequestorPkg: com.xingin.xhs UnderlyingNetworks: Null] ]
06-16 13:48:51.299   611   877 D ConnectivityService: releasing NetworkRequest [ REQUEST id=146, [ Capabilities: INTERNET&NOT_RESTRICTED&TRUSTED&NOT_VCN_MANAGED&NOT_BANDWIDTH_CONSTRAINED Uid: 10150 RequestorUid: 10150 RequestorPkg: com.xingin.xhs UnderlyingNetworks: Null] ] (release request)
06-16 13:48:51.299   611   877 D ConnectivityService: releasing NetworkRequest [ REQUEST id=149, [ Capabilities: INTERNET&NOT_RESTRICTED&TRUSTED&NOT_VCN_MANAGED&NOT_BANDWIDTH_CONSTRAINED Uid: 10150 RequestorUid: 10150 RequestorPkg: com.xingin.xhs UnderlyingNetworks: Null] ] (release request)
06-16 13:48:54.708   611  4260 I ActivityTaskManager: START u0 {act=android.intent.action.MAIN cat=[android.intent.category.LAUNCHER] flg=0x10200000 xflg=0x4 cmp=com.xingin.xhs/.index.v2.IndexActivityV2 bnds=[864,1230][1080,1560]} with LAUNCH_SINGLE_TOP from uid 10116 (sr=223122179) (BAL_ALLOW_VISIBLE_WINDOW) result code=0
06-16 13:48:54.708   952  1039 V WindowManagerShell: Transition requested (#62): android.os.BinderProxy@c82c51f TransitionRequestInfo { type = OPEN, triggerTask = TaskInfo{userId=0 taskId=15 effectiveUid=10150 displayId=0 isRunning=true baseIntent=Intent { act=android.intent.action.MAIN cat=[android.intent.category.LAUNCHER] flg=0x10200000 cmp=com.xingin.xhs/.index.v2.IndexActivityV2 } baseActivity=ComponentInfo{com.xingin.xhs/com.xingin.xhs.index.v2.IndexActivityV2} topActivity=ComponentInfo{com.xingin.xhs/com.xingin.xhs.index.v2.IndexActivityV2} origActivity=null realActivity=ComponentInfo{com.xingin.xhs/com.xingin.xhs.index.v2.IndexActivityV2} numActivities=1 lastActiveTime=1099242 supportsMultiWindow=true resizeMode=2 isResizeable=true minWidth=-1 minHeight=-1 defaultMinSize=220 token=WCT{android.window.IWindowContainerToken$Stub$Proxy@b7906c} topActivityType=1 pictureInPictureParams=null shouldDockBigOverlays=false launchIntoPipHostTaskId=-1 lastParentTaskIdBeforePip=-1 displayCutoutSafeInsets=Rect(0, 0 - 0, 0) topActivityInfo=ActivityInfo{bb19635 com.xingin.xhs.index.v2.IndexActivityV2} launchCookies=[android.os.BinderProxy@85f4aca] positionInParent=Point(0, 0) parentTaskId=-1 isFocused=false isVisible=false isVisibleRequested=false isTopActivityNoDisplay=false isSleeping=false locusId=null displayAreaFeatureId=1 isTopActivityTransparent=false isActivityStackTransparent=false lastNonFullscreenBounds=Rect(276, 627 - 805, 1707) capturedLink=null capturedLinkTimestamp=0 requestedVisibleTypes=-9 topActivityRequestOpenInBrowserEducationTimestamp=0 appCompatTaskInfo=AppCompatTaskInfo { topActivityInSizeCompat=false eligibleForLetterboxEducation= false isLetterboxEducationEnabled= false isLetterboxDoubleTapEnabled= false eligibleForUserAspectRatioButton= false topActivityBoundsLetterboxed= false isFromLetterboxDoubleTap= false topActivityLetterboxVerticalPosition= -1 topActivityLetterboxHorizontalPosition= -1 topActivityLetterboxWidth=-1 topActivityLetterboxHeight=-1 topActivityLetterboxAppWidth=-1 topActivityLetterboxAppHeight=-1 isUserFullscreenOverrideEnabled=false isSystemFullscreenOverrideEnabled=false hasMinAspectRatioOverride=false topActivityLetterboxBounds=null cameraCompatTaskInfo=CameraCompatTaskInfo { freeformCameraCompatMode=inactive}} topActivityMainWindowFrame=null}, pipChange = null, remoteTransition = RemoteTransition { remoteTransition = android.window.IRemoteTransition$Stub$Proxy@b98943b, appThread = android.app.IApplicationThread$Stub$Proxy@dc34758, debugName = QuickstepLaunch }, displayChange = null, flags = 0, debugId = 62 }
06-16 13:48:54.715   611   641 I ActivityManager: Start proc 12354:com.xingin.xhs/u0a150 for next-top-activity {com.xingin.xhs/com.xingin.xhs.index.v2.IndexActivityV2}
06-16 13:48:54.726   611  4267 D CoreBackPreview: Window{56d4320 u0 Splash Screen com.xingin.xhs}: Setting back callback OnBackInvokedCallbackInfo{mCallback=android.window.IOnBackInvokedCallback$Stub$Proxy@ab49595, mPriority=0, mIsAnimationCallback=false, mOverrideBehavior=0}
06-16 13:48:54.726 12354 12354 I com.xingin.xhs: Using CollectorTypeCMC GC.
06-16 13:48:54.728 12354 12354 E com.xingin.xhs: Not starting debugger since process cannot load the jdwp agent.
06-16 13:48:54.734   611   630 V WindowManager: Sent Transition (#62) createdAt=06-16 13:48:54.673 via request=TransitionRequestInfo { type = OPEN, triggerTask = TaskInfo{userId=0 taskId=15 effectiveUid=10150 displayId=0 isRunning=true baseIntent=Intent { act=android.intent.action.MAIN cat=[android.intent.category.LAUNCHER] flg=0x10200000 cmp=com.xingin.xhs/.index.v2.IndexActivityV2 } baseActivity=ComponentInfo{com.xingin.xhs/com.xingin.xhs.index.v2.IndexActivityV2} topActivity=ComponentInfo{com.xingin.xhs/com.xingin.xhs.index.v2.IndexActivityV2} origActivity=null realActivity=ComponentInfo{com.xingin.xhs/com.xingin.xhs.index.v2.IndexActivityV2} numActivities=1 lastActiveTime=1099242 supportsMultiWindow=true resizeMode=2 isResizeable=true minWidth=-1 minHeight=-1 defaultMinSize=220 token=WCT{RemoteToken{5a63d77 Task{1912487 #15 type=standard A=10150:com.xingin.xhs}}} topActivityType=1 pictureInPictureParams=null shouldDockBigOverlays=false launchIntoPipHostTaskId=-1 lastParentTaskIdBeforePip=-1 displayCutoutSafeInsets=Rect(0, 0 - 0, 0) topActivityInfo=ActivityInfo{f8c9de4 com.xingin.xhs.index.v2.IndexActivityV2} launchCookies=[android.os.BinderProxy@952e24d] positionInParent=Point(0, 0) parentTaskId=-1 isFocused=false isVisible=false isVisibleRequested=false isTopActivityNoDisplay=false isSleeping=false locusId=null displayAreaFeatureId=1 isTopActivityTransparent=false isActivityStackTransparent=false lastNonFullscreenBounds=Rect(276, 627 - 805, 1707) capturedLink=null capturedLinkTimestamp=0 requestedVisibleTypes=-9 topActivityRequestOpenInBrowserEducationTimestamp=0 appCompatTaskInfo=AppCompatTaskInfo { topActivityInSizeCompat=false eligibleForLetterboxEducation= false isLetterboxEducationEnabled= false isLetterboxDoubleTapEnabled= false eligibleForUserAspectRatioButton= false topActivityBoundsLetterboxed= false isFromLetterboxDoubleTap= false topActivityLetterboxVerticalPosition= -1 topActivityLetterboxHorizontalPosition= -1 topActivityLetterboxWidth=-1 topActivityLetterboxHeight=-1 topActivityLetterboxAppWidth=-1 topActivityLetterboxAppHeight=-1 isUserFullscreenOverrideEnabled=false isSystemFullscreenOverrideEnabled=false hasMinAspectRatioOverride=false topActivityLetterboxBounds=null cameraCompatTaskInfo=CameraCompatTaskInfo { freeformCameraCompatMode=inactive}} topActivityMainWindowFrame=null}, pipChange = null, remoteTransition = RemoteTransition { remoteTransition = android.window.IRemoteTransition$Stub$Proxy@dcc0102, appThread = android.app.IApplicationThread$Stub$Proxy@1b73a13, debugName = QuickstepLaunch }, displayChange = null, flags = 0, debugId = 62 }
06-16 13:48:54.734   611   630 V WindowManager:         {WCT{RemoteToken{5a63d77 Task{1912487 #15 type=standard A=10150:com.xingin.xhs}}} m=OPEN f=NONE leash=Surface(name=Task=15)/@0xa15f611 sb=Rect(0, 0 - 1080, 2400) eb=Rect(0, 0 - 1080, 2400) epz=Point(1080, 2400) d=0 taskParent=-1},
06-16 13:48:54.734   611   630 V WindowManager:         {m=TO_BACK f=IS_WALLPAPER leash=Surface(name=WallpaperWindowToken{58d7bd2 token=android.os.Binder@db37b88})/@0x5275272 sb=Rect(0, 0 - 1080, 2400) eb=Rect(0, 0 - 1080, 2400) epz=Point(1080, 2400) d=0}
06-16 13:48:54.734   952  1039 V WindowManagerShell:         {m=TO_BACK f=IS_WALLPAPER leash=Surface(name=WallpaperWindowToken{58d7bd2 token=android.os.Binder@db37b88})/@0xf5bb4cc sb=Rect(0, 0 - 1080, 2400) eb=Rect(0, 0 - 1080, 2400) epz=Point(1080, 2400) d=0}
06-16 13:48:54.740 12354 12354 D nativeloader: Configuring clns-7 for other apk /data/app/~~uw83atq9S0Uob0pKidb-KQ==/com.xingin.xhs-u9toNGY3ET8WrPaqaHC5Zg==/base.apk. target_sdk_version=34, uses_libraries=, library_path=/data/app/~~uw83atq9S0Uob0pKidb-KQ==/com.xingin.xhs-u9toNGY3ET8WrPaqaHC5Zg==/lib/arm64:/data/app/~~uw83atq9S0Uob0pKidb-KQ==/com.xingin.xhs-u9toNGY3ET8WrPaqaHC5Zg==/base.apk!/lib/arm64-v8a, permitted_path=/data:/mnt/expand:/data/user/0/com.xingin.xhs
06-16 13:48:54.744 12354 12354 V GraphicsEnvironment: com.xingin.xhs is not listed in per-application setting
06-16 13:48:54.744 12354 12354 V GraphicsEnvironment: com.xingin.xhs is not listed in ANGLE allowlist or settings, returning default
06-16 13:48:54.754 12354 12354 D nativeloader: Load /data/app/~~uw83atq9S0Uob0pKidb-KQ==/com.xingin.xhs-u9toNGY3ET8WrPaqaHC5Zg==/lib/arm64/libsentry-record.so using class loader ns clns-7 (caller=/data/app/~~uw83atq9S0Uob0pKidb-KQ==/com.xingin.xhs-u9toNGY3ET8WrPaqaHC5Zg==/base.apk!classes9.dex): ok
06-16 13:48:54.754 12354 12354 I sentry_hook_tag: sentry_crash_record nativeInit /data/user/0/com.xingin.xhs/files/sentry-record/, 9.1.0, 9010803
06-16 13:48:54.754 12354 12354 D nativeloader: Load /data/app/~~uw83atq9S0Uob0pKidb-KQ==/com.xingin.xhs-u9toNGY3ET8WrPaqaHC5Zg==/lib/arm64/libbytehook.so using class loader ns clns-7 (caller=/data/app/~~uw83atq9S0Uob0pKidb-KQ==/com.xingin.xhs-u9toNGY3ET8WrPaqaHC5Zg==/base.apk): ok
06-16 13:48:54.754 12354 12354 D nativeloader: Load /data/app/~~uw83atq9S0Uob0pKidb-KQ==/com.xingin.xhs-u9toNGY3ET8WrPaqaHC5Zg==/lib/arm64/libsentry-hook.so using class loader ns clns-7 (caller=/data/app/~~uw83atq9S0Uob0pKidb-KQ==/com.xingin.xhs-u9toNGY3ET8WrPaqaHC5Zg==/base.apk!classes9.dex): ok
06-16 13:48:54.755 12354 12354 I sentry_hook_tag: >>>>> hooked. stub: 7dd0cf30e0, status: 0, caller_path_name: /data/app/~~uw83atq9S0Uob0pKidb-KQ==/com.xingin.xhs-u9toNGY3ET8WrPaqaHC5Zg==/lib/arm64/libsentry.so, sym_name: sigaction, new_func: 7c303486b4, prev_func: 7f3298e184, arg: 0
06-16 13:48:54.755 12354 12354 D nativeloader: Load /data/app/~~uw83atq9S0Uob0pKidb-KQ==/com.xingin.xhs-u9toNGY3ET8WrPaqaHC5Zg==/lib/arm64/libsentry.so using class loader ns clns-7 (caller=/data/app/~~uw83atq9S0Uob0pKidb-KQ==/com.xingin.xhs-u9toNGY3ET8WrPaqaHC5Zg==/base.apk!classes9.dex): ok
06-16 13:48:54.755 12354 12354 D nativeloader: Load /data/app/~~uw83atq9S0Uob0pKidb-KQ==/com.xingin.xhs-u9toNGY3ET8WrPaqaHC5Zg==/lib/arm64/libsentry-fd-monitor.so using class loader ns clns-7 (caller=/data/app/~~uw83atq9S0Uob0pKidb-KQ==/com.xingin.xhs-u9toNGY3ET8WrPaqaHC5Zg==/base.apk!classes9.dex): ok
06-16 13:48:54.756 12354 12354 I sentry_hook_tag: >>>> 需要代理  6, new: 0x7fc8d3b5a0, old: 0x7be06670e8, /data/app/~~uw83atq9S0Uob0pKidb-KQ==/com.xingin.xhs-u9toNGY3ET8WrPaqaHC5Zg==/lib/arm64/libsentry.so
06-16 13:48:54.756 12354 12354 I sentry_hook_tag: >>>> [register_signal]--replace sig = 6, path = /data/app/~~uw83atq9S0Uob0pKidb-KQ==/com.xingin.xhs-u9toNGY3ET8WrPaqaHC5Zg==/lib/arm64/libsentry.so, new = 0x7fc8d3b5a0
06-16 13:48:54.756 12354 12354 I sentry_hook_tag: >>>> 需要代理  7, new: 0x7fc8d3b5a0, old: 0x7be0667110, /data/app/~~uw83atq9S0Uob0pKidb-KQ==/com.xingin.xhs-u9toNGY3ET8WrPaqaHC5Zg==/lib/arm64/libsentry.so
06-16 13:48:54.756 12354 12354 I sentry_hook_tag: >>>> [register_signal]--replace sig = 7, path = /data/app/~~uw83atq9S0Uob0pKidb-KQ==/com.xingin.xhs-u9toNGY3ET8WrPaqaHC5Zg==/lib/arm64/libsentry.so, new = 0x7fc8d3b5a0
06-16 13:48:54.756 12354 12354 I sentry_hook_tag: >>>> 需要代理  8, new: 0x7fc8d3b5a0, old: 0x7be0667138, /data/app/~~uw83atq9S0Uob0pKidb-KQ==/com.xingin.xhs-u9toNGY3ET8WrPaqaHC5Zg==/lib/arm64/libsentry.so
06-16 13:48:54.756 12354 12354 I sentry_hook_tag: >>>> [register_signal]--replace sig = 8, path = /data/app/~~uw83atq9S0Uob0pKidb-KQ==/com.xingin.xhs-u9toNGY3ET8WrPaqaHC5Zg==/lib/arm64/libsentry.so, new = 0x7fc8d3b5a0
06-16 13:48:54.756 12354 12354 I sentry_hook_tag: >>>> 需要代理  4, new: 0x7fc8d3b5a0, old: 0x7be0667160, /data/app/~~uw83atq9S0Uob0pKidb-KQ==/com.xingin.xhs-u9toNGY3ET8WrPaqaHC5Zg==/lib/arm64/libsentry.so
06-16 13:48:54.756 12354 12354 I sentry_hook_tag: >>>> [register_signal]--replace sig = 4, path = /data/app/~~uw83atq9S0Uob0pKidb-KQ==/com.xingin.xhs-u9toNGY3ET8WrPaqaHC5Zg==/lib/arm64/libsentry.so, new = 0x7fc8d3b5a0
06-16 13:48:54.756 12354 12354 I sentry_hook_tag: >>>> 需要代理  11, new: 0x7fc8d3b5a0, old: 0x7be0667188, /data/app/~~uw83atq9S0Uob0pKidb-KQ==/com.xingin.xhs-u9toNGY3ET8WrPaqaHC5Zg==/lib/arm64/libsentry.so
06-16 13:48:54.756 12354 12354 I sentry_hook_tag: >>>> [register_signal]--replace sig = 11, path = /data/app/~~uw83atq9S0Uob0pKidb-KQ==/com.xingin.xhs-u9toNGY3ET8WrPaqaHC5Zg==/lib/arm64/libsentry.so, new = 0x7fc8d3b5a0
06-16 13:48:54.756 12354 12354 I sentry_hook_tag: >>>> 需要代理  5, new: 0x7fc8d3b5a0, old: 0x7be06671b0, /data/app/~~uw83atq9S0Uob0pKidb-KQ==/com.xingin.xhs-u9toNGY3ET8WrPaqaHC5Zg==/lib/arm64/libsentry.so
06-16 13:48:54.756 12354 12354 I sentry_hook_tag: >>>> [register_signal]--replace sig = 5, path = /data/app/~~uw83atq9S0Uob0pKidb-KQ==/com.xingin.xhs-u9toNGY3ET8WrPaqaHC5Zg==/lib/arm64/libsentry.so, new = 0x7fc8d3b5a0
06-16 13:48:54.756 12354 12354 I sentry_hook_tag: >>>> 不处理  31, new: 0x7fc8d3b5a0, old: 0x7be06671d8, /data/app/~~uw83atq9S0Uob0pKidb-KQ==/com.xingin.xhs-u9toNGY3ET8WrPaqaHC5Zg==/lib/arm64/libsentry.so
06-16 13:48:54.756 12354 12354 I sentry_hook_tag: >>>> 不处理  16, new: 0x7fc8d3b5a0, old: 0x7be0667200, /data/app/~~uw83atq9S0Uob0pKidb-KQ==/com.xingin.xhs-u9toNGY3ET8WrPaqaHC5Zg==/lib/arm64/libsentry.so
06-16 13:48:54.756 12354 12354 I sentry_hook_tag: >>>> 需要代理  3, new: 0x7fc8d3b570, old: 0x7be0668738, /data/app/~~uw83atq9S0Uob0pKidb-KQ==/com.xingin.xhs-u9toNGY3ET8WrPaqaHC5Zg==/lib/arm64/libsentry.so
06-16 13:48:54.756 12354 12354 I sentry_hook_tag: >>>> [register_signal_anr]--replace sig = 3, path = /data/app/~~uw83atq9S0Uob0pKidb-KQ==/com.xingin.xhs-u9toNGY3ET8WrPaqaHC5Zg==/lib/arm64/libsentry.so, new = 0x7fc8d3b570
06-16 13:48:54.762 12354 12378 W com.xingin.xhs: Unsupported class loader: java.lang.Class<org.lsposed.hiddenapibypass.a>
06-16 13:48:54.766 12354 12354 D nativeloader: Load /data/app/~~uw83atq9S0Uob0pKidb-KQ==/com.xingin.xhs-u9toNGY3ET8WrPaqaHC5Zg==/lib/arm64/libmmkv2.so using class loader ns clns-7 (caller=/data/app/~~uw83atq9S0Uob0pKidb-KQ==/com.xingin.xhs-u9toNGY3ET8WrPaqaHC5Zg==/base.apk!classes9.dex): ok
06-16 13:48:54.767 12354 12354 I MMKV    : <MMKV.cpp:226::initializeMMKV> root dir: /data/user/0/com.xingin.xhs/files/mmkv
06-16 13:48:54.768 12354 12388 D nativeloader: Load /data/app/~~uw83atq9S0Uob0pKidb-KQ==/com.xingin.xhs-u9toNGY3ET8WrPaqaHC5Zg==/lib/arm64/libnetdiagnose.so using class loader ns clns-7 (caller=/data/app/~~uw83atq9S0Uob0pKidb-KQ==/com.xingin.xhs-u9toNGY3ET8WrPaqaHC5Zg==/base.apk!classes9.dex): ok
06-16 13:48:54.769 12354 12388 D nativeloader: Load /data/app/~~uw83atq9S0Uob0pKidb-KQ==/com.xingin.xhs-u9toNGY3ET8WrPaqaHC5Zg==/lib/arm64/libxyhttpdns.so using class loader ns clns-7 (caller=/data/app/~~uw83atq9S0Uob0pKidb-KQ==/com.xingin.xhs-u9toNGY3ET8WrPaqaHC5Zg==/base.apk!classes9.dex): ok
06-16 13:48:54.769 12354 12389 D nativeloader: Load /data/app/~~uw83atq9S0Uob0pKidb-KQ==/com.xingin.xhs-u9toNGY3ET8WrPaqaHC5Zg==/lib/arm64/libun7zip.so using class loader ns clns-7 (caller=/data/app/~~uw83atq9S0Uob0pKidb-KQ==/com.xingin.xhs-u9toNGY3ET8WrPaqaHC5Zg==/base.apk!classes9.dex): ok
06-16 13:48:54.770 12354 12354 D nativeloader: Load /data/app/~~uw83atq9S0Uob0pKidb-KQ==/com.xingin.xhs-u9toNGY3ET8WrPaqaHC5Zg==/lib/arm64/libsecurebase.so using class loader ns clns-7 (caller=/data/app/~~uw83atq9S0Uob0pKidb-KQ==/com.xingin.xhs-u9toNGY3ET8WrPaqaHC5Zg==/base.apk!classes9.dex): ok
06-16 13:48:54.772 12354 12378 W com.xingin.xhs: Unsupported class loader: java.lang.Class<org.lsposed.hiddenapibypass.a>
06-16 13:48:54.772 12354 12378 W com.xingin.xhs: Unsupported class loader: java.lang.Class<org.lsposed.hiddenapibypass.a>
06-16 13:48:54.777 12354 12354 D nativeloader: Load /data/app/~~uw83atq9S0Uob0pKidb-KQ==/com.xingin.xhs-u9toNGY3ET8WrPaqaHC5Zg==/lib/arm64/libxy_experiment.so using class loader ns clns-7 (caller=/data/app/~~uw83atq9S0Uob0pKidb-KQ==/com.xingin.xhs-u9toNGY3ET8WrPaqaHC5Zg==/base.apk!classes9.dex): ok
06-16 13:48:54.778 12354 12354 D nativeloader: Load /data/app/~~uw83atq9S0Uob0pKidb-KQ==/com.xingin.xhs-u9toNGY3ET8WrPaqaHC5Zg==/lib/arm64/libxy_configcenter.so using class loader ns clns-7 (caller=/data/app/~~uw83atq9S0Uob0pKidb-KQ==/com.xingin.xhs-u9toNGY3ET8WrPaqaHC5Zg==/base.apk!classes9.dex): ok
06-16 13:48:54.781 12354 12394 D nativeloader: Load /data/app/~~uw83atq9S0Uob0pKidb-KQ==/com.xingin.xhs-u9toNGY3ET8WrPaqaHC5Zg==/lib/arm64/libxylog.so using class loader ns clns-7 (caller=/data/app/~~uw83atq9S0Uob0pKidb-KQ==/com.xingin.xhs-u9toNGY3ET8WrPaqaHC5Zg==/base.apk!classes9.dex): ok
06-16 13:48:54.787 12354 12395 D nativeloader: Load /data/app/~~uw83atq9S0Uob0pKidb-KQ==/com.xingin.xhs-u9toNGY3ET8WrPaqaHC5Zg==/lib/arm64/libxyasf.so using class loader ns clns-7 (caller=/data/app/~~uw83atq9S0Uob0pKidb-KQ==/com.xingin.xhs-u9toNGY3ET8WrPaqaHC5Zg==/base.apk!classes9.dex): ok
06-16 13:48:54.788 12354 12354 D nativeloader: Load /data/app/~~uw83atq9S0Uob0pKidb-KQ==/com.xingin.xhs-u9toNGY3ET8WrPaqaHC5Zg==/lib/arm64/libxyass.so using class loader ns clns-7 (caller=/data/app/~~uw83atq9S0Uob0pKidb-KQ==/com.xingin.xhs-u9toNGY3ET8WrPaqaHC5Zg==/base.apk!classes9.dex): ok
06-16 13:48:54.793 12354 12354 D nativeloader: Load /data/app/~~uw83atq9S0Uob0pKidb-KQ==/com.xingin.xhs-u9toNGY3ET8WrPaqaHC5Zg==/lib/arm64/libtiny.so using class loader ns clns-7 (caller=/data/app/~~uw83atq9S0Uob0pKidb-KQ==/com.xingin.xhs-u9toNGY3ET8WrPaqaHC5Zg==/base.apk!classes9.dex): ok
06-16 13:48:54.795 12354 12354 W com.xingin.xhs: Opening an oat file without a class loader. Are you using the deprecated DexFile APIs?
06-16 13:48:54.795 12354 12354 W com.xingin.xhs: hiddenapi: DexFile /data/user/0/com.xingin.xhs/app_cache/c4d121c215evx1s51d.dex is in boot class path but is not in a known location
06-16 13:48:54.830  1101  1307 W TelephonyPermissions: reportAccessDeniedToReadIdentifiers:com.xingin.xhs:getImeiForSlot:1
06-16 13:48:54.828 12354 12354 W Thread-7: type=1400 audit(0.0:6824): avc:  denied  { getattr } for  path="/init" dev="dm-0" ino=25 scontext=u:r:untrusted_app:s0:c150,c256,c512,c768 tcontext=u:object_r:init_exec:s0 tclass=lnk_file permissive=0 app=com.xingin.xhs
06-16 13:48:54.833  1101  1333 W TelephonyPermissions: reportAccessDeniedToReadIdentifiers:com.xingin.xhs:getSubscriberIdForSubscriber:1
06-16 13:48:54.833  1101  1333 W TelephonyPermissions: reportAccessDeniedToReadIdentifiers:com.xingin.xhs:getIccSerialNumber:1
06-16 13:48:54.828 12354 12354 W Thread-2417: type=1400 audit(0.0:6828): avc:  denied  { search } for  name="net" dev="sysfs" ino=2966 scontext=u:r:untrusted_app:s0:c150,c256,c512,c768 tcontext=u:object_r:sysfs_net:s0 tclass=dir permissive=0 app=com.xingin.xhs
06-16 13:48:54.834 12354 12417 W com.xingin.xhs: hiddenapi: Core platform API violation: Ljava/lang/System;->props:Ljava/util/Properties; (runtime_flags=0, domain=core-platform, api=max-target-o) from La; (domain=platform) using reflection
06-16 13:48:54.834   611  4267 D ConnectivityService: requestNetwork for uid/pid:10150/12354 activeRequest: null callbackRequest: 150 [NetworkRequest [ REQUEST id=151, [ Capabilities: INTERNET&NOT_RESTRICTED&TRUSTED&NOT_VCN_MANAGED&NOT_BANDWIDTH_CONSTRAINED Uid: 10150 RequestorUid: 10150 RequestorPkg: com.xingin.xhs UnderlyingNetworks: Null] ]] callback flags: 0 order: 2147483647 isUidTracked: false declaredMethods: AVAIL|LOSING|LOST|UNAVAIL|NC|LP
06-16 13:48:54.835   611   870 D WifiNetworkFactory: got request NetworkRequest [ REQUEST id=151, [ Capabilities: INTERNET&NOT_RESTRICTED&TRUSTED&NOT_VCN_MANAGED&NOT_BANDWIDTH_CONSTRAINED Uid: 10150 RequestorUid: 10150 RequestorPkg: com.xingin.xhs UnderlyingNetworks: Null] ]
06-16 13:48:54.835   611   870 D UntrustedWifiNetworkFactory: got request NetworkRequest [ REQUEST id=151, [ Capabilities: INTERNET&NOT_RESTRICTED&TRUSTED&NOT_VCN_MANAGED&NOT_BANDWIDTH_CONSTRAINED Uid: 10150 RequestorUid: 10150 RequestorPkg: com.xingin.xhs UnderlyingNetworks: Null] ]
06-16 13:48:54.835   611   870 D OemPaidWifiNetworkFactory: got request NetworkRequest [ REQUEST id=151, [ Capabilities: INTERNET&NOT_RESTRICTED&TRUSTED&NOT_VCN_MANAGED&NOT_BANDWIDTH_CONSTRAINED Uid: 10150 RequestorUid: 10150 RequestorPkg: com.xingin.xhs UnderlyingNetworks: Null] ]
06-16 13:48:54.835   611   870 D MultiInternetWifiNetworkFactory: got request NetworkRequest [ REQUEST id=151, [ Capabilities: INTERNET&NOT_RESTRICTED&TRUSTED&NOT_VCN_MANAGED&NOT_BANDWIDTH_CONSTRAINED Uid: 10150 RequestorUid: 10150 RequestorPkg: com.xingin.xhs UnderlyingNetworks: Null] ]
06-16 13:48:54.845   611  4267 D ConnectivityService: requestNetwork for uid/pid:10150/12354 activeRequest: null callbackRequest: 153 [NetworkRequest [ REQUEST id=154, [ Capabilities: INTERNET&NOT_RESTRICTED&TRUSTED&NOT_VCN_MANAGED&NOT_BANDWIDTH_CONSTRAINED Uid: 10150 RequestorUid: 10150 RequestorPkg: com.xingin.xhs UnderlyingNetworks: Null] ]] callback flags: 0 order: 2147483647 isUidTracked: false declaredMethods: AVAIL|LOST
06-16 13:48:54.846   611   870 D WifiNetworkFactory: got request NetworkRequest [ REQUEST id=154, [ Capabilities: INTERNET&NOT_RESTRICTED&TRUSTED&NOT_VCN_MANAGED&NOT_BANDWIDTH_CONSTRAINED Uid: 10150 RequestorUid: 10150 RequestorPkg: com.xingin.xhs UnderlyingNetworks: Null] ]
06-16 13:48:54.846   611   870 D UntrustedWifiNetworkFactory: got request NetworkRequest [ REQUEST id=154, [ Capabilities: INTERNET&NOT_RESTRICTED&TRUSTED&NOT_VCN_MANAGED&NOT_BANDWIDTH_CONSTRAINED Uid: 10150 RequestorUid: 10150 RequestorPkg: com.xingin.xhs UnderlyingNetworks: Null] ]
06-16 13:48:54.846   611   870 D OemPaidWifiNetworkFactory: got request NetworkRequest [ REQUEST id=154, [ Capabilities: INTERNET&NOT_RESTRICTED&TRUSTED&NOT_VCN_MANAGED&NOT_BANDWIDTH_CONSTRAINED Uid: 10150 RequestorUid: 10150 RequestorPkg: com.xingin.xhs UnderlyingNetworks: Null] ]
06-16 13:48:54.846   611   870 D MultiInternetWifiNetworkFactory: got request NetworkRequest [ REQUEST id=154, [ Capabilities: INTERNET&NOT_RESTRICTED&TRUSTED&NOT_VCN_MANAGED&NOT_BANDWIDTH_CONSTRAINED Uid: 10150 RequestorUid: 10150 RequestorPkg: com.xingin.xhs UnderlyingNetworks: Null] ]
06-16 13:48:54.855 12354 12354 W com.xingin.xhs: Unsupported class loader: java.lang.Class<com.xingin.petal.core.load.SplitDelegateClassloader2>
06-16 13:48:54.867 12354 12354 D nativeloader: Load /data/app/~~uw83atq9S0Uob0pKidb-KQ==/com.xingin.xhs-u9toNGY3ET8WrPaqaHC5Zg==/lib/arm64/libreddb.so using class loader ns clns-7 (caller=/data/app/~~uw83atq9S0Uob0pKidb-KQ==/com.xingin.xhs-u9toNGY3ET8WrPaqaHC5Zg==/base.apk!classes9.dex): ok
06-16 13:48:54.881 12354 12483 D nativeloader: Load /data/app/~~uw83atq9S0Uob0pKidb-KQ==/com.xingin.xhs-u9toNGY3ET8WrPaqaHC5Zg==/lib/arm64/libc++_shared.so using class loader ns clns-7 (caller=/data/app/~~uw83atq9S0Uob0pKidb-KQ==/com.xingin.xhs-u9toNGY3ET8WrPaqaHC5Zg==/base.apk!classes9.dex): ok
06-16 13:48:54.882 12354 12483 W System  : Attempt to load writable file: /data/user/0/com.xingin.xhs/app_jniLibs/arm64-v8a/redffmpeg/E1C12F452888053EB7DDF6CF6068AEDB. This will throw on a future Android version
06-16 13:48:54.882 12354 12491 V fb-UnpackingSoSource: locked dso store /data/user/0/com.xingin.xhs/lib-main
06-16 13:48:54.882 12354 12491 I fb-UnpackingSoSource: dso store is up-to-date: /data/user/0/com.xingin.xhs/lib-main
06-16 13:48:54.882 12354 12491 V fb-UnpackingSoSource: releasing dso store lock for /data/user/0/com.xingin.xhs/lib-main
06-16 13:48:54.876 12354 12354 W playerPreLoadSo: type=1400 audit(0.0:6829): avc:  granted  { execute } for  path="/data/data/com.xingin.xhs/app_jniLibs/arm64-v8a/redffmpeg/E1C12F452888053EB7DDF6CF6068AEDB" dev="dm-51" ino=1008074 scontext=u:r:untrusted_app:s0:c150,c256,c512,c768 tcontext=u:object_r:app_data_file:s0:c150,c256,c512,c768 tclass=file app=com.xingin.xhs
06-16 13:48:54.884 12354 12483 D nativeloader: Load /data/user/0/com.xingin.xhs/app_jniLibs/arm64-v8a/redffmpeg/E1C12F452888053EB7DDF6CF6068AEDB using class loader ns clns-7 (caller=/data/app/~~uw83atq9S0Uob0pKidb-KQ==/com.xingin.xhs-u9toNGY3ET8WrPaqaHC5Zg==/base.apk!classes4.dex): ok
06-16 13:48:54.884 12354 12466 D nativeloader: Load /data/app/~~uw83atq9S0Uob0pKidb-KQ==/com.xingin.xhs-u9toNGY3ET8WrPaqaHC5Zg==/lib/arm64/libopen_hook.so using class loader ns clns-7 (caller=/data/app/~~uw83atq9S0Uob0pKidb-KQ==/com.xingin.xhs-u9toNGY3ET8WrPaqaHC5Zg==/base.apk!classes9.dex): ok
06-16 13:48:54.884 12354 12466 I XhsDiskManager: setUsageRateCommonInfo,  xhs_disk_externalBasePath = /storage/emulated/0/Android/data/com.xingin.xhs,  xhs_disk_internalBasePath = /data/user/0/com.xingin.xhs
06-16 13:48:54.884 12354 12466 I XhsDiskManager: doInit(), xhs_disk_internalBasePath2 = /data/data/com.xingin.xhs
06-16 13:48:54.884 12354 12466 I XhsDiskManager: doInit(), packageName = com.xingin.xhs, packageNameWithSplash = /com.xingin.xhs/
06-16 13:48:54.887 12354 12483 I filehook: >>>>> hooked. stub: 7dd0cf8390, status: 0, caller_path_name: /data/app/~~uw83atq9S0Uob0pKidb-KQ==/com.xingin.xhs-u9toNGY3ET8WrPaqaHC5Zg==/lib/arm64/libreddownload.so, sym_name: open, new_func: 7b3ae8c068, prev_func: 7f09715ff0, arg: 0
06-16 13:48:54.887 12354 12483 D nativeloader: Load /data/app/~~uw83atq9S0Uob0pKidb-KQ==/com.xingin.xhs-u9toNGY3ET8WrPaqaHC5Zg==/lib/arm64/libredpreload.so using class loader ns clns-7 (caller=/data/app/~~uw83atq9S0Uob0pKidb-KQ==/com.xingin.xhs-u9toNGY3ET8WrPaqaHC5Zg==/base.apk!classes9.dex): ok
06-16 13:48:54.889 12354 12483 D nativeloader: Load /data/app/~~uw83atq9S0Uob0pKidb-KQ==/com.xingin.xhs-u9toNGY3ET8WrPaqaHC5Zg==/lib/arm64/libplayertools.so using class loader ns clns-7 (caller=/data/app/~~uw83atq9S0Uob0pKidb-KQ==/com.xingin.xhs-u9toNGY3ET8WrPaqaHC5Zg==/base.apk!classes9.dex): ok
06-16 13:48:54.889 12354 12483 D nativeloader: Load /data/app/~~uw83atq9S0Uob0pKidb-KQ==/com.xingin.xhs-u9toNGY3ET8WrPaqaHC5Zg==/lib/arm64/libredbase.so using class loader ns clns-7 (caller=/data/app/~~uw83atq9S0Uob0pKidb-KQ==/com.xingin.xhs-u9toNGY3ET8WrPaqaHC5Zg==/base.apk!classes9.dex): ok
06-16 13:48:54.889 12354 12483 D nativeloader: Load /data/app/~~uw83atq9S0Uob0pKidb-KQ==/com.xingin.xhs-u9toNGY3ET8WrPaqaHC5Zg==/lib/arm64/libreddownload.so using class loader ns clns-7 (caller=/data/app/~~uw83atq9S0Uob0pKidb-KQ==/com.xingin.xhs-u9toNGY3ET8WrPaqaHC5Zg==/base.apk!classes9.dex): ok
06-16 13:48:54.889 12354 12483 D nativeloader: Load /data/app/~~uw83atq9S0Uob0pKidb-KQ==/com.xingin.xhs-u9toNGY3ET8WrPaqaHC5Zg==/lib/arm64/libredstrategycenter.so using class loader ns clns-7 (caller=/data/app/~~uw83atq9S0Uob0pKidb-KQ==/com.xingin.xhs-u9toNGY3ET8WrPaqaHC5Zg==/base.apk!classes9.dex): ok
06-16 13:48:54.889 12354 12483 D nativeloader: Load /data/app/~~uw83atq9S0Uob0pKidb-KQ==/com.xingin.xhs-u9toNGY3ET8WrPaqaHC5Zg==/lib/arm64/libopensource.so using class loader ns clns-7 (caller=/data/app/~~uw83atq9S0Uob0pKidb-KQ==/com.xingin.xhs-u9toNGY3ET8WrPaqaHC5Zg==/base.apk!classes9.dex): ok
06-16 13:48:54.890 12354 12483 D nativeloader: Load /data/app/~~uw83atq9S0Uob0pKidb-KQ==/com.xingin.xhs-u9toNGY3ET8WrPaqaHC5Zg==/lib/arm64/libopenrender.so using class loader ns clns-7 (caller=/data/app/~~uw83atq9S0Uob0pKidb-KQ==/com.xingin.xhs-u9toNGY3ET8WrPaqaHC5Zg==/base.apk!classes9.dex): ok
06-16 13:48:54.892 12354 12466 I filehook: >>>>> hooked. stub: 7dd0cf8390, status: 0, caller_path_name: /data/app/~~uw83atq9S0Uob0pKidb-KQ==/com.xingin.xhs-u9toNGY3ET8WrPaqaHC5Zg==/lib/arm64/libmmkv2.so, sym_name: open, new_func: 7b3ae8c068, prev_func: 7f09715ff0, arg: 0
06-16 13:48:54.893 12354 12466 I filehook: >>>>> hooked. stub: 7dd0cf8390, status: 0, caller_path_name: /data/app/~~uw83atq9S0Uob0pKidb-KQ==/com.xingin.xhs-u9toNGY3ET8WrPaqaHC5Zg==/lib/arm64/libopen_hook.so, sym_name: open, new_func: 7b3ae8c068, prev_func: 7f09715ff0, arg: 0
06-16 13:48:54.893 12354 12466 I filehook: >>>>> hooked. stub: 7dd0cf8390, status: 0, caller_path_name: /data/app/~~uw83atq9S0Uob0pKidb-KQ==/com.xingin.xhs-u9toNGY3ET8WrPaqaHC5Zg==/lib/arm64/libreddb.so, sym_name: open, new_func: 7b3ae8c068, prev_func: 7f09715ff0, arg: 0
06-16 13:48:54.893 12354 12466 I filehook: >>>>> hooked. stub: 7dd0cf8390, status: 0, caller_path_name: /data/app/~~uw83atq9S0Uob0pKidb-KQ==/com.xingin.xhs-u9toNGY3ET8WrPaqaHC5Zg==/lib/arm64/libsentry.so, sym_name: open, new_func: 7b3ae8c068, prev_func: 7f09715ff0, arg: 0
06-16 13:48:54.893 12354 12466 I filehook: >>>>> hooked. stub: 7dd0cf8390, status: 0, caller_path_name: /data/app/~~uw83atq9S0Uob0pKidb-KQ==/com.xingin.xhs-u9toNGY3ET8WrPaqaHC5Zg==/lib/arm64/libtiny.so, sym_name: open, new_func: 7b3ae8c068, prev_func: 7f09715ff0, arg: 0
06-16 13:48:54.893 12354 12466 I filehook: >>>>> hooked. stub: 7dd0cf8390, status: 0, caller_path_name: /data/app/~~uw83atq9S0Uob0pKidb-KQ==/com.xingin.xhs-u9toNGY3ET8WrPaqaHC5Zg==/lib/arm64/libxylog.so, sym_name: open, new_func: 7b3ae8c068, prev_func: 7f09715ff0, arg: 0
06-16 13:48:54.894 12354 12493 D nativeloader: Load /data/app/~~uw83atq9S0Uob0pKidb-KQ==/com.xingin.xhs-u9toNGY3ET8WrPaqaHC5Zg==/lib/arm64/libtuner.so using class loader ns clns-7 (caller=/data/app/~~uw83atq9S0Uob0pKidb-KQ==/com.xingin.xhs-u9toNGY3ET8WrPaqaHC5Zg==/base.apk!classes9.dex): ok
06-16 13:48:54.897 12354 12492 D nativeloader: Load /data/app/~~uw83atq9S0Uob0pKidb-KQ==/com.xingin.xhs-u9toNGY3ET8WrPaqaHC5Zg==/lib/arm64/libxyheif.so using class loader ns clns-7 (caller=/data/app/~~uw83atq9S0Uob0pKidb-KQ==/com.xingin.xhs-u9toNGY3ET8WrPaqaHC5Zg==/base.apk!classes9.dex): ok
06-16 13:48:54.897 12354 12483 D nativeloader: Load /data/app/~~uw83atq9S0Uob0pKidb-KQ==/com.xingin.xhs-u9toNGY3ET8WrPaqaHC5Zg==/lib/arm64/libopendecoder.so using class loader ns clns-7 (caller=/data/app/~~uw83atq9S0Uob0pKidb-KQ==/com.xingin.xhs-u9toNGY3ET8WrPaqaHC5Zg==/base.apk!classes9.dex): ok
06-16 13:48:54.897 12354 12483 D nativeloader: Load /data/app/~~uw83atq9S0Uob0pKidb-KQ==/com.xingin.xhs-u9toNGY3ET8WrPaqaHC5Zg==/lib/arm64/libredplayer.so using class loader ns clns-7 (caller=/data/app/~~uw83atq9S0Uob0pKidb-KQ==/com.xingin.xhs-u9toNGY3ET8WrPaqaHC5Zg==/base.apk!classes9.dex): ok
06-16 13:48:54.905 12354 12518 I filehook: >>>>> hooked. stub: 7dd0cf8390, status: 0, caller_path_name: /data/app/~~uw83atq9S0Uob0pKidb-KQ==/com.xingin.xhs-u9toNGY3ET8WrPaqaHC5Zg==/lib/arm64/libmarsxlog.so, sym_name: open, new_func: 7b3ae8c068, prev_func: 7f09715ff0, arg: 0
06-16 13:48:54.905 12354 12518 D nativeloader: Load /data/app/~~uw83atq9S0Uob0pKidb-KQ==/com.xingin.xhs-u9toNGY3ET8WrPaqaHC5Zg==/lib/arm64/libmarsxlog.so using class loader ns clns-7 (caller=/data/app/~~uw83atq9S0Uob0pKidb-KQ==/com.xingin.xhs-u9toNGY3ET8WrPaqaHC5Zg==/base.apk!classes9.dex): ok
06-16 13:48:54.907 12354 12518 W System  : Attempt to load writable file: /data/user/0/com.xingin.xhs/app_jniLibs/arm64-v8a/xhslonglink/0E0B20251B1F86F511983AEE30766DD7. This will throw on a future Android version
06-16 13:48:54.909 12354 12518 D nativeloader: Load /data/user/0/com.xingin.xhs/app_jniLibs/arm64-v8a/xhslonglink/0E0B20251B1F86F511983AEE30766DD7 using class loader ns clns-7 (caller=/data/app/~~uw83atq9S0Uob0pKidb-KQ==/com.xingin.xhs-u9toNGY3ET8WrPaqaHC5Zg==/base.apk!classes4.dex): ok
06-16 13:48:54.951 12354 12378 I filehook: >>>>> hooked. stub: 7dd0cf8390, status: 19, caller_path_name: /data/app/~~uw83atq9S0Uob0pKidb-KQ==/com.xingin.xhs-u9toNGY3ET8WrPaqaHC5Zg==/lib/arm64/libmsaoaidsec.so, sym_name: open, new_func: 7b3ae8c068, prev_func: 7f09715ff0, arg: 0
06-16 13:48:54.951 12354 12378 D nativeloader: Load /data/app/~~uw83atq9S0Uob0pKidb-KQ==/com.xingin.xhs-u9toNGY3ET8WrPaqaHC5Zg==/lib/arm64/libmsaoaidsec.so using class loader ns clns-7 (caller=/data/app/~~uw83atq9S0Uob0pKidb-KQ==/com.xingin.xhs-u9toNGY3ET8WrPaqaHC5Zg==/base.apk!classes9.dex): ok
06-16 13:48:54.959   611  4271 D ConnectivityService: requestNetwork for uid/pid:10150/12354 activeRequest: null callbackRequest: 158 [NetworkRequest [ REQUEST id=158, [ Transports: CELLULAR|WIFI|BLUETOOTH|ETHERNET|VPN|WIFI_AWARE|LOWPAN Capabilities: NOT_RESTRICTED&TRUSTED&NOT_VPN&NOT_VCN_MANAGED&NOT_BANDWIDTH_CONSTRAINED Forbidden: LOCAL_NETWORK Uid: 10150 RequestorUid: 10150 RequestorPkg: com.xingin.xhs UnderlyingNetworks: Null] ]] callback flags: 0 order: 2147483647 isUidTracked: false declaredMethods: AVAIL|LOST
06-16 13:48:54.960   611   870 D WifiNetworkFactory: got request NetworkRequest [ REQUEST id=158, [ Transports: CELLULAR|WIFI|BLUETOOTH|ETHERNET|VPN|WIFI_AWARE|LOWPAN Capabilities: NOT_RESTRICTED&TRUSTED&NOT_VPN&NOT_VCN_MANAGED&NOT_BANDWIDTH_CONSTRAINED Forbidden: LOCAL_NETWORK Uid: 10150 RequestorUid: 10150 RequestorPkg: com.xingin.xhs UnderlyingNetworks: Null] ]
06-16 13:48:54.960   611   870 D UntrustedWifiNetworkFactory: got request NetworkRequest [ REQUEST id=158, [ Transports: CELLULAR|WIFI|BLUETOOTH|ETHERNET|VPN|WIFI_AWARE|LOWPAN Capabilities: NOT_RESTRICTED&TRUSTED&NOT_VPN&NOT_VCN_MANAGED&NOT_BANDWIDTH_CONSTRAINED Forbidden: LOCAL_NETWORK Uid: 10150 RequestorUid: 10150 RequestorPkg: com.xingin.xhs UnderlyingNetworks: Null] ]
06-16 13:48:54.960   611   870 D OemPaidWifiNetworkFactory: got request NetworkRequest [ REQUEST id=158, [ Transports: CELLULAR|WIFI|BLUETOOTH|ETHERNET|VPN|WIFI_AWARE|LOWPAN Capabilities: NOT_RESTRICTED&TRUSTED&NOT_VPN&NOT_VCN_MANAGED&NOT_BANDWIDTH_CONSTRAINED Forbidden: LOCAL_NETWORK Uid: 10150 RequestorUid: 10150 RequestorPkg: com.xingin.xhs UnderlyingNetworks: Null] ]
06-16 13:48:54.960   611   870 D MultiInternetWifiNetworkFactory: got request NetworkRequest [ REQUEST id=158, [ Transports: CELLULAR|WIFI|BLUETOOTH|ETHERNET|VPN|WIFI_AWARE|LOWPAN Capabilities: NOT_RESTRICTED&TRUSTED&NOT_VPN&NOT_VCN_MANAGED&NOT_BANDWIDTH_CONSTRAINED Forbidden: LOCAL_NETWORK Uid: 10150 RequestorUid: 10150 RequestorPkg: com.xingin.xhs UnderlyingNetworks: Null] ]
06-16 13:48:54.962 12438 12438 W app_process64: hiddenapi: DexFile /data/user/0/com.xingin.xhs/app_cache/c4d121c215evx1s51d.dex is in boot class path but is not in a known location
06-16 13:48:54.963 12438 12438 D nativeloader: Configuring clns-1 for other apk . target_sdk_version=0, uses_libraries=ALL, library_path=/system/lib64:/data/app/~~uw83atq9S0Uob0pKidb-KQ==/com.xingin.xhs-u9toNGY3ET8WrPaqaHC5Zg==/lib/arm64, permitted_path=/data:/mnt/expand
06-16 13:48:54.963 12438 12438 D nativeloader: Load /data/app/~~uw83atq9S0Uob0pKidb-KQ==/com.xingin.xhs-u9toNGY3ET8WrPaqaHC5Zg==/lib/arm64/libtinyd.so using isolated ns clns-1 (caller=/data/user/0/com.xingin.xhs/app_asserts/fd2x1e4e2x3f1v2b1s.dex): ok
06-16 13:48:54.976 12354 12354 W System.err: 	at com.xingin.xhs.index.v2.IndexActivityV2.onCreate$___twin___(SourceFile:36)
06-16 13:48:54.976 12354 12354 W System.err: 	at com.xingin.xhs.index.v2.IndexActivityV2.onCreate(SourceFile:2)
06-16 13:48:54.977 12354 12466 I filehook: >>>>> hooked. stub: 7dd0d04090, status: 0, caller_path_name: /data/app/~~uw83atq9S0Uob0pKidb-KQ==/com.xingin.xhs-u9toNGY3ET8WrPaqaHC5Zg==/lib/arm64/libc++_shared.so, sym_name: __open_2, new_func: 7b3ae8c150, prev_func: 7f09716238, arg: 0
06-16 13:48:54.977 12354 12466 I filehook: >>>>> hooked. stub: 7dd0d04090, status: 0, caller_path_name: /data/app/~~uw83atq9S0Uob0pKidb-KQ==/com.xingin.xhs-u9toNGY3ET8WrPaqaHC5Zg==/lib/arm64/libmarsxlog.so, sym_name: __open_2, new_func: 7b3ae8c150, prev_func: 7f09716238, arg: 0
06-16 13:48:54.977 12354 12466 I filehook: >>>>> hooked. stub: 7dd0d04090, status: 0, caller_path_name: /data/app/~~uw83atq9S0Uob0pKidb-KQ==/com.xingin.xhs-u9toNGY3ET8WrPaqaHC5Zg==/lib/arm64/libmmkv2.so, sym_name: __open_2, new_func: 7b3ae8c150, prev_func: 7f09716238, arg: 0
06-16 13:48:54.978 12354 12466 I filehook: >>>>> hooked. stub: 7dd0d04090, status: 0, caller_path_name: /data/app/~~uw83atq9S0Uob0pKidb-KQ==/com.xingin.xhs-u9toNGY3ET8WrPaqaHC5Zg==/lib/arm64/libsentry-fd-monitor.so, sym_name: __open_2, new_func: 7b3ae8c150, prev_func: 7f09716238, arg: 0
06-16 13:48:54.978 12354 12466 I filehook: >>>>> hooked. stub: 7dd0d04090, status: 0, caller_path_name: /data/app/~~uw83atq9S0Uob0pKidb-KQ==/com.xingin.xhs-u9toNGY3ET8WrPaqaHC5Zg==/lib/arm64/libsentry.so, sym_name: __open_2, new_func: 7b3ae8c150, prev_func: 7f09716238, arg: 0
06-16 13:48:54.978 12354 12466 I filehook: >>>>> hooked. stub: 7dd0d04090, status: 0, caller_path_name: /data/app/~~uw83atq9S0Uob0pKidb-KQ==/com.xingin.xhs-u9toNGY3ET8WrPaqaHC5Zg==/lib/arm64/libshadowhook.so, sym_name: __open_2, new_func: 7b3ae8c150, prev_func: 7f09716238, arg: 0
06-16 13:48:54.979 12354 12466 I filehook: >>>>> hooked. stub: 7dd0d04090, status: 0, caller_path_name: /data/app/~~uw83atq9S0Uob0pKidb-KQ==/com.xingin.xhs-u9toNGY3ET8WrPaqaHC5Zg==/lib/arm64/libtiny.so, sym_name: __open_2, new_func: 7b3ae8c150, prev_func: 7f09716238, arg: 0
06-16 13:48:54.979 12354 12466 I filehook: >>>>> hooked. stub: 7dd0d04090, status: 0, caller_path_name: /data/app/~~uw83atq9S0Uob0pKidb-KQ==/com.xingin.xhs-u9toNGY3ET8WrPaqaHC5Zg==/lib/arm64/libtuner.so, sym_name: __open_2, new_func: 7b3ae8c150, prev_func: 7f09716238, arg: 0
06-16 13:48:54.979 12354 12466 I filehook: >>>>> hooked. stub: 7dd0d04090, status: 0, caller_path_name: /data/app/~~uw83atq9S0Uob0pKidb-KQ==/com.xingin.xhs-u9toNGY3ET8WrPaqaHC5Zg==/lib/arm64/libxdl.so, sym_name: __open_2, new_func: 7b3ae8c150, prev_func: 7f09716238, arg: 0
06-16 13:48:54.986 12354 12466 I filehook: >>>>> hooked. stub: 7dd0d07180, status: 0, caller_path_name: /data/app/~~uw83atq9S0Uob0pKidb-KQ==/com.xingin.xhs-u9toNGY3ET8WrPaqaHC5Zg==/lib/arm64/libmarsxlog.so, sym_name: mkdir, new_func: 7b3ae8c1bc, prev_func: 7f09715424, arg: 0
06-16 13:48:54.987 12354 12466 I filehook: >>>>> hooked. stub: 7dd0d07180, status: 0, caller_path_name: /data/app/~~uw83atq9S0Uob0pKidb-KQ==/com.xingin.xhs-u9toNGY3ET8WrPaqaHC5Zg==/lib/arm64/libmmkv2.so, sym_name: mkdir, new_func: 7b3ae8c1bc, prev_func: 7f09715424, arg: 0
06-16 13:48:54.987 12354 12466 I filehook: >>>>> hooked. stub: 7dd0d07180, status: 0, caller_path_name: /data/app/~~uw83atq9S0Uob0pKidb-KQ==/com.xingin.xhs-u9toNGY3ET8WrPaqaHC5Zg==/lib/arm64/libopen_hook.so, sym_name: mkdir, new_func: 7b3ae8c1bc, prev_func: 7f09715424, arg: 0
06-16 13:48:54.987 12354 12466 I filehook: >>>>> hooked. stub: 7dd0d07180, status: 0, caller_path_name: /data/app/~~uw83atq9S0Uob0pKidb-KQ==/com.xingin.xhs-u9toNGY3ET8WrPaqaHC5Zg==/lib/arm64/libreddb.so, sym_name: mkdir, new_func: 7b3ae8c1bc, prev_func: 7f09715424, arg: 0
06-16 13:48:54.987 12354 12466 I filehook: >>>>> hooked. stub: 7dd0d07180, status: 0, caller_path_name: /data/app/~~uw83atq9S0Uob0pKidb-KQ==/com.xingin.xhs-u9toNGY3ET8WrPaqaHC5Zg==/lib/arm64/libreddownload.so, sym_name: mkdir, new_func: 7b3ae8c1bc, prev_func: 7f09715424, arg: 0
06-16 13:48:54.987 12354 12466 I filehook: >>>>> hooked. stub: 7dd0d07180, status: 0, caller_path_name: /data/app/~~uw83atq9S0Uob0pKidb-KQ==/com.xingin.xhs-u9toNGY3ET8WrPaqaHC5Zg==/lib/arm64/libsentry.so, sym_name: mkdir, new_func: 7b3ae8c1bc, prev_func: 7f09715424, arg: 0
06-16 13:48:54.987 12354 12466 I filehook: >>>>> hooked. stub: 7dd0d07180, status: 0, caller_path_name: /data/app/~~uw83atq9S0Uob0pKidb-KQ==/com.xingin.xhs-u9toNGY3ET8WrPaqaHC5Zg==/lib/arm64/libtiny.so, sym_name: mkdir, new_func: 7b3ae8c1bc, prev_func: 7f09715424, arg: 0
06-16 13:48:54.987 12354 12466 I filehook: >>>>> hooked. stub: 7dd0d07180, status: 0, caller_path_name: /data/app/~~uw83atq9S0Uob0pKidb-KQ==/com.xingin.xhs-u9toNGY3ET8WrPaqaHC5Zg==/lib/arm64/libun7zip.so, sym_name: mkdir, new_func: 7b3ae8c1bc, prev_func: 7f09715424, arg: 0
06-16 13:48:54.987 12354 12466 I filehook: >>>>> hooked. stub: 7dd0d07180, status: 0, caller_path_name: /data/app/~~uw83atq9S0Uob0pKidb-KQ==/com.xingin.xhs-u9toNGY3ET8WrPaqaHC5Zg==/lib/arm64/libxylog.so, sym_name: mkdir, new_func: 7b3ae8c1bc, prev_func: 7f09715424, arg: 0
06-16 13:48:54.999   611  4267 D ConnectivityService: requestNetwork for uid/pid:10150/12354 activeRequest: null callbackRequest: 159 [NetworkRequest [ REQUEST id=160, [ Capabilities: INTERNET&NOT_RESTRICTED&TRUSTED&NOT_VCN_MANAGED&NOT_BANDWIDTH_CONSTRAINED Uid: 10150 RequestorUid: 10150 RequestorPkg: com.xingin.xhs UnderlyingNetworks: Null] ]] callback flags: 0 order: 2147483647 isUidTracked: false declaredMethods: AVAIL|LOST|NC
06-16 13:48:55.000   611   870 D WifiNetworkFactory: got request NetworkRequest [ REQUEST id=160, [ Capabilities: INTERNET&NOT_RESTRICTED&TRUSTED&NOT_VCN_MANAGED&NOT_BANDWIDTH_CONSTRAINED Uid: 10150 RequestorUid: 10150 RequestorPkg: com.xingin.xhs UnderlyingNetworks: Null] ]
06-16 13:48:55.000   611   870 D UntrustedWifiNetworkFactory: got request NetworkRequest [ REQUEST id=160, [ Capabilities: INTERNET&NOT_RESTRICTED&TRUSTED&NOT_VCN_MANAGED&NOT_BANDWIDTH_CONSTRAINED Uid: 10150 RequestorUid: 10150 RequestorPkg: com.xingin.xhs UnderlyingNetworks: Null] ]
06-16 13:48:55.000   611   870 D OemPaidWifiNetworkFactory: got request NetworkRequest [ REQUEST id=160, [ Capabilities: INTERNET&NOT_RESTRICTED&TRUSTED&NOT_VCN_MANAGED&NOT_BANDWIDTH_CONSTRAINED Uid: 10150 RequestorUid: 10150 RequestorPkg: com.xingin.xhs UnderlyingNetworks: Null] ]
06-16 13:48:55.000   611   870 D MultiInternetWifiNetworkFactory: got request NetworkRequest [ REQUEST id=160, [ Capabilities: INTERNET&NOT_RESTRICTED&TRUSTED&NOT_VCN_MANAGED&NOT_BANDWIDTH_CONSTRAINED Uid: 10150 RequestorUid: 10150 RequestorPkg: com.xingin.xhs UnderlyingNetworks: Null] ]
06-16 13:48:55.003 12354 12581 E SQLiteDatabase: Error inserting file_name=104101b831raaanbq0a069nq6rli00000000000ifv4ire.pem reason=0 status=0 total_bytes=0 id=-1829654357 url=https://fe-video-qc.xhscdn.com/fe-platform-file/104101b831raaanbq0a069nq6rli00000000000ifv4ire.pem etag=null dir_path=/storage/emulated/0/Android/data/com.xingin.xhs/files/rescache failed_num=0 downloaded_bytes=0 last_modified_at=1781617735000 support_resume=1
06-16 13:48:55.018   611  3515 D CoreBackPreview: Window{1e39ca0 u0 com.xingin.xhs/com.xingin.xhs.index.v2.IndexActivityV2}: Setting back callback OnBackInvokedCallbackInfo{mCallback=android.window.IOnBackInvokedCallback$Stub$Proxy@cf5e2cc, mPriority=0, mIsAnimationCallback=false, mOverrideBehavior=0}
06-16 13:48:55.042   611   630 I ActivityTaskManager: Displayed com.xingin.xhs/.index.v2.IndexActivityV2 for user 0: +367ms
06-16 13:48:55.136 12354 12652 I filehook: >>>>> hooked. stub: 7dd0cf8390, status: 19, caller_path_name: /data/app/~~uw83atq9S0Uob0pKidb-KQ==/com.xingin.xhs-u9toNGY3ET8WrPaqaHC5Zg==/lib/arm64/libmsaoaidauth.so, sym_name: open, new_func: 7b3ae8c068, prev_func: 7f09715ff0, arg: 0
06-16 13:48:55.136 12354 12652 D nativeloader: Load /data/app/~~uw83atq9S0Uob0pKidb-KQ==/com.xingin.xhs-u9toNGY3ET8WrPaqaHC5Zg==/lib/arm64/libmsaoaidauth.so using class loader ns clns-7 (caller=/data/app/~~uw83atq9S0Uob0pKidb-KQ==/com.xingin.xhs-u9toNGY3ET8WrPaqaHC5Zg==/base.apk!classes9.dex): ok
06-16 13:48:55.139   611  4271 I ActivityTaskManager: START u0 {dat=xhsdiscover://welcome_page/... flg=0x10008000 xflg=0x4 cmp=com.xingin.xhs/com.xingin.login.activity.WelcomeActivity (has extras)} with LAUNCH_SINGLE_TASK from uid 10150 (sr=248642758) (BAL_ALLOW_VISIBLE_WINDOW) result code=0
06-16 13:48:55.139   952  1039 V WindowManagerShell: Transition requested (#63): android.os.BinderProxy@289d164 TransitionRequestInfo { type = OPEN, triggerTask = TaskInfo{userId=0 taskId=15 effectiveUid=10150 displayId=0 isRunning=true baseIntent=Intent { act=android.intent.action.MAIN cat=[android.intent.category.LAUNCHER] flg=0x10200000 cmp=com.xingin.xhs/.index.v2.IndexActivityV2 } baseActivity=ComponentInfo{com.xingin.xhs/com.xingin.login.activity.WelcomeActivity} topActivity=ComponentInfo{com.xingin.xhs/com.xingin.login.activity.WelcomeActivity} origActivity=null realActivity=ComponentInfo{com.xingin.xhs/com.xingin.xhs.index.v2.IndexActivityV2} numActivities=1 lastActiveTime=1099674 supportsMultiWindow=true resizeMode=2 isResizeable=true minWidth=-1 minHeight=-1 defaultMinSize=220 token=WCT{android.window.IWindowContainerToken$Stub$Proxy@9d2cfcd} topActivityType=1 pictureInPictureParams=null shouldDockBigOverlays=false launchIntoPipHostTaskId=-1 lastParentTaskIdBeforePip=-1 displayCutoutSafeInsets=Rect(0, 0 - 0, 0) topActivityInfo=ActivityInfo{fa12082 com.xingin.login.activity.WelcomeActivity} launchCookies=[android.os.BinderProxy@85f4aca] positionInParent=Point(0, 0) parentTaskId=-1 isFocused=true isVisible=true isVisibleRequested=false isTopActivityNoDisplay=false isSleeping=false locusId=null displayAreaFeatureId=1 isTopActivityTransparent=false isActivityStackTransparent=false lastNonFullscreenBounds=Rect(276, 627 - 805, 1707) capturedLink=null capturedLinkTimestamp=0 requestedVisibleTypes=-9 topActivityRequestOpenInBrowserEducationTimestamp=0 appCompatTaskInfo=AppCompatTaskInfo { topActivityInSizeCompat=false eligibleForLetterboxEducation= false isLetterboxEducationEnabled= false isLetterboxDoubleTapEnabled= false eligibleForUserAspectRatioButton= false topActivityBoundsLetterboxed= false isFromLetterboxDoubleTap= false topActivityLetterboxVerticalPosition= -1 topActivityLetterboxHorizontalPosition= -1 topActivityLetterboxWidth=-1 topActivityLetterboxHeight=-1 topActivityLetterboxAppWidth=-1 topActivityLetterboxAppHeight=-1 isUserFullscreenOverrideEnabled=false isSystemFullscreenOverrideEnabled=false hasMinAspectRatioOverride=false topActivityLetterboxBounds=null cameraCompatTaskInfo=CameraCompatTaskInfo { freeformCameraCompatMode=inactive}} topActivityMainWindowFrame=null}, pipChange = null, remoteTransition = null, displayChange = null, flags = 0, debugId = 63 }
06-16 13:48:55.141   611  4267 W ActivityTaskManager: Duplicate finish request for r=ActivityRecord{248642758 u0 com.xingin.xhs/.index.v2.IndexActivityV2 t15 f}}
06-16 13:48:55.160 12354 12354 W System.err: 	at com.xingin.login.activity.LoadingProgressActivity.onCreate$___twin___(SourceFile:1)
06-16 13:48:55.160 12354 12354 W System.err: 	at com.xingin.login.activity.LoadingProgressActivity.oc(Unknown Source:0)
06-16 13:48:55.160 12354 12354 W System.err: 	at com.xingin.login.activity.LoadingProgressActivity.onCreate(Unknown Source:24)
06-16 13:48:55.160 12354 12354 W System.err: 	at com.xingin.login.activity.WelcomeActivity.onCreate$___twin___(SourceFile:2)
06-16 13:48:55.160 12354 12354 W System.err: 	at com.xingin.login.activity.WelcomeActivity.onCreate(SourceFile:2)
06-16 13:48:55.166 12354 12354 D MicroMsg.SDK.WXApiImplV10: register app com.xingin.xhs
06-16 13:48:55.167 12354 12354 E openSDK_LOG: com.xingin.xhs SDK_VERSION:3.5.13.lite
06-16 13:48:55.168 12354 12354 E openSDK_LOG.SystemUtils: 	at com.xingin.login.activity.WelcomeActivity.onCreate$___twin___(SourceFile:6)
06-16 13:48:55.168 12354 12354 E openSDK_LOG.SystemUtils: 	at com.xingin.login.activity.WelcomeActivity.onCreate(SourceFile:2)
06-16 13:48:55.175   611  4267 D CoreBackPreview: Window{d2b26e8 u0 Splash Screen com.xingin.xhs}: Setting back callback OnBackInvokedCallbackInfo{mCallback=android.window.IOnBackInvokedCallback$Stub$Proxy@7ffc994, mPriority=0, mIsAnimationCallback=false, mOverrideBehavior=0}
06-16 13:48:55.180   611   630 V WindowManager: Sent Transition (#63) createdAt=06-16 13:48:55.138 via request=TransitionRequestInfo { type = OPEN, triggerTask = TaskInfo{userId=0 taskId=15 effectiveUid=10150 displayId=0 isRunning=true baseIntent=Intent { act=android.intent.action.MAIN cat=[android.intent.category.LAUNCHER] flg=0x10200000 cmp=com.xingin.xhs/.index.v2.IndexActivityV2 } baseActivity=ComponentInfo{com.xingin.xhs/com.xingin.login.activity.WelcomeActivity} topActivity=ComponentInfo{com.xingin.xhs/com.xingin.login.activity.WelcomeActivity} origActivity=null realActivity=ComponentInfo{com.xingin.xhs/com.xingin.xhs.index.v2.IndexActivityV2} numActivities=1 lastActiveTime=1099674 supportsMultiWindow=true resizeMode=2 isResizeable=true minWidth=-1 minHeight=-1 defaultMinSize=220 token=WCT{RemoteToken{5a63d77 Task{1912487 #15 type=standard A=10150:com.xingin.xhs}}} topActivityType=1 pictureInPictureParams=null shouldDockBigOverlays=false launchIntoPipHostTaskId=-1 lastParentTaskIdBeforePip=-1 displayCutoutSafeInsets=Rect(0, 0 - 0, 0) topActivityInfo=ActivityInfo{4d9eb00 com.xingin.login.activity.WelcomeActivity} launchCookies=[android.os.BinderProxy@952e24d] positionInParent=Point(0, 0) parentTaskId=-1 isFocused=true isVisible=true isVisibleRequested=false isTopActivityNoDisplay=false isSleeping=false locusId=null displayAreaFeatureId=1 isTopActivityTransparent=false isActivityStackTransparent=false lastNonFullscreenBounds=Rect(276, 627 - 805, 1707) capturedLink=null capturedLinkTimestamp=0 requestedVisibleTypes=-9 topActivityRequestOpenInBrowserEducationTimestamp=0 appCompatTaskInfo=AppCompatTaskInfo { topActivityInSizeCompat=false eligibleForLetterboxEducation= false isLetterboxEducationEnabled= false isLetterboxDoubleTapEnabled= false eligibleForUserAspectRatioButton= false topActivityBoundsLetterboxed= false isFromLetterboxDoubleTap= false topActivityLetterboxVerticalPosition= -1 topActivityLetterboxHorizontalPosition= -1 topActivityLetterboxWidth=-1 topActivityLetterboxHeight=-1 topActivityLetterboxAppWidth=-1 topActivityLetterboxAppHeight=-1 isUserFullscreenOverrideEnabled=false isSystemFullscreenOverrideEnabled=false hasMinAspectRatioOverride=false topActivityLetterboxBounds=null cameraCompatTaskInfo=CameraCompatTaskInfo { freeformCameraCompatMode=inactive}} topActivityMainWindowFrame=null}, pipChange = null, remoteTransition = null, displayChange = null, flags = 0, debugId = 63 }
06-16 13:48:55.180   611   630 V WindowManager:         {m=OPEN f=FILLS_TASK|IS_BEHIND_STARTING_WINDOW leash=Surface(name=ActivityRecord{233270736 u0 com.xingin.xhs/com.xingin.login.activity.WelcomeActivity)/@0x2b0cc32 sb=Rect(0, 0 - 0, 0) eb=Rect(0, 0 - 1080, 2400) epz=Point(1080, 2400) d=-1->0 r=-1->0:-1 bc=fffafafa component=com.xingin.xhs/com.xingin.login.activity.WelcomeActivity},
06-16 13:48:55.180   611   630 V WindowManager:         {m=CLOSE f=FILLS_TASK|IS_BEHIND_STARTING_WINDOW|IS_OCCLUDED leash=Surface(name=ActivityRecord{248642758 u0 com.xingin.xhs/.index.v2.IndexActivityV2)/@0x3cc1c3d sb=Rect(0, 0 - 1080, 2400) eb=Rect(0, 0 - 1080, 2400) epz=Point(1080, 2400) d=0 bc=fffafafa component=com.xingin.xhs/.index.v2.IndexActivityV2}
06-16 13:48:55.180   952  1039 V WindowManagerShell:         {m=OPEN f=FILLS_TASK|IS_BEHIND_STARTING_WINDOW leash=Surface(name=ActivityRecord{233270736 u0 com.xingin.xhs/com.xingin.login.activity.WelcomeActivity)/@0xf6ea3e7 sb=Rect(0, 0 - 0, 0) eb=Rect(0, 0 - 1080, 2400) epz=Point(1080, 2400) d=-1->0 r=-1->0:-1 bc=fffafafa component=com.xingin.xhs/com.xingin.login.activity.WelcomeActivity},
06-16 13:48:55.180   952  1039 V WindowManagerShell:         {m=CLOSE f=FILLS_TASK|IS_BEHIND_STARTING_WINDOW|IS_OCCLUDED leash=Surface(name=ActivityRecord{248642758 u0 com.xingin.xhs/.index.v2.IndexActivityV2)/@0x3b65b94 sb=Rect(0, 0 - 1080, 2400) eb=Rect(0, 0 - 1080, 2400) epz=Point(1080, 2400) d=0 bc=fffafafa component=com.xingin.xhs/.index.v2.IndexActivityV2}
06-16 13:48:55.181   952  1039 V WindowManagerShell: Transition doesn't have explicit remote, search filters for match for {id=63 t=OPEN f=0x0 trk=0 r=[0@Point(0, 0)] c=[{m=OPEN f=FILLS_TASK|IS_BEHIND_STARTING_WINDOW leash=Surface(name=ActivityRecord{233270736 u0 com.xingin.xhs/com.xingin.login.activity.WelcomeActivity)/@0xf6ea3e7 sb=Rect(0, 0 - 0, 0) eb=Rect(0, 0 - 1080, 2400) epz=Point(1080, 2400) d=-1->0 r=-1->0:-1 bc=fffafafa component=com.xingin.xhs/com.xingin.login.activity.WelcomeActivity},{m=CLOSE f=FILLS_TASK|IS_BEHIND_STARTING_WINDOW|IS_OCCLUDED leash=Surface(name=ActivityRecord{248642758 u0 com.xingin.xhs/.index.v2.IndexActivityV2)/@0x3b65b94 sb=Rect(0, 0 - 1080, 2400) eb=Rect(0, 0 - 1080, 2400) epz=Point(1080, 2400) d=0 bc=fffafafa component=com.xingin.xhs/.index.v2.IndexActivityV2}]}
06-16 13:48:55.181   952  1039 V WindowManagerShell: start default transition animation, info = {id=63 t=OPEN f=0x0 trk=0 r=[0@Point(0, 0)] c=[{m=OPEN f=FILLS_TASK|IS_BEHIND_STARTING_WINDOW leash=Surface(name=ActivityRecord{233270736 u0 com.xingin.xhs/com.xingin.login.activity.WelcomeActivity)/@0xf6ea3e7 sb=Rect(0, 0 - 0, 0) eb=Rect(0, 0 - 1080, 2400) epz=Point(1080, 2400) d=-1->0 r=-1->0:-1 bc=fffafafa component=com.xingin.xhs/com.xingin.login.activity.WelcomeActivity},{m=CLOSE f=FILLS_TASK|IS_BEHIND_STARTING_WINDOW|IS_OCCLUDED leash=Surface(name=ActivityRecord{248642758 u0 com.xingin.xhs/.index.v2.IndexActivityV2)/@0x3b65b94 sb=Rect(0, 0 - 1080, 2400) eb=Rect(0, 0 - 1080, 2400) epz=Point(1080, 2400) d=0 bc=fffafafa component=com.xingin.xhs/.index.v2.IndexActivityV2}]}
06-16 13:48:55.183 12354 12354 E com.xingin.xhs: No package ID ff found for resource ID 0xffffffff.
06-16 13:48:55.199   611  4267 D CoreBackPreview: Window{1309c71 u0 com.xingin.xhs/com.xingin.login.activity.WelcomeActivity}: Setting back callback OnBackInvokedCallbackInfo{mCallback=android.window.IOnBackInvokedCallback$Stub$Proxy@e18ead, mPriority=0, mIsAnimationCallback=false, mOverrideBehavior=0}
06-16 13:48:55.213   611   630 I ActivityTaskManager: Displayed com.xingin.xhs/com.xingin.login.activity.WelcomeActivity for user 0: +75ms
06-16 13:48:55.276 12354 12354 I ImeTracker: com.xingin.xhs:7dcafe8: onRequestHide at ORIGIN_CLIENT reason HIDE_WINDOW_LOST_FOCUS fromUser false
06-16 13:48:55.276 12354 12354 I ImeTracker: com.xingin.xhs:7dcafe8: onCancelled at PHASE_CLIENT_ALREADY_HIDDEN
06-16 13:48:55.277   611   716 I ImeTracker: com.xingin.xhs:50e70be9: onRequestHide at ORIGIN_SERVER reason HIDE_UNSPECIFIED_WINDOW fromUser false
06-16 13:48:55.277 12354 12354 I ImeTracker: com.xingin.xhs:50e70be9: onCancelled at PHASE_CLIENT_ALREADY_HIDDEN
06-16 13:48:55.427   611  1229 D CoreBackPreview: Window{56d4320 u0 Splash Screen com.xingin.xhs EXITING}: Setting back callback null
06-16 13:48:55.526   611  4271 D CoreBackPreview: Window{d2b26e8 u0 Splash Screen com.xingin.xhs EXITING}: Setting back callback null
06-16 13:48:55.679   611  4267 D CoreBackPreview: Window{1e39ca0 u0 com.xingin.xhs/com.xingin.xhs.index.v2.IndexActivityV2}: Setting back callback null
06-16 13:48:55.838   611  4267 D BiometricService/PreAuthInfo: Package: com.xingin.xhs Sensor ID: 0 Modality: 2 Status: 7
06-16 13:48:56.042 12354 12697 D nativeloader: Load /data/app/~~uw83atq9S0Uob0pKidb-KQ==/com.xingin.xhs-u9toNGY3ET8WrPaqaHC5Zg==/lib/arm64/libscalpel.so using class loader ns clns-7 (caller=/data/app/~~uw83atq9S0Uob0pKidb-KQ==/com.xingin.xhs-u9toNGY3ET8WrPaqaHC5Zg==/base.apk!classes9.dex): ok
06-16 13:48:56.045 12354 12699 D nativeloader: Load /data/app/~~uw83atq9S0Uob0pKidb-KQ==/com.xingin.xhs-u9toNGY3ET8WrPaqaHC5Zg==/lib/arm64/libmodelprofile.so using class loader ns clns-7 (caller=/data/app/~~uw83atq9S0Uob0pKidb-KQ==/com.xingin.xhs-u9toNGY3ET8WrPaqaHC5Zg==/base.apk!classes9.dex): ok
06-16 13:48:56.050 10450 10450 V XMPush-10450: [Tid:2] [XMPushService] onStart() with intent.Action = null, chid = null, pkg = null|com.xingin.xhs
06-16 13:48:56.064 12354 12697 I filehook: >>>>> hooked. stub: 7dd0d04090, status: 0, caller_path_name: /data/app/~~uw83atq9S0Uob0pKidb-KQ==/com.xingin.xhs-u9toNGY3ET8WrPaqaHC5Zg==/lib/arm64/libsliver.so, sym_name: __open_2, new_func: 7b3ae8c150, prev_func: 7f09716238, arg: 0
06-16 13:48:56.064 12354 12697 D nativeloader: Load /data/app/~~uw83atq9S0Uob0pKidb-KQ==/com.xingin.xhs-u9toNGY3ET8WrPaqaHC5Zg==/lib/arm64/libsliver.so using class loader ns clns-7 (caller=/data/app/~~uw83atq9S0Uob0pKidb-KQ==/com.xingin.xhs-u9toNGY3ET8WrPaqaHC5Zg==/base.apk!classes9.dex): ok
06-16 13:48:56.068 12354 12717 W System  : Attempt to load writable file: /data/user/0/com.xingin.xhs/app_js_engine_v8/libj2v8.so. This will throw on a future Android version
06-16 13:48:56.069 10450 10450 V XMPush-10450: [Tid:2] [XMPushService] onStart() with intent.Action = com.xiaomi.mipush.CLEAR_NOTIFICATION, chid = null, pkg = com.xingin.xhs|com.xingin.xhs
06-16 13:48:56.064 12354 12354 W red_v8_1: type=1400 audit(0.0:6855): avc:  granted  { execute } for  path="/data/data/com.xingin.xhs/app_js_engine_v8/libj2v8.so" dev="dm-51" ino=1008641 scontext=u:r:untrusted_app:s0:c150,c256,c512,c768 tcontext=u:object_r:app_data_file:s0:c150,c256,c512,c768 tclass=file app=com.xingin.xhs
06-16 13:48:56.074 12354 12437 I WCDB.SQLiteConnection: Opened connection 0x7ca0cef518 with label '/data/user/0/com.xingin.xhs/databases/AdDB'
06-16 13:48:56.077 10450 10450 V XMPush-10450: [Tid:2] [XMPushService] onStart() with intent.Action = com.xiaomi.mipush.REGISTER_APP, chid = null, pkg = null|com.xingin.xhs
06-16 13:48:56.077 10450 10495 V XMPush-10450: [Tid:50] pending registration request. com.xingin.xhs
06-16 13:48:56.081 10450 10450 V XMPush-10450: [Tid:2] [XMPushService] onStart() with intent.Action = action_cr_config, chid = null, pkg = null|com.xingin.xhs
06-16 13:48:56.089 12354 12717 I filehook: >>>>> hooked. stub: 7dd0cf8390, status: 0, caller_path_name: /data/data/com.xingin.xhs/app_js_engine_v8/libj2v8.so, sym_name: open, new_func: 7b3ae8c068, prev_func: 7f09715ff0, arg: 0
06-16 13:48:56.092 12354 12717 D nativeloader: Load /data/user/0/com.xingin.xhs/app_js_engine_v8/libj2v8.so using class loader ns clns-7 (caller=/data/app/~~uw83atq9S0Uob0pKidb-KQ==/com.xingin.xhs-u9toNGY3ET8WrPaqaHC5Zg==/base.apk): ok
06-16 13:48:56.097 10450 10450 V XMPush-10450: [Tid:2] [XMPushService] onStart() with intent.Action = null, chid = null, pkg = null|com.xingin.xhs
06-16 13:48:56.105 12354 12447 W System  : Attempt to load writable file: /data/user/0/com.xingin.xhs/app_pcdn_sdk_module/pcdn_sdk_wangxin_885_3_0_34_2/libs/arm64-v8a/libxyvodsdk.so. This will throw on a future Android version
06-16 13:48:56.100 12354 12354 W init_dynamic_do: type=1400 audit(0.0:6856): avc:  granted  { execute } for  path="/data/data/com.xingin.xhs/app_pcdn_sdk_module/pcdn_sdk_wangxin_885_3_0_34_2/libs/arm64-v8a/libxyvodsdk.so" dev="dm-51" ino=1008679 scontext=u:r:untrusted_app:s0:c150,c256,c512,c768 tcontext=u:object_r:app_data_file:s0:c150,c256,c512,c768 tclass=file app=com.xingin.xhs
06-16 13:48:56.107 12354 12447 I filehook: >>>>> hooked. stub: 7dd0cf8390, status: 0, caller_path_name: /data/data/com.xingin.xhs/app_pcdn_sdk_module/pcdn_sdk_wangxin_885_3_0_34_2/libs/arm64-v8a/libxyvodsdk.so, sym_name: open, new_func: 7b3ae8c068, prev_func: 7f09715ff0, arg: 0
06-16 13:48:56.110 12354 12447 I filehook: >>>>> hooked. stub: 7dd0d04090, status: 0, caller_path_name: /data/data/com.xingin.xhs/app_pcdn_sdk_module/pcdn_sdk_wangxin_885_3_0_34_2/libs/arm64-v8a/libxyvodsdk.so, sym_name: __open_2, new_func: 7b3ae8c150, prev_func: 7f09716238, arg: 0
06-16 13:48:56.110 12354 12447 I filehook: >>>>> hooked. stub: 7dd0d07180, status: 0, caller_path_name: /data/data/com.xingin.xhs/app_pcdn_sdk_module/pcdn_sdk_wangxin_885_3_0_34_2/libs/arm64-v8a/libxyvodsdk.so, sym_name: mkdir, new_func: 7b3ae8c1bc, prev_func: 7f09715424, arg: 0
06-16 13:48:56.110 12354 12447 D nativeloader: Load /data/user/0/com.xingin.xhs/app_pcdn_sdk_module/pcdn_sdk_wangxin_885_3_0_34_2/libs/arm64-v8a/libxyvodsdk.so using class loader ns clns-7 (caller=/data/app/~~uw83atq9S0Uob0pKidb-KQ==/com.xingin.xhs-u9toNGY3ET8WrPaqaHC5Zg==/base.apk!classes7.dex): ok
06-16 13:48:56.111 12354 12447 W System  : Attempt to load writable file: /data/user/0/com.xingin.xhs/app_pcdn_sdk_module_kuaishou/pcdn_kuaishou_856_356/arm64-v8a/libksp2p.so. This will throw on a future Android version
06-16 13:48:56.104 12354 12354 W init_dynamic_do: type=1400 audit(0.0:6857): avc:  granted  { execute } for  path="/data/data/com.xingin.xhs/app_pcdn_sdk_module_kuaishou/pcdn_kuaishou_856_356/arm64-v8a/libksp2p.so" dev="dm-51" ino=1008709 scontext=u:r:untrusted_app:s0:c150,c256,c512,c768 tcontext=u:object_r:app_data_file:s0:c150,c256,c512,c768 tclass=file app=com.xingin.xhs
06-16 13:48:56.114 12354 12447 I filehook: >>>>> hooked. stub: 7dd0cf8390, status: 0, caller_path_name: /data/data/com.xingin.xhs/app_pcdn_sdk_module_kuaishou/pcdn_kuaishou_856_356/arm64-v8a/libksp2p.so, sym_name: open, new_func: 7b3ae8c068, prev_func: 7f09715ff0, arg: 0
06-16 13:48:56.114 12354 12447 I filehook: >>>>> hooked. stub: 7dd0d04090, status: 0, caller_path_name: /data/data/com.xingin.xhs/app_pcdn_sdk_module_kuaishou/pcdn_kuaishou_856_356/arm64-v8a/libksp2p.so, sym_name: __open_2, new_func: 7b3ae8c150, prev_func: 7f09716238, arg: 0
06-16 13:48:56.114 12354 12447 D nativeloader: Load /data/user/0/com.xingin.xhs/app_pcdn_sdk_module_kuaishou/pcdn_kuaishou_856_356/arm64-v8a/libksp2p.so using class loader ns clns-7 (caller=/data/app/~~uw83atq9S0Uob0pKidb-KQ==/com.xingin.xhs-u9toNGY3ET8WrPaqaHC5Zg==/base.apk!classes7.dex): ok
06-16 13:48:56.116 12354 12643 D nativeloader: Load /data/app/~~uw83atq9S0Uob0pKidb-KQ==/com.xingin.xhs-u9toNGY3ET8WrPaqaHC5Zg==/lib/arm64/libxyyoga.so using class loader ns clns-7 (caller=/data/app/~~uw83atq9S0Uob0pKidb-KQ==/com.xingin.xhs-u9toNGY3ET8WrPaqaHC5Zg==/base.apk!classes9.dex): ok
06-16 13:48:56.120 12354 12697 I filehook: >>>>> hooked. stub: 7dd0d04090, status: 0, caller_path_name: /data/app/~~uw83atq9S0Uob0pKidb-KQ==/com.xingin.xhs-u9toNGY3ET8WrPaqaHC5Zg==/lib/arm64/libxhs_unwind.so, sym_name: __open_2, new_func: 7b3ae8c150, prev_func: 7f09716238, arg: 0
06-16 13:48:56.120 12354 12697 D nativeloader: Load /data/app/~~uw83atq9S0Uob0pKidb-KQ==/com.xingin.xhs-u9toNGY3ET8WrPaqaHC5Zg==/lib/arm64/libargus.so using class loader ns clns-7 (caller=/data/app/~~uw83atq9S0Uob0pKidb-KQ==/com.xingin.xhs-u9toNGY3ET8WrPaqaHC5Zg==/base.apk!classes9.dex): ok
06-16 13:48:56.120 12354 12697 D nativeloader: Load /data/app/~~uw83atq9S0Uob0pKidb-KQ==/com.xingin.xhs-u9toNGY3ET8WrPaqaHC5Zg==/lib/arm64/libshadowhook.so using class loader ns clns-7 (caller=/data/app/~~uw83atq9S0Uob0pKidb-KQ==/com.xingin.xhs-u9toNGY3ET8WrPaqaHC5Zg==/base.apk!classes9.dex): ok
06-16 13:48:56.136 12354 12760 W com.xingin.xhs: Opening an oat file without a class loader. Are you using the deprecated DexFile APIs?
06-16 13:48:56.137 12354 12760 W System  : Attempt to load writable file: /data/user/0/com.xingin.xhs/app_petal/animation_widgets/9010.50.1/nativeLib/X64/libffavc.so. This will throw on a future Android version
06-16 13:48:56.132 12354 12354 W petal_launch2: type=1400 audit(0.0:6858): avc:  granted  { execute } for  path="/data/data/com.xingin.xhs/app_petal/animation_widgets/9010.50.1/nativeLib/X64/libffavc.so" dev="dm-51" ino=1008580 scontext=u:r:untrusted_app:s0:c150,c256,c512,c768 tcontext=u:object_r:app_data_file:s0:c150,c256,c512,c768 tclass=file app=com.xingin.xhs
06-16 13:48:56.137 12354 12760 D nativeloader: Load /data/user/0/com.xingin.xhs/app_petal/animation_widgets/9010.50.1/nativeLib/X64/libffavc.so using class loader ns clns-7 (caller=/data/app/~~uw83atq9S0Uob0pKidb-KQ==/com.xingin.xhs-u9toNGY3ET8WrPaqaHC5Zg==/base.apk!classes7.dex): ok
06-16 13:48:56.137 12354 12760 W System  : Attempt to load writable file: /data/user/0/com.xingin.xhs/app_petal/animation_widgets/9010.50.1/nativeLib/X64/libpag.so. This will throw on a future Android version
06-16 13:48:56.132 12354 12354 W petal_launch2: type=1400 audit(0.0:6859): avc:  granted  { execute } for  path="/data/data/com.xingin.xhs/app_petal/animation_widgets/9010.50.1/nativeLib/X64/libpag.so" dev="dm-51" ino=1008579 scontext=u:r:untrusted_app:s0:c150,c256,c512,c768 tcontext=u:object_r:app_data_file:s0:c150,c256,c512,c768 tclass=file app=com.xingin.xhs
06-16 13:48:56.138 12354 12760 I filehook: >>>>> hooked. stub: 7dd0d07180, status: 0, caller_path_name: /data/data/com.xingin.xhs/app_petal/animation_widgets/9010.50.1/nativeLib/X64/libpag.so, sym_name: mkdir, new_func: 7b3ae8c1bc, prev_func: 7f09715424, arg: 0
06-16 13:48:56.138 12354 12760 D nativeloader: Load /data/user/0/com.xingin.xhs/app_petal/animation_widgets/9010.50.1/nativeLib/X64/libpag.so using class loader ns clns-7 (caller=/data/app/~~uw83atq9S0Uob0pKidb-KQ==/com.xingin.xhs-u9toNGY3ET8WrPaqaHC5Zg==/base.apk!classes7.dex): ok
06-16 13:48:56.139 12354 12760 I com.xingin.xhs: Thread[267,tid=12760,Native,Thread*=0x7de0ec7030,peer=0x860cd30,"petal_launch2"] recursive attempt to load library "/data/user/0/com.xingin.xhs/app_petal/animation_widgets/9010.50.1/nativeLib/X64/libpag.so"
06-16 13:48:56.140 12354 12760 I com.xingin.xhs: Thread[267,tid=12760,Native,Thread*=0x7de0ec7030,peer=0x860cd30,"petal_launch2"] recursive attempt to load library "/data/user/0/com.xingin.xhs/app_petal/animation_widgets/9010.50.1/nativeLib/X64/libpag.so"
06-16 13:48:57.005 12786 12786 W app_process64: hiddenapi: DexFile /data/user/0/com.xingin.xhs/app_cache/c4d121c215evx1s51d.dex is in boot class path but is not in a known location
06-16 13:48:57.006 12786 12786 D nativeloader: Configuring clns-1 for other apk . target_sdk_version=0, uses_libraries=ALL, library_path=/system/lib64:/data/app/~~uw83atq9S0Uob0pKidb-KQ==/com.xingin.xhs-u9toNGY3ET8WrPaqaHC5Zg==/lib/arm64, permitted_path=/data:/mnt/expand
06-16 13:48:57.006 12786 12786 D nativeloader: Load /data/app/~~uw83atq9S0Uob0pKidb-KQ==/com.xingin.xhs-u9toNGY3ET8WrPaqaHC5Zg==/lib/arm64/libtinyd.so using isolated ns clns-1 (caller=/data/user/0/com.xingin.xhs/app_asserts/fd2x1e4e2x3f1v2b1s.dex): ok
06-16 13:48:57.091   611   665 I AppsFilter: interaction: PackageSetting{918263b icu.nullptr.nativetest/10147} -> PackageSetting{a1ee76 com.xingin.xhs/10150} BLOCKED
06-16 13:48:57.092  4580  4616 D PackageUpdatedTask: Package updated: mOp=UPDATE packages=[com.xingin.xhs], user=UserHandle{0}
06-16 13:48:57.093  1101  1101 D CarrierSvcBindHelper: onPackageModified: com.xingin.xhs
06-16 13:48:57.093   611   916 D ShortcutService: changing package: com.xingin.xhs userId=0
06-16 13:48:57.101  1101  1306 D ImsResolver: maybeAddedImsService, packageName: com.xingin.xhs
06-16 13:48:57.101  1101  1306 V ImsResolver: searchForImsServices: package=com.xingin.xhs, users=[UserHandle{0}]
06-16 13:48:57.101  1101  1306 V ImsResolver: searchForImsServices: package=com.xingin.xhs, users=[UserHandle{0}]
06-16 13:48:57.592  1475  1475 I MediaProvider: Invalidating LocalCallingIdentity cache for package com.xingin.xhs. Reason: package android.intent.action.PACKAGE_CHANGED
06-16 13:48:58.008 12786 12786 W :widgetProvider: type=1400 audit(0.0:6875): avc:  denied  { read } for  name="u:object_r:qemu_sf_lcd_density_prop:s0" dev="tmpfs" ino=296 scontext=u:r:untrusted_app:s0:c150,c256,c512,c768 tcontext=u:object_r:qemu_sf_lcd_density_prop:s0 tclass=file permissive=0 app=com.xingin.xhs
06-16 13:48:58.008 12786 12786 W :widgetProvider: type=1400 audit(0.0:6876): avc:  denied  { read } for  name="u:object_r:qemu_sf_lcd_density_prop:s0" dev="tmpfs" ino=296 scontext=u:r:untrusted_app:s0:c150,c256,c512,c768 tcontext=u:object_r:qemu_sf_lcd_density_prop:s0 tclass=file permissive=0 app=com.xingin.xhs
06-16 13:48:58.020 12786 12786 W :widgetProvider: type=1400 audit(0.0:6877): avc:  denied  { read } for  name=".default-apex-info-list.xml" dev="tmpfs" ino=97 scontext=u:r:untrusted_app:s0:c150,c256,c512,c768 tcontext=u:object_r:apex_info_file:s0 tclass=file permissive=0 app=com.xingin.xhs
06-16 13:48:58.028 12786 12786 W :widgetProvider: type=1400 audit(0.0:6878): avc:  denied  { execute } for  name="idmap2" dev="dm-0" ino=374 scontext=u:r:untrusted_app:s0:c150,c256,c512,c768 tcontext=u:object_r:idmap_exec:s0 tclass=file permissive=0 app=com.xingin.xhs
06-16 13:48:58.208 12354 12687 W com.xingin.xhs: hiddenapi: Core platform API violation: Ljava/lang/Thread;->uncaughtExceptionHandler:Ljava/lang/Thread$UncaughtExceptionHandler; (runtime_flags=0, domain=core-platform, api=max-target-o) from La; (domain=platform) using reflection
06-16 13:48:58.209 12354 12687 W com.xingin.xhs: hiddenapi: Core platform API violation: Ljava/lang/Thread;->dispatchUncaughtException(Ljava/lang/Throwable;)V (runtime_flags=0, domain=core-platform, api=max-target-r) from La; (domain=platform) using reflection
06-16 13:48:58.209 12354 12812 W com.xingin.xhs: hiddenapi: Core platform API violation: Ljava/lang/Throwable;->nativeFillInStackTrace()Ljava/lang/Object; (runtime_flags=0, domain=core-platform, api=max-target-r) from La; (domain=platform) using reflection
06-16 13:48:58.209 12354 12812 W com.xingin.xhs: hiddenapi: Core platform API violation: Ljava/lang/Throwable;->nativeGetStackTrace(Ljava/lang/Object;)[Ljava/lang/StackTraceElement; (runtime_flags=0, domain=core-platform, api=max-target-o) from La; (domain=platform) using reflection
06-16 13:48:58.842   611  4267 W WifiService: Permission violation - getScanResults not allowed for uid=10150, packageName=com.xingin.xhs, reason=java.lang.SecurityException: UID 10150 has no location permission
06-16 13:48:59.014  7135 11911 E RkpdRegistrationBinder: com.android.rkpdapp.RkpdException: No network detected.
06-16 13:48:59.014   611   611 E RemoteProvisionSysSvc: RKP error fetching key for client 124085053: ERROR_PENDING_INTERNET_CONNECTIVITY: No network detected.
06-16 13:48:59.014   196   196 E keystore2: system/security/keystore2/rkpd_client/src/lib.rs:193 - IGetKeyCallback failed: ERROR_PENDING_INTERNET_CONNECTIVITY: No network detected.
06-16 13:48:59.014   196 10884 W keystore2: system/security/keystore2/src/remote_provisioning.rs:97 - Error occurred: system/security/keystore2/rkpd_client/src/lib.rs:194: GetKeyCallback failed: r#ERROR_PENDING_INTERNET_CONNECTIVITY "ERROR_PENDING_INTERNET_CONNECTIVITY: No network detected."
06-16 13:48:59.022  7135 11912 E RkpdRegistrationBinder: com.android.rkpdapp.RkpdException: No network detected.
06-16 13:48:59.022   611   611 E RemoteProvisionSysSvc: RKP error fetching key for client 132275679: ERROR_PENDING_INTERNET_CONNECTIVITY: No network detected.
06-16 13:48:59.022   196   196 E keystore2: system/security/keystore2/rkpd_client/src/lib.rs:193 - IGetKeyCallback failed: ERROR_PENDING_INTERNET_CONNECTIVITY: No network detected.
06-16 13:48:59.022   196 10884 W keystore2: system/security/keystore2/src/remote_provisioning.rs:97 - Error occurred: system/security/keystore2/rkpd_client/src/lib.rs:194: GetKeyCallback failed: r#ERROR_PENDING_INTERNET_CONNECTIVITY "ERROR_PENDING_INTERNET_CONNECTIVITY: No network detected."
06-16 13:48:59.024 12354 12354 W Thread-2423: type=1400 audit(0.0:6912): avc:  denied  { search } for  name="net" dev="sysfs" ino=2966 scontext=u:r:untrusted_app:s0:c150,c256,c512,c768 tcontext=u:object_r:sysfs_net:s0 tclass=dir permissive=0 app=com.xingin.xhs
06-16 13:48:59.088 12827 12827 W 251     : type=1400 audit(0.0:6913): avc:  denied  { read } for  name="u:object_r:userdebug_or_eng_prop:s0" dev="tmpfs" ino=367 scontext=u:r:untrusted_app:s0:c150,c256,c512,c768 tcontext=u:object_r:userdebug_or_eng_prop:s0 tclass=file permissive=0 app=com.xingin.xhs
06-16 13:48:59.088 12827 12827 W 251     : type=1400 audit(0.0:6914): avc:  denied  { read } for  name="u:object_r:userdebug_or_eng_prop:s0" dev="tmpfs" ino=367 scontext=u:r:untrusted_app:s0:c150,c256,c512,c768 tcontext=u:object_r:userdebug_or_eng_prop:s0 tclass=file permissive=0 app=com.xingin.xhs
06-16 13:48:59.088 12827 12827 W 251     : type=1400 audit(0.0:6915): avc:  denied  { read } for  name="u:object_r:userdebug_or_eng_prop:s0" dev="tmpfs" ino=367 scontext=u:r:untrusted_app:s0:c150,c256,c512,c768 tcontext=u:object_r:userdebug_or_eng_prop:s0 tclass=file permissive=0 app=com.xingin.xhs
06-16 13:48:59.088 12827 12827 W 251     : type=1400 audit(0.0:6916): avc:  denied  { read } for  name="u:object_r:userdebug_or_eng_prop:s0" dev="tmpfs" ino=367 scontext=u:r:untrusted_app:s0:c150,c256,c512,c768 tcontext=u:object_r:userdebug_or_eng_prop:s0 tclass=file permissive=0 app=com.xingin.xhs
06-16 13:48:59.130 12827 12827 W app_process64: hiddenapi: DexFile /data/user/0/com.xingin.xhs/app_cache/c4d121c215evx1s51d.dex is in boot class path but is not in a known location
06-16 13:48:59.131 12827 12827 D nativeloader: Configuring clns-1 for other apk . target_sdk_version=0, uses_libraries=ALL, library_path=/system/lib64:/data/app/~~uw83atq9S0Uob0pKidb-KQ==/com.xingin.xhs-u9toNGY3ET8WrPaqaHC5Zg==/lib/arm64, permitted_path=/data:/mnt/expand
06-16 13:48:59.131 12827 12827 D nativeloader: Load /data/app/~~uw83atq9S0Uob0pKidb-KQ==/com.xingin.xhs-u9toNGY3ET8WrPaqaHC5Zg==/lib/arm64/libtinyd.so using isolated ns clns-1 (caller=/data/user/0/com.xingin.xhs/app_asserts/fd2x1e4e2x3f1v2b1s.dex): ok
06-16 13:48:59.143 12827 12827 D nativeloader: Configuring clns-2 for other apk . target_sdk_version=34, uses_libraries=, library_path=/data/app/~~uw83atq9S0Uob0pKidb-KQ==/com.xingin.xhs-u9toNGY3ET8WrPaqaHC5Zg==/lib/arm64:/data/app/~~uw83atq9S0Uob0pKidb-KQ==/com.xingin.xhs-u9toNGY3ET8WrPaqaHC5Zg==/base.apk!/lib/arm64-v8a, permitted_path=/data:/mnt/expand:/data/user/0/com.xingin.xhs
06-16 13:48:59.208 12837 12837 W app_process64: hiddenapi: DexFile /data/user/0/com.xingin.xhs/app_cache/c4d121c215evx1s51d.dex is in boot class path but is not in a known location
06-16 13:48:59.209 12837 12837 D nativeloader: Configuring clns-1 for other apk . target_sdk_version=0, uses_libraries=ALL, library_path=/system/lib64:/data/app/~~uw83atq9S0Uob0pKidb-KQ==/com.xingin.xhs-u9toNGY3ET8WrPaqaHC5Zg==/lib/arm64, permitted_path=/data:/mnt/expand
06-16 13:48:59.209 12837 12837 D nativeloader: Load /data/app/~~uw83atq9S0Uob0pKidb-KQ==/com.xingin.xhs-u9toNGY3ET8WrPaqaHC5Zg==/lib/arm64/libtinyd.so using isolated ns clns-1 (caller=/data/user/0/com.xingin.xhs/app_asserts/fd2x1e4e2x3f1v2b1s.dex): ok
06-16 13:48:59.220 12837 12837 D nativeloader: Configuring clns-2 for other apk . target_sdk_version=34, uses_libraries=, library_path=/data/app/~~uw83atq9S0Uob0pKidb-KQ==/com.xingin.xhs-u9toNGY3ET8WrPaqaHC5Zg==/lib/arm64:/data/app/~~uw83atq9S0Uob0pKidb-KQ==/com.xingin.xhs-u9toNGY3ET8WrPaqaHC5Zg==/base.apk!/lib/arm64-v8a, permitted_path=/data:/mnt/expand:/data/user/0/com.xingin.xhs
06-16 13:48:59.300 12847 12847 W app_process64: hiddenapi: DexFile /data/user/0/com.xingin.xhs/app_cache/c4d121c215evx1s51d.dex is in boot class path but is not in a known location
06-16 13:48:59.301 12847 12847 D nativeloader: Configuring clns-1 for other apk . target_sdk_version=0, uses_libraries=ALL, library_path=/system/lib64:/data/app/~~uw83atq9S0Uob0pKidb-KQ==/com.xingin.xhs-u9toNGY3ET8WrPaqaHC5Zg==/lib/arm64, permitted_path=/data:/mnt/expand
06-16 13:48:59.301 12847 12847 D nativeloader: Load /data/app/~~uw83atq9S0Uob0pKidb-KQ==/com.xingin.xhs-u9toNGY3ET8WrPaqaHC5Zg==/lib/arm64/libtinyd.so using isolated ns clns-1 (caller=/data/user/0/com.xingin.xhs/app_asserts/fd2x1e4e2x3f1v2b1s.dex): ok
06-16 13:48:59.312 12847 12847 D nativeloader: Configuring clns-2 for other apk . target_sdk_version=34, uses_libraries=, library_path=/data/app/~~uw83atq9S0Uob0pKidb-KQ==/com.xingin.xhs-u9toNGY3ET8WrPaqaHC5Zg==/lib/arm64:/data/app/~~uw83atq9S0Uob0pKidb-KQ==/com.xingin.xhs-u9toNGY3ET8WrPaqaHC5Zg==/base.apk!/lib/arm64-v8a, permitted_path=/data:/mnt/expand:/data/user/0/com.xingin.xhs
06-16 13:49:01.113 12354 12707 D OkHttp  : --> GET https://modelportrait.xiaohongshu.com/api/model_portrait/detect_items?cpu_name=2211133C
06-16 13:49:01.167 12354 12707 D OkHttp  : <-- 200 https://modelportrait.xiaohongshu.com/api/model_portrait/detect_items?cpu_name=2211133C (54ms)
06-16 13:49:04.857 12354 12902 W com.xingin.xhs: Opening an oat file without a class loader. Are you using the deprecated DexFile APIs?
06-16 13:49:04.870 12354 12901 W com.xingin.xhs: Opening an oat file without a class loader. Are you using the deprecated DexFile APIs?
06-16 13:49:04.886 12354 12900 W com.xingin.xhs: Opening an oat file without a class loader. Are you using the deprecated DexFile APIs?
06-16 13:49:04.914 12354 12894 E XhsDiskManager: ------------------------------------------------, addDiskCacheEntry, dirPath = /data/user/0/com.xingin.xhs/files/capa/material/TEXT, 不存在这个目录，直接return
06-16 13:49:04.914 12354 12894 E XhsDiskManager: ------------------------------------------------, addDiskCacheEntry, dirPath = /data/user/0/com.xingin.xhs/files/capa/material/FONT, 不存在这个目录，直接return
06-16 13:49:04.914 12354 12894 E XhsDiskManager: ------------------------------------------------, addDiskCacheEntry, dirPath = /data/user/0/com.xingin.xhs/files/capa/material/FILTER, 不存在这个目录，直接return
06-16 13:49:04.914 12354 12894 E XhsDiskManager: ------------------------------------------------, addDiskCacheEntry, dirPath = /data/user/0/com.xingin.xhs/files/capa/material/EFFECT, 不存在这个目录，直接return
06-16 13:49:04.914 12354 12894 E XhsDiskManager: ------------------------------------------------, addDiskCacheEntry, dirPath = /data/user/0/com.xingin.xhs/files/capa/material/ADJUST, 不存在这个目录，直接return
06-16 13:49:04.915 12354 12894 E XhsDiskManager: ------------------------------------------------, addDiskCacheEntry, dirPath = /data/user/0/com.xingin.xhs/files/capa/data_cache/sticker_v3, 不存在这个目录，直接return
06-16 13:49:04.915 12354 12894 E XhsDiskManager: ------------------------------------------------, addDiskCacheEntry, dirPath = /data/user/0/com.xingin.xhs/files/capa/data_cache/music_bgm, 不存在这个目录，直接return
06-16 13:49:04.915 12354 12923 I WCDB.SQLiteConnection: Opened connection 0x7ca0cf36b8 with label '/data/user/0/com.xingin.xhs/databases/xhs_capa.db'
06-16 13:49:04.916 12354 12923 I WCDB.SQLite: [SQLite ErrCode: 283] recovered 4 frames from WAL file /data/user/0/com.xingin.xhs/databases/xhs_capa.db-wal
06-16 13:49:04.934 12354 12903 W com.xingin.xhs: Opening an oat file without a class loader. Are you using the deprecated DexFile APIs?
06-16 13:49:04.935 12354 12923 I WCDB.SQLiteConnection: Opened connection 0x7ca0cf7e98 with label '/data/user/0/com.xingin.xhs/databases/xhs_capa.db'
06-16 13:49:04.945 12354 12890 I WCDB.SQLiteConnection: Opened connection 0x7ca0cf4c98 with label '/data/user/0/com.xingin.xhs/databases/xhs_hey.db'
06-16 13:49:04.945 12354 12890 I WCDB.SQLite: [SQLite ErrCode: 283] recovered 4 frames from WAL file /data/user/0/com.xingin.xhs/databases/xhs_hey.db-wal
06-16 13:49:04.955 12354 12922 I WCDB.SQLiteConnection: Opened connection 0x7ca0cf5f58 with label '/data/user/0/com.xingin.xhs/databases/xhs_capa.db'
06-16 13:49:04.964 12354 12890 I WCDB.SQLiteConnection: Opened connection 0x7ca0cf3398 with label '/data/user/0/com.xingin.xhs/databases/xhs_hey.db'
06-16 13:49:04.977   611  1229 D ConnectivityService: requestNetwork for uid/pid:10150/12354 activeRequest: null callbackRequest: 162 [NetworkRequest [ REQUEST id=162, [ Transports: CELLULAR Capabilities: INTERNET&NOT_RESTRICTED&TRUSTED&NOT_VPN&NOT_VCN_MANAGED&NOT_BANDWIDTH_CONSTRAINED Forbidden: LOCAL_NETWORK Uid: 10150 RequestorUid: 10150 RequestorPkg: com.xingin.xhs UnderlyingNetworks: Null] ]] callback flags: 0 order: 2147483647 isUidTracked: false declaredMethods: AVAIL|LOST
06-16 13:49:04.977   611  1229 D ConnectivityService: requestNetwork for uid/pid:10150/12354 activeRequest: null callbackRequest: 163 [NetworkRequest [ REQUEST id=163, [ Transports: WIFI Capabilities: INTERNET&NOT_RESTRICTED&TRUSTED&NOT_VPN&NOT_VCN_MANAGED&NOT_BANDWIDTH_CONSTRAINED Forbidden: LOCAL_NETWORK Uid: 10150 RequestorUid: 10150 RequestorPkg: com.xingin.xhs UnderlyingNetworks: Null] ]] callback flags: 0 order: 2147483647 isUidTracked: false declaredMethods: AVAIL|LOST
06-16 13:49:04.979 12354 12887 D nativeloader: Load /data/app/~~uw83atq9S0Uob0pKidb-KQ==/com.xingin.xhs-u9toNGY3ET8WrPaqaHC5Zg==/lib/arm64/librednqe.so using class loader ns clns-7 (caller=/data/app/~~uw83atq9S0Uob0pKidb-KQ==/com.xingin.xhs-u9toNGY3ET8WrPaqaHC5Zg==/base.apk!classes9.dex): ok
06-16 13:49:04.979   611   870 D WifiNetworkFactory: got request NetworkRequest [ REQUEST id=163, [ Transports: WIFI Capabilities: INTERNET&NOT_RESTRICTED&TRUSTED&NOT_VPN&NOT_VCN_MANAGED&NOT_BANDWIDTH_CONSTRAINED Forbidden: LOCAL_NETWORK Uid: 10150 RequestorUid: 10150 RequestorPkg: com.xingin.xhs UnderlyingNetworks: Null] ]
06-16 13:49:04.979   611   870 D UntrustedWifiNetworkFactory: got request NetworkRequest [ REQUEST id=163, [ Transports: WIFI Capabilities: INTERNET&NOT_RESTRICTED&TRUSTED&NOT_VPN&NOT_VCN_MANAGED&NOT_BANDWIDTH_CONSTRAINED Forbidden: LOCAL_NETWORK Uid: 10150 RequestorUid: 10150 RequestorPkg: com.xingin.xhs UnderlyingNetworks: Null] ]
06-16 13:49:04.979   611   870 D OemPaidWifiNetworkFactory: got request NetworkRequest [ REQUEST id=163, [ Transports: WIFI Capabilities: INTERNET&NOT_RESTRICTED&TRUSTED&NOT_VPN&NOT_VCN_MANAGED&NOT_BANDWIDTH_CONSTRAINED Forbidden: LOCAL_NETWORK Uid: 10150 RequestorUid: 10150 RequestorPkg: com.xingin.xhs UnderlyingNetworks: Null] ]
06-16 13:49:04.979   611   870 D MultiInternetWifiNetworkFactory: got request NetworkRequest [ REQUEST id=163, [ Transports: WIFI Capabilities: INTERNET&NOT_RESTRICTED&TRUSTED&NOT_VPN&NOT_VCN_MANAGED&NOT_BANDWIDTH_CONSTRAINED Forbidden: LOCAL_NETWORK Uid: 10150 RequestorUid: 10150 RequestorPkg: com.xingin.xhs UnderlyingNetworks: Null] ]
06-16 13:49:04.984 12354 12890 W System  : Attempt to load writable file: /data/user/0/com.xingin.xhs/files/videoedit_64_v2_5/videoedit_so_64_v2_5/libx264.so. This will throw on a future Android version
06-16 13:49:04.980 12354 12354 W videoedit_so_lo: type=1400 audit(0.0:6967): avc:  granted  { execute } for  path="/data/data/com.xingin.xhs/files/videoedit_64_v2_5/videoedit_so_64_v2_5/libx264.so" dev="dm-51" ino=1008612 scontext=u:r:untrusted_app:s0:c150,c256,c512,c768 tcontext=u:object_r:app_data_file:s0:c150,c256,c512,c768 tclass=file app=com.xingin.xhs
06-16 13:49:04.985 12354 12890 D nativeloader: Load /data/user/0/com.xingin.xhs/files/videoedit_64_v2_5/videoedit_so_64_v2_5/libx264.so using class loader ns clns-7 (caller=/data/app/~~uw83atq9S0Uob0pKidb-KQ==/com.xingin.xhs-u9toNGY3ET8WrPaqaHC5Zg==/base.apk!classes7.dex): ok
06-16 13:49:04.985 12354 12902 W com.xingin.xhs: Opening an oat file without a class loader. Are you using the deprecated DexFile APIs?
06-16 13:49:04.988 12354 12386 I filehook: >>>>> hooked. stub: 7dd0cf8390, status: 0, caller_path_name: /data/app/~~uw83atq9S0Uob0pKidb-KQ==/com.xingin.xhs-u9toNGY3ET8WrPaqaHC5Zg==/lib/arm64/libcronet.114.0.5735.38.so, sym_name: open, new_func: 7b3ae8c068, prev_func: 7f09715ff0, arg: 0
06-16 13:49:04.989   611  4260 D ConnectivityService: requestNetwork for uid/pid:10150/12354 activeRequest: null callbackRequest: 164 [NetworkRequest [ REQUEST id=165, [ Capabilities: INTERNET&NOT_RESTRICTED&TRUSTED&NOT_VCN_MANAGED&NOT_BANDWIDTH_CONSTRAINED Uid: 10150 RequestorUid: 10150 RequestorPkg: com.xingin.xhs UnderlyingNetworks: Null] ]] callback flags: 0 order: 2147483647 isUidTracked: false declaredMethods: AVAIL|LOST|NC|LP
06-16 13:49:04.990   611   870 D WifiNetworkFactory: got request NetworkRequest [ REQUEST id=165, [ Capabilities: INTERNET&NOT_RESTRICTED&TRUSTED&NOT_VCN_MANAGED&NOT_BANDWIDTH_CONSTRAINED Uid: 10150 RequestorUid: 10150 RequestorPkg: com.xingin.xhs UnderlyingNetworks: Null] ]
06-16 13:49:04.990   611   870 D UntrustedWifiNetworkFactory: got request NetworkRequest [ REQUEST id=165, [ Capabilities: INTERNET&NOT_RESTRICTED&TRUSTED&NOT_VCN_MANAGED&NOT_BANDWIDTH_CONSTRAINED Uid: 10150 RequestorUid: 10150 RequestorPkg: com.xingin.xhs UnderlyingNetworks: Null] ]
06-16 13:49:04.990   611   870 D OemPaidWifiNetworkFactory: got request NetworkRequest [ REQUEST id=165, [ Capabilities: INTERNET&NOT_RESTRICTED&TRUSTED&NOT_VCN_MANAGED&NOT_BANDWIDTH_CONSTRAINED Uid: 10150 RequestorUid: 10150 RequestorPkg: com.xingin.xhs UnderlyingNetworks: Null] ]
06-16 13:49:04.990   611   870 D MultiInternetWifiNetworkFactory: got request NetworkRequest [ REQUEST id=165, [ Capabilities: INTERNET&NOT_RESTRICTED&TRUSTED&NOT_VCN_MANAGED&NOT_BANDWIDTH_CONSTRAINED Uid: 10150 RequestorUid: 10150 RequestorPkg: com.xingin.xhs UnderlyingNetworks: Null] ]
06-16 13:49:04.994 12354 12386 I filehook: >>>>> hooked. stub: 7dd0d04090, status: 0, caller_path_name: /data/app/~~uw83atq9S0Uob0pKidb-KQ==/com.xingin.xhs-u9toNGY3ET8WrPaqaHC5Zg==/lib/arm64/libcronet.114.0.5735.38.so, sym_name: __open_2, new_func: 7b3ae8c150, prev_func: 7f09716238, arg: 0
06-16 13:49:04.994 12354 12386 I filehook: >>>>> hooked. stub: 7dd0d07180, status: 0, caller_path_name: /data/app/~~uw83atq9S0Uob0pKidb-KQ==/com.xingin.xhs-u9toNGY3ET8WrPaqaHC5Zg==/lib/arm64/libcronet.114.0.5735.38.so, sym_name: mkdir, new_func: 7b3ae8c1bc, prev_func: 7f09715424, arg: 0
06-16 13:49:04.994 12354 12386 D nativeloader: Load /data/app/~~uw83atq9S0Uob0pKidb-KQ==/com.xingin.xhs-u9toNGY3ET8WrPaqaHC5Zg==/lib/arm64/libcronet.114.0.5735.38.so using class loader ns clns-7 (caller=/data/app/~~uw83atq9S0Uob0pKidb-KQ==/com.xingin.xhs-u9toNGY3ET8WrPaqaHC5Zg==/base.apk!classes9.dex): ok
06-16 13:49:04.997 12354 12960 W System  : Attempt to load writable file: /data/user/0/com.xingin.xhs/files/dynamic_so/chopper_v2/1.0.5/1.0.5_5_lib.so. This will throw on a future Android version
06-16 13:49:04.992 12354 12354 W Scarlet_HT_1781: type=1400 audit(0.0:6968): avc:  granted  { execute } for  path="/data/data/com.xingin.xhs/files/dynamic_so/chopper_v2/1.0.5/1.0.5_5_lib.so" dev="dm-51" ino=1008556 scontext=u:r:untrusted_app:s0:c150,c256,c512,c768 tcontext=u:object_r:app_data_file:s0:c150,c256,c512,c768 tclass=file app=com.xingin.xhs
06-16 13:49:05.002 12354 12960 I filehook: >>>>> hooked. stub: 7dd0cf8390, status: 0, caller_path_name: /data/data/com.xingin.xhs/files/dynamic_so/chopper_v2/1.0.5/1.0.5_5_lib.so, sym_name: open, new_func: 7b3ae8c068, prev_func: 7f09715ff0, arg: 0
06-16 13:49:05.002 12354 12960 I filehook: >>>>> hooked. stub: 7dd0d04090, status: 0, caller_path_name: /data/data/com.xingin.xhs/files/dynamic_so/chopper_v2/1.0.5/1.0.5_5_lib.so, sym_name: __open_2, new_func: 7b3ae8c150, prev_func: 7f09716238, arg: 0
06-16 13:49:05.003 12354 12960 D nativeloader: Load /data/user/0/com.xingin.xhs/files/dynamic_so/chopper_v2/1.0.5/1.0.5_5_lib.so using class loader ns clns-7 (caller=/data/app/~~uw83atq9S0Uob0pKidb-KQ==/com.xingin.xhs-u9toNGY3ET8WrPaqaHC5Zg==/base.apk!classes2.dex): ok
06-16 13:49:05.000 12354 12354 W Scarlet_HT_1781: type=1400 audit(0.0:6969): avc:  granted  { execute } for  path="/data/data/com.xingin.xhs/files/dynamic_so/chopper_v2/1.0.5/1.0.5_5_lib.so" dev="dm-51" ino=1008556 scontext=u:r:untrusted_app:s0:c150,c256,c512,c768 tcontext=u:object_r:app_data_file:s0:c150,c256,c512,c768 tclass=file app=com.xingin.xhs
06-16 13:49:05.185 12354 12985 I filehook: >>>>> hooked. stub: 7dd0cf8390, status: 0, caller_path_name: /data/app/~~uw83atq9S0Uob0pKidb-KQ==/com.xingin.xhs-u9toNGY3ET8WrPaqaHC5Zg==/lib/arm64/libhermes.so, sym_name: open, new_func: 7b3ae8c068, prev_func: 7f09715ff0, arg: 0
06-16 13:49:05.185 12354 12985 I filehook: >>>>> hooked. stub: 7dd0d04090, status: 0, caller_path_name: /data/app/~~uw83atq9S0Uob0pKidb-KQ==/com.xingin.xhs-u9toNGY3ET8WrPaqaHC5Zg==/lib/arm64/libjsi.so, sym_name: __open_2, new_func: 7b3ae8c150, prev_func: 7f09716238, arg: 0
06-16 13:49:05.185 12354 12985 I filehook: >>>>> hooked. stub: 7dd0cf8390, status: 0, caller_path_name: /data/app/~~uw83atq9S0Uob0pKidb-KQ==/com.xingin.xhs-u9toNGY3ET8WrPaqaHC5Zg==/lib/arm64/libfolly_runtime.so, sym_name: open, new_func: 7b3ae8c068, prev_func: 7f09715ff0, arg: 0
06-16 13:49:05.185 12354 12985 I filehook: >>>>> hooked. stub: 7dd0cf8390, status: 0, caller_path_name: /data/app/~~uw83atq9S0Uob0pKidb-KQ==/com.xingin.xhs-u9toNGY3ET8WrPaqaHC5Zg==/lib/arm64/libglog.so, sym_name: open, new_func: 7b3ae8c068, prev_func: 7f09715ff0, arg: 0
06-16 13:49:05.185 12354 12985 I filehook: >>>>> hooked. stub: 7dd0d04090, status: 0, caller_path_name: /data/app/~~uw83atq9S0Uob0pKidb-KQ==/com.xingin.xhs-u9toNGY3ET8WrPaqaHC5Zg==/lib/arm64/libglog.so, sym_name: __open_2, new_func: 7b3ae8c150, prev_func: 7f09716238, arg: 0
06-16 13:49:05.185 12354 12985 D nativeloader: Load /data/app/~~uw83atq9S0Uob0pKidb-KQ==/com.xingin.xhs-u9toNGY3ET8WrPaqaHC5Zg==/lib/arm64/libhermes.so using class loader ns clns-7 (caller=/data/app/~~uw83atq9S0Uob0pKidb-KQ==/com.xingin.xhs-u9toNGY3ET8WrPaqaHC5Zg==/base.apk!classes9.dex): ok
06-16 13:49:05.187 12354 12985 I filehook: >>>>> hooked. stub: 7dd0cf8390, status: 0, caller_path_name: /data/app/~~uw83atq9S0Uob0pKidb-KQ==/com.xingin.xhs-u9toNGY3ET8WrPaqaHC5Zg==/lib/arm64/libhermes_executor.so, sym_name: open, new_func: 7b3ae8c068, prev_func: 7f09715ff0, arg: 0
06-16 13:49:05.187 12354 12985 I filehook: >>>>> hooked. stub: 7dd0d04090, status: 0, caller_path_name: /data/app/~~uw83atq9S0Uob0pKidb-KQ==/com.xingin.xhs-u9toNGY3ET8WrPaqaHC5Zg==/lib/arm64/libreactnativejni.so, sym_name: __open_2, new_func: 7b3ae8c150, prev_func: 7f09716238, arg: 0
06-16 13:49:05.187 12354 12985 D nativeloader: Load /data/app/~~uw83atq9S0Uob0pKidb-KQ==/com.xingin.xhs-u9toNGY3ET8WrPaqaHC5Zg==/lib/arm64/libhermes_executor.so using class loader ns clns-7 (caller=/data/app/~~uw83atq9S0Uob0pKidb-KQ==/com.xingin.xhs-u9toNGY3ET8WrPaqaHC5Zg==/base.apk!classes9.dex): ok
06-16 13:49:05.188 12354 12985 D nativeloader: Load /data/app/~~uw83atq9S0Uob0pKidb-KQ==/com.xingin.xhs-u9toNGY3ET8WrPaqaHC5Zg==/lib/arm64/libfbjni.so using class loader ns clns-7 (caller=/data/app/~~uw83atq9S0Uob0pKidb-KQ==/com.xingin.xhs-u9toNGY3ET8WrPaqaHC5Zg==/base.apk!classes9.dex): ok
06-16 13:49:05.190 12354 12985 D nativeloader: Load /data/app/~~uw83atq9S0Uob0pKidb-KQ==/com.xingin.xhs-u9toNGY3ET8WrPaqaHC5Zg==/lib/arm64/libreactnativejni.so using class loader ns clns-7 (caller=/data/app/~~uw83atq9S0Uob0pKidb-KQ==/com.xingin.xhs-u9toNGY3ET8WrPaqaHC5Zg==/base.apk!classes9.dex): ok
06-16 13:49:05.192 12354 12987 D nativeloader: Load /data/app/~~uw83atq9S0Uob0pKidb-KQ==/com.xingin.xhs-u9toNGY3ET8WrPaqaHC5Zg==/lib/arm64/libhammerbridge.so using class loader ns clns-7 (caller=/data/app/~~uw83atq9S0Uob0pKidb-KQ==/com.xingin.xhs-u9toNGY3ET8WrPaqaHC5Zg==/base.apk!classes9.dex): ok
06-16 13:49:05.219   611  4260 D ConnectivityService: requestNetwork for uid/pid:10150/12354 activeRequest: null callbackRequest: 167 [NetworkRequest [ REQUEST id=168, [ Capabilities: INTERNET&NOT_RESTRICTED&TRUSTED&NOT_VCN_MANAGED&NOT_BANDWIDTH_CONSTRAINED Uid: 10150 RequestorUid: 10150 RequestorPkg: com.xingin.xhs UnderlyingNetworks: Null] ]] callback flags: 0 order: 2147483647 isUidTracked: false declaredMethods: AVAIL|LOSING|LOST|UNAVAIL|NC|LP
06-16 13:49:05.220   611   870 D WifiNetworkFactory: got request NetworkRequest [ REQUEST id=168, [ Capabilities: INTERNET&NOT_RESTRICTED&TRUSTED&NOT_VCN_MANAGED&NOT_BANDWIDTH_CONSTRAINED Uid: 10150 RequestorUid: 10150 RequestorPkg: com.xingin.xhs UnderlyingNetworks: Null] ]
06-16 13:49:05.220   611   870 D UntrustedWifiNetworkFactory: got request NetworkRequest [ REQUEST id=168, [ Capabilities: INTERNET&NOT_RESTRICTED&TRUSTED&NOT_VCN_MANAGED&NOT_BANDWIDTH_CONSTRAINED Uid: 10150 RequestorUid: 10150 RequestorPkg: com.xingin.xhs UnderlyingNetworks: Null] ]
06-16 13:49:05.220   611   870 D OemPaidWifiNetworkFactory: got request NetworkRequest [ REQUEST id=168, [ Capabilities: INTERNET&NOT_RESTRICTED&TRUSTED&NOT_VCN_MANAGED&NOT_BANDWIDTH_CONSTRAINED Uid: 10150 RequestorUid: 10150 RequestorPkg: com.xingin.xhs UnderlyingNetworks: Null] ]
06-16 13:49:05.220   611   870 D MultiInternetWifiNetworkFactory: got request NetworkRequest [ REQUEST id=168, [ Capabilities: INTERNET&NOT_RESTRICTED&TRUSTED&NOT_VCN_MANAGED&NOT_BANDWIDTH_CONSTRAINED Uid: 10150 RequestorUid: 10150 RequestorPkg: com.xingin.xhs UnderlyingNetworks: Null] ]
06-16 13:49:05.820 12354 12953 D nativeloader: Load /data/app/~~uw83atq9S0Uob0pKidb-KQ==/com.xingin.xhs-u9toNGY3ET8WrPaqaHC5Zg==/lib/arm64/libhttpdns.so using class loader ns clns-7 (caller=/data/app/~~uw83atq9S0Uob0pKidb-KQ==/com.xingin.xhs-u9toNGY3ET8WrPaqaHC5Zg==/base.apk!classes9.dex): ok
06-16 13:49:06.981 12354 12934 I onNQEResult: result.score = 88minscore = nullmaxscore = null
06-16 13:49:08.984 12354 12934 I onNQEResult: result.score = 88minscore = nullmaxscore = null
06-16 13:49:10.984 12354 12934 I onNQEResult: result.score = 88minscore = nullmaxscore = null
06-16 13:49:11.816 12354 13084 E XhsDiskManager: ------------------------------------------------, addDiskCacheEntry, dirPath = /storage/emulated/0/Android/data/com.xingin.xhs/files/bitmap_utils/local_image_cache, 不存在这个目录，直接return
06-16 13:49:12.985 12354 12934 I onNQEResult: result.score = 88minscore = nullmaxscore = null
06-16 13:49:14.985 12354 12934 I onNQEResult: result.score = 88minscore = nullmaxscore = null
06-16 13:49:16.986 12354 12934 I onNQEResult: result.score = 88minscore = nullmaxscore = null
06-16 13:49:18.987 12354 12934 I onNQEResult: result.score = 88minscore = nullmaxscore = null
06-16 13:49:20.989 12354 12934 I onNQEResult: result.score = 88minscore = nullmaxscore = null
06-16 13:49:22.928   611  1229 I ActivityTaskManager: START u0 {dat=xhsdiscover://login_page/... xflg=0x4 cmp=com.xingin.xhs/com.xingin.login.activity.LoginActivity (has extras)} with LAUNCH_MULTIPLE from uid 10150 (sr=233270736) (BAL_ALLOW_VISIBLE_WINDOW) result code=0
06-16 13:49:22.928   952  1039 V WindowManagerShell: Transition requested (#64): android.os.BinderProxy@e7a99af TransitionRequestInfo { type = OPEN, triggerTask = TaskInfo{userId=0 taskId=15 effectiveUid=10150 displayId=0 isRunning=true baseIntent=Intent { act=android.intent.action.MAIN cat=[android.intent.category.LAUNCHER] flg=0x10200000 cmp=com.xingin.xhs/.index.v2.IndexActivityV2 } baseActivity=ComponentInfo{com.xingin.xhs/com.xingin.login.activity.WelcomeActivity} topActivity=ComponentInfo{com.xingin.xhs/com.xingin.login.activity.LoginActivity} origActivity=null realActivity=ComponentInfo{com.xingin.xhs/com.xingin.xhs.index.v2.IndexActivityV2} numActivities=2 lastActiveTime=1127463 supportsMultiWindow=true resizeMode=2 isResizeable=true minWidth=-1 minHeight=-1 defaultMinSize=220 token=WCT{android.window.IWindowContainerToken$Stub$Proxy@160f1bc} topActivityType=1 pictureInPictureParams=null shouldDockBigOverlays=false launchIntoPipHostTaskId=-1 lastParentTaskIdBeforePip=-1 displayCutoutSafeInsets=Rect(0, 0 - 0, 0) topActivityInfo=ActivityInfo{3566545 com.xingin.login.activity.LoginActivity} launchCookies=[] positionInParent=Point(0, 0) parentTaskId=-1 isFocused=true isVisible=true isVisibleRequested=true isTopActivityNoDisplay=false isSleeping=false locusId=null displayAreaFeatureId=1 isTopActivityTransparent=false isActivityStackTransparent=false lastNonFullscreenBounds=Rect(276, 627 - 805, 1707) capturedLink=null capturedLinkTimestamp=0 requestedVisibleTypes=-9 topActivityRequestOpenInBrowserEducationTimestamp=0 appCompatTaskInfo=AppCompatTaskInfo { topActivityInSizeCompat=false eligibleForLetterboxEducation= false isLetterboxEducationEnabled= false isLetterboxDoubleTapEnabled= false eligibleForUserAspectRatioButton= false topActivityBoundsLetterboxed= false isFromLetterboxDoubleTap= false topActivityLetterboxVerticalPosition= -1 topActivityLetterboxHorizontalPosition= -1 topActivityLetterboxWidth=-1 topActivityLetterboxHeight=-1 topActivityLetterboxAppWidth=-1 topActivityLetterboxAppHeight=-1 isUserFullscreenOverrideEnabled=false isSystemFullscreenOverrideEnabled=false hasMinAspectRatioOverride=false topActivityLetterboxBounds=null cameraCompatTaskInfo=CameraCompatTaskInfo { freeformCameraCompatMode=inactive}} topActivityMainWindowFrame=null}, pipChange = null, remoteTransition = null, displayChange = null, flags = 0, debugId = 64 }
06-16 13:49:22.942 12354 12354 W System.err: 	at com.xingin.login.activity.LoadingProgressActivity.onCreate$___twin___(SourceFile:1)
06-16 13:49:22.942 12354 12354 W System.err: 	at com.xingin.login.activity.LoadingProgressActivity.oc(Unknown Source:0)
06-16 13:49:22.942 12354 12354 W System.err: 	at com.xingin.login.activity.LoadingProgressActivity.onCreate(Unknown Source:24)
06-16 13:49:22.942 12354 12354 W System.err: 	at com.xingin.login.activity.AbstractManagerActivity.onCreate$___twin___(SourceFile:1)
06-16 13:49:22.942 12354 12354 W System.err: 	at com.xingin.login.activity.AbstractManagerActivity.qc(Unknown Source:0)
06-16 13:49:22.942 12354 12354 W System.err: 	at com.xingin.login.activity.AbstractManagerActivity.onCreate(Unknown Source:24)
06-16 13:49:22.942 12354 12354 W System.err: 	at com.xingin.login.activity.AbstractLoginActivity.onCreate$___twin___(SourceFile:1)
06-16 13:49:22.942 12354 12354 W System.err: 	at com.xingin.login.activity.AbstractLoginActivity.onCreate(SourceFile:2)
06-16 13:49:22.942 12354 12354 W System.err: 	at com.xingin.login.activity.LoginActivity.onCreate$___twin___(SourceFile:4)
06-16 13:49:22.942 12354 12354 W System.err: 	at com.xingin.login.activity.LoginActivity.Pc(Unknown Source:0)
06-16 13:49:22.942 12354 12354 W System.err: 	at com.xingin.login.activity.LoginActivity.onCreate(Unknown Source:24)
06-16 13:49:22.949 12354 12354 D MicroMsg.SDK.WXApiImplV10: register app com.xingin.xhs
06-16 13:49:22.955 12354 12354 E com.xingin.xhs: No package ID ff found for resource ID 0xff5b92e1.
06-16 13:49:22.957 12354 12354 E com.xingin.xhs: No package ID ff found for resource ID 0xffffffff.
06-16 13:49:22.963 12354 12354 E com.xingin.xhs: No package ID ff found for resource ID 0xffffffff.
06-16 13:49:22.964 12354 12354 E com.xingin.xhs: No package ID ff found for resource ID 0xffffffff.
06-16 13:49:22.973   611  3515 D CoreBackPreview: Window{e7bcf1c u0 com.xingin.xhs/com.xingin.login.activity.LoginActivity}: Setting back callback OnBackInvokedCallbackInfo{mCallback=android.window.IOnBackInvokedCallback$Stub$Proxy@b04c108, mPriority=0, mIsAnimationCallback=false, mOverrideBehavior=0}
06-16 13:49:22.982   952  1039 V WindowManagerShell:         {m=OPEN f=FILLS_TASK leash=Surface(name=ActivityRecord{215508019 u0 com.xingin.xhs/com.xingin.login.activity.LoginActivity)/@0x702549a sb=Rect(0, 0 - 0, 0) eb=Rect(0, 0 - 1080, 2400) epz=Point(1080, 2400) d=-1->0 r=-1->0:-1 component=com.xingin.xhs/com.xingin.login.activity.LoginActivity opt={t=CUSTOM enterResId=2130772128 exitResId=2130772127 mUserId=0}},
06-16 13:49:22.982   952  1039 V WindowManagerShell:         {m=TO_BACK f=FILLS_TASK leash=Surface(name=ActivityRecord{233270736 u0 com.xingin.xhs/com.xingin.login.activity.WelcomeActivity)/@0xae121cb sb=Rect(0, 0 - 1080, 2400) eb=Rect(0, 0 - 1080, 2400) epz=Point(1080, 2400) d=0 component=com.xingin.xhs/com.xingin.login.activity.WelcomeActivity opt={t=CUSTOM enterResId=2130772128 exitResId=2130772127 mUserId=0}}
06-16 13:49:22.982   611   630 I ActivityTaskManager: Displayed com.xingin.xhs/com.xingin.login.activity.LoginActivity for user 0: +60ms
06-16 13:49:22.982   611   630 V WindowManager: Sent Transition (#64) createdAt=06-16 13:49:22.924 via request=TransitionRequestInfo { type = OPEN, triggerTask = TaskInfo{userId=0 taskId=15 effectiveUid=10150 displayId=0 isRunning=true baseIntent=Intent { act=android.intent.action.MAIN cat=[android.intent.category.LAUNCHER] flg=0x10200000 cmp=com.xingin.xhs/.index.v2.IndexActivityV2 } baseActivity=ComponentInfo{com.xingin.xhs/com.xingin.login.activity.WelcomeActivity} topActivity=ComponentInfo{com.xingin.xhs/com.xingin.login.activity.LoginActivity} origActivity=null realActivity=ComponentInfo{com.xingin.xhs/com.xingin.xhs.index.v2.IndexActivityV2} numActivities=2 lastActiveTime=1127463 supportsMultiWindow=true resizeMode=2 isResizeable=true minWidth=-1 minHeight=-1 defaultMinSize=220 token=WCT{RemoteToken{5a63d77 Task{1912487 #15 type=standard A=10150:com.xingin.xhs}}} topActivityType=1 pictureInPictureParams=null shouldDockBigOverlays=false launchIntoPipHostTaskId=-1 lastParentTaskIdBeforePip=-1 displayCutoutSafeInsets=Rect(0, 0 - 0, 0) topActivityInfo=ActivityInfo{8c8a920 com.xingin.login.activity.LoginActivity} launchCookies=[] positionInParent=Point(0, 0) parentTaskId=-1 isFocused=true isVisible=true isVisibleRequested=true isTopActivityNoDisplay=false isSleeping=false locusId=null displayAreaFeatureId=1 isTopActivityTransparent=false isActivityStackTransparent=false lastNonFullscreenBounds=Rect(276, 627 - 805, 1707) capturedLink=null capturedLinkTimestamp=0 requestedVisibleTypes=-9 topActivityRequestOpenInBrowserEducationTimestamp=0 appCompatTaskInfo=AppCompatTaskInfo { topActivityInSizeCompat=false eligibleForLetterboxEducation= false isLetterboxEducationEnabled= false isLetterboxDoubleTapEnabled= false eligibleForUserAspectRatioButton= false topActivityBoundsLetterboxed= false isFromLetterboxDoubleTap= false topActivityLetterboxVerticalPosition= -1 topActivityLetterboxHorizontalPosition= -1 topActivityLetterboxWidth=-1 topActivityLetterboxHeight=-1 topActivityLetterboxAppWidth=-1 topActivityLetterboxAppHeight=-1 isUserFullscreenOverrideEnabled=false isSystemFullscreenOverrideEnabled=false hasMinAspectRatioOverride=false topActivityLetterboxBounds=null cameraCompatTaskInfo=CameraCompatTaskInfo { freeformCameraCompatMode=inactive}} topActivityMainWindowFrame=null}, pipChange = null, remoteTransition = null, displayChange = null, flags = 0, debugId = 64 }
06-16 13:49:22.982   611   630 V WindowManager:         {m=OPEN f=FILLS_TASK leash=Surface(name=ActivityRecord{215508019 u0 com.xingin.xhs/com.xingin.login.activity.LoginActivity)/@0x2389552 sb=Rect(0, 0 - 0, 0) eb=Rect(0, 0 - 1080, 2400) epz=Point(1080, 2400) d=-1->0 r=-1->0:-1 component=com.xingin.xhs/com.xingin.login.activity.LoginActivity opt={t=CUSTOM enterResId=2130772128 exitResId=2130772127 mUserId=0}},
06-16 13:49:22.982   611   630 V WindowManager:         {m=TO_BACK f=FILLS_TASK leash=Surface(name=ActivityRecord{233270736 u0 com.xingin.xhs/com.xingin.login.activity.WelcomeActivity)/@0x2b0cc32 sb=Rect(0, 0 - 1080, 2400) eb=Rect(0, 0 - 1080, 2400) epz=Point(1080, 2400) d=0 component=com.xingin.xhs/com.xingin.login.activity.WelcomeActivity opt={t=CUSTOM enterResId=2130772128 exitResId=2130772127 mUserId=0}}
06-16 13:49:22.983   952  1039 V WindowManagerShell: Transition doesn't have explicit remote, search filters for match for {id=64 t=OPEN f=0x0 trk=0 r=[0@Point(0, 0)] c=[{m=OPEN f=FILLS_TASK leash=Surface(name=ActivityRecord{215508019 u0 com.xingin.xhs/com.xingin.login.activity.LoginActivity)/@0x702549a sb=Rect(0, 0 - 0, 0) eb=Rect(0, 0 - 1080, 2400) epz=Point(1080, 2400) d=-1->0 r=-1->0:-1 component=com.xingin.xhs/com.xingin.login.activity.LoginActivity opt={t=CUSTOM enterResId=2130772128 exitResId=2130772127 mUserId=0}},{m=TO_BACK f=FILLS_TASK leash=Surface(name=ActivityRecord{233270736 u0 com.xingin.xhs/com.xingin.login.activity.WelcomeActivity)/@0xae121cb sb=Rect(0, 0 - 1080, 2400) eb=Rect(0, 0 - 1080, 2400) epz=Point(1080, 2400) d=0 component=com.xingin.xhs/com.xingin.login.activity.WelcomeActivity opt={t=CUSTOM enterResId=2130772128 exitResId=2130772127 mUserId=0}}]}
06-16 13:49:22.984   952  1039 V WindowManagerShell: start default transition animation, info = {id=64 t=OPEN f=0x0 trk=0 r=[0@Point(0, 0)] c=[{m=OPEN f=FILLS_TASK leash=Surface(name=ActivityRecord{215508019 u0 com.xingin.xhs/com.xingin.login.activity.LoginActivity)/@0x702549a sb=Rect(0, 0 - 0, 0) eb=Rect(0, 0 - 1080, 2400) epz=Point(1080, 2400) d=-1->0 r=-1->0:-1 component=com.xingin.xhs/com.xingin.login.activity.LoginActivity opt={t=CUSTOM enterResId=2130772128 exitResId=2130772127 mUserId=0}},{m=TO_BACK f=FILLS_TASK leash=Surface(name=ActivityRecord{233270736 u0 com.xingin.xhs/com.xingin.login.activity.WelcomeActivity)/@0xae121cb sb=Rect(0, 0 - 1080, 2400) eb=Rect(0, 0 - 1080, 2400) epz=Point(1080, 2400) d=0 component=com.xingin.xhs/com.xingin.login.activity.WelcomeActivity opt={t=CUSTOM enterResId=2130772128 exitResId=2130772127 mUserId=0}}]}
06-16 13:49:22.989 12354 12934 I onNQEResult: result.score = 88minscore = nullmaxscore = null
06-16 13:49:23.008   611   716 I ImeTracker: com.xingin.xhs:920187b3: onRequestHide at ORIGIN_SERVER reason HIDE_UNSPECIFIED_WINDOW fromUser false
06-16 13:49:23.009 12354 12354 I ImeTracker: com.xingin.xhs:920187b3: onCancelled at PHASE_CLIENT_ALREADY_HIDDEN
06-16 13:49:23.075 12354 12354 I ImeTracker: com.xingin.xhs:992f3ac3: onRequestShow at ORIGIN_CLIENT reason SHOW_SOFT_INPUT fromUser false
06-16 13:49:23.097   611   676 D CoreBackPreview: Window{e7bcf1c u0 com.xingin.xhs/com.xingin.login.activity.LoginActivity}: Setting back callback OnBackInvokedCallbackInfo{mCallback=android.window.IOnBackInvokedCallback$Stub$Proxy@2a5f04d, mPriority=0, mIsAnimationCallback=true, mOverrideBehavior=0}
06-16 13:49:23.126 12354 13128 W InteractionJankMonitor: Initializing without READ_DEVICE_CONFIG permission. enabled=false, interval=1, missedFrameThreshold=3, frameTimeThreshold=64, package=com.xingin.xhs
06-16 13:49:23.341 12354 12354 I ImeTracker: com.xingin.xhs:992f3ac3: onShown
06-16 13:49:24.974   611   641 I ActivityManager: Start proc 13139:com.xingin.xhs:longlinkNew/u0a150 for service {com.xingin.xhs/com.xingin.longlink.service.LongLinkService}
06-16 13:49:24.990 12354 12934 I onNQEResult: result.score = 88minscore = nullmaxscore = null
06-16 13:49:24.993 13139 13139 I xhs:longlinkNew: Using CollectorTypeCMC GC.
06-16 13:49:24.995 13139 13139 E xhs:longlinkNew: Not starting debugger since process cannot load the jdwp agent.
06-16 13:49:25.028 13139 13139 D nativeloader: Configuring clns-7 for other apk /data/app/~~uw83atq9S0Uob0pKidb-KQ==/com.xingin.xhs-u9toNGY3ET8WrPaqaHC5Zg==/base.apk. target_sdk_version=34, uses_libraries=, library_path=/data/app/~~uw83atq9S0Uob0pKidb-KQ==/com.xingin.xhs-u9toNGY3ET8WrPaqaHC5Zg==/lib/arm64:/data/app/~~uw83atq9S0Uob0pKidb-KQ==/com.xingin.xhs-u9toNGY3ET8WrPaqaHC5Zg==/base.apk!/lib/arm64-v8a, permitted_path=/data:/mnt/expand:/data/user/0/com.xingin.xhs
06-16 13:49:25.032 13139 13139 V GraphicsEnvironment: com.xingin.xhs is not listed in per-application setting
06-16 13:49:25.032 13139 13139 V GraphicsEnvironment: com.xingin.xhs is not listed in ANGLE allowlist or settings, returning default
06-16 13:49:25.039 13139 13139 D nativeloader: Load /data/app/~~uw83atq9S0Uob0pKidb-KQ==/com.xingin.xhs-u9toNGY3ET8WrPaqaHC5Zg==/lib/arm64/libsentry-record.so using class loader ns clns-7 (caller=/data/app/~~uw83atq9S0Uob0pKidb-KQ==/com.xingin.xhs-u9toNGY3ET8WrPaqaHC5Zg==/base.apk!classes9.dex): ok
06-16 13:49:25.039 13139 13139 I sentry_hook_tag: sentry_crash_record nativeInit /data/user/0/com.xingin.xhs/files/sentry-record/, 9.1.0, 9010803
06-16 13:49:25.039 13139 13139 D nativeloader: Load /data/app/~~uw83atq9S0Uob0pKidb-KQ==/com.xingin.xhs-u9toNGY3ET8WrPaqaHC5Zg==/lib/arm64/libbytehook.so using class loader ns clns-7 (caller=/data/app/~~uw83atq9S0Uob0pKidb-KQ==/com.xingin.xhs-u9toNGY3ET8WrPaqaHC5Zg==/base.apk): ok
06-16 13:49:25.040 13139 13139 D nativeloader: Load /data/app/~~uw83atq9S0Uob0pKidb-KQ==/com.xingin.xhs-u9toNGY3ET8WrPaqaHC5Zg==/lib/arm64/libsentry-hook.so using class loader ns clns-7 (caller=/data/app/~~uw83atq9S0Uob0pKidb-KQ==/com.xingin.xhs-u9toNGY3ET8WrPaqaHC5Zg==/base.apk!classes9.dex): ok
06-16 13:49:25.041 13139 13139 I sentry_hook_tag: >>>>> hooked. stub: 7dd0ce91b0, status: 0, caller_path_name: /data/app/~~uw83atq9S0Uob0pKidb-KQ==/com.xingin.xhs-u9toNGY3ET8WrPaqaHC5Zg==/lib/arm64/libsentry.so, sym_name: sigaction, new_func: 7c303456b4, prev_func: 7f3298e184, arg: 0
06-16 13:49:25.041 13139 13139 D nativeloader: Load /data/app/~~uw83atq9S0Uob0pKidb-KQ==/com.xingin.xhs-u9toNGY3ET8WrPaqaHC5Zg==/lib/arm64/libsentry.so using class loader ns clns-7 (caller=/data/app/~~uw83atq9S0Uob0pKidb-KQ==/com.xingin.xhs-u9toNGY3ET8WrPaqaHC5Zg==/base.apk!classes9.dex): ok
06-16 13:49:25.041 13139 13139 D nativeloader: Load /data/app/~~uw83atq9S0Uob0pKidb-KQ==/com.xingin.xhs-u9toNGY3ET8WrPaqaHC5Zg==/lib/arm64/libsentry-fd-monitor.so using class loader ns clns-7 (caller=/data/app/~~uw83atq9S0Uob0pKidb-KQ==/com.xingin.xhs-u9toNGY3ET8WrPaqaHC5Zg==/base.apk!classes9.dex): ok
06-16 13:49:25.041 13139 13139 I sentry_hook_tag: >>>> 需要代理  6, new: 0x7fc8d3b6e0, old: 0x7c2a0fa0e8, /data/app/~~uw83atq9S0Uob0pKidb-KQ==/com.xingin.xhs-u9toNGY3ET8WrPaqaHC5Zg==/lib/arm64/libsentry.so
06-16 13:49:25.041 13139 13139 I sentry_hook_tag: >>>> [register_signal]--replace sig = 6, path = /data/app/~~uw83atq9S0Uob0pKidb-KQ==/com.xingin.xhs-u9toNGY3ET8WrPaqaHC5Zg==/lib/arm64/libsentry.so, new = 0x7fc8d3b6e0
06-16 13:49:25.041 13139 13139 I sentry_hook_tag: >>>> 需要代理  7, new: 0x7fc8d3b6e0, old: 0x7c2a0fa110, /data/app/~~uw83atq9S0Uob0pKidb-KQ==/com.xingin.xhs-u9toNGY3ET8WrPaqaHC5Zg==/lib/arm64/libsentry.so
06-16 13:49:25.041 13139 13139 I sentry_hook_tag: >>>> [register_signal]--replace sig = 7, path = /data/app/~~uw83atq9S0Uob0pKidb-KQ==/com.xingin.xhs-u9toNGY3ET8WrPaqaHC5Zg==/lib/arm64/libsentry.so, new = 0x7fc8d3b6e0
06-16 13:49:25.041 13139 13139 I sentry_hook_tag: >>>> 需要代理  8, new: 0x7fc8d3b6e0, old: 0x7c2a0fa138, /data/app/~~uw83atq9S0Uob0pKidb-KQ==/com.xingin.xhs-u9toNGY3ET8WrPaqaHC5Zg==/lib/arm64/libsentry.so
06-16 13:49:25.041 13139 13139 I sentry_hook_tag: >>>> [register_signal]--replace sig = 8, path = /data/app/~~uw83atq9S0Uob0pKidb-KQ==/com.xingin.xhs-u9toNGY3ET8WrPaqaHC5Zg==/lib/arm64/libsentry.so, new = 0x7fc8d3b6e0
06-16 13:49:25.041 13139 13139 I sentry_hook_tag: >>>> 需要代理  4, new: 0x7fc8d3b6e0, old: 0x7c2a0fa160, /data/app/~~uw83atq9S0Uob0pKidb-KQ==/com.xingin.xhs-u9toNGY3ET8WrPaqaHC5Zg==/lib/arm64/libsentry.so
06-16 13:49:25.041 13139 13139 I sentry_hook_tag: >>>> [register_signal]--replace sig = 4, path = /data/app/~~uw83atq9S0Uob0pKidb-KQ==/com.xingin.xhs-u9toNGY3ET8WrPaqaHC5Zg==/lib/arm64/libsentry.so, new = 0x7fc8d3b6e0
06-16 13:49:25.041 13139 13139 I sentry_hook_tag: >>>> 需要代理  11, new: 0x7fc8d3b6e0, old: 0x7c2a0fa188, /data/app/~~uw83atq9S0Uob0pKidb-KQ==/com.xingin.xhs-u9toNGY3ET8WrPaqaHC5Zg==/lib/arm64/libsentry.so
06-16 13:49:25.041 13139 13139 I sentry_hook_tag: >>>> [register_signal]--replace sig = 11, path = /data/app/~~uw83atq9S0Uob0pKidb-KQ==/com.xingin.xhs-u9toNGY3ET8WrPaqaHC5Zg==/lib/arm64/libsentry.so, new = 0x7fc8d3b6e0
06-16 13:49:25.041 13139 13139 I sentry_hook_tag: >>>> 需要代理  5, new: 0x7fc8d3b6e0, old: 0x7c2a0fa1b0, /data/app/~~uw83atq9S0Uob0pKidb-KQ==/com.xingin.xhs-u9toNGY3ET8WrPaqaHC5Zg==/lib/arm64/libsentry.so
06-16 13:49:25.041 13139 13139 I sentry_hook_tag: >>>> [register_signal]--replace sig = 5, path = /data/app/~~uw83atq9S0Uob0pKidb-KQ==/com.xingin.xhs-u9toNGY3ET8WrPaqaHC5Zg==/lib/arm64/libsentry.so, new = 0x7fc8d3b6e0
06-16 13:49:25.041 13139 13139 I sentry_hook_tag: >>>> 不处理  31, new: 0x7fc8d3b6e0, old: 0x7c2a0fa1d8, /data/app/~~uw83atq9S0Uob0pKidb-KQ==/com.xingin.xhs-u9toNGY3ET8WrPaqaHC5Zg==/lib/arm64/libsentry.so
06-16 13:49:25.041 13139 13139 I sentry_hook_tag: >>>> 不处理  16, new: 0x7fc8d3b6e0, old: 0x7c2a0fa200, /data/app/~~uw83atq9S0Uob0pKidb-KQ==/com.xingin.xhs-u9toNGY3ET8WrPaqaHC5Zg==/lib/arm64/libsentry.so
06-16 13:49:25.041 13139 13139 I sentry_hook_tag: >>>> 需要代理  3, new: 0x7fc8d3b6b0, old: 0x7c2a0fb738, /data/app/~~uw83atq9S0Uob0pKidb-KQ==/com.xingin.xhs-u9toNGY3ET8WrPaqaHC5Zg==/lib/arm64/libsentry.so
06-16 13:49:25.041 13139 13139 I sentry_hook_tag: >>>> [register_signal_anr]--replace sig = 3, path = /data/app/~~uw83atq9S0Uob0pKidb-KQ==/com.xingin.xhs-u9toNGY3ET8WrPaqaHC5Zg==/lib/arm64/libsentry.so, new = 0x7fc8d3b6b0
06-16 13:49:25.043 13139 13139 D nativeloader: Load /data/app/~~uw83atq9S0Uob0pKidb-KQ==/com.xingin.xhs-u9toNGY3ET8WrPaqaHC5Zg==/lib/arm64/libmmkv2.so using class loader ns clns-7 (caller=/data/app/~~uw83atq9S0Uob0pKidb-KQ==/com.xingin.xhs-u9toNGY3ET8WrPaqaHC5Zg==/base.apk!classes9.dex): ok
06-16 13:49:25.043 13139 13139 I MMKV    : <MMKV.cpp:226::initializeMMKV> root dir: /data/user/0/com.xingin.xhs/files/mmkv
06-16 13:49:25.044 13139 13139 I MMKV    : <MemoryFile.cpp:97::open> open fd[0x53], /data/user/0/com.xingin.xhs/files/mmkv/experiment_flags_dev_mmkv
06-16 13:49:25.044 13139 13139 I MMKV    : <MemoryFile.cpp:97::open> open fd[0x54], /data/user/0/com.xingin.xhs/files/mmkv/experiment_flags_dev_mmkv.crc
06-16 13:49:25.044 13139 13139 I MMKV    : <MemoryFile.cpp:97::open> open fd[0x55], /data/user/0/com.xingin.xhs/files/mmkv/abtest_config
06-16 13:49:25.044 13139 13139 I MMKV    : <MemoryFile.cpp:97::open> open fd[0x56], /data/user/0/com.xingin.xhs/files/mmkv/abtest_config.crc
06-16 13:49:25.045 13139 13139 I MMKV    : <MemoryFile.cpp:97::open> open fd[0x57], /data/user/0/com.xingin.xhs/files/mmkv/experiment_flags_mmkv
06-16 13:49:25.045 13139 13139 I MMKV    : <MemoryFile.cpp:97::open> open fd[0x58], /data/user/0/com.xingin.xhs/files/mmkv/experiment_flags_mmkv.crc
06-16 13:49:25.045 13139 13139 I MMKV    : <MemoryFile.cpp:97::open> open fd[0x59], /data/user/0/com.xingin.xhs/files/mmkv/hybrid_flags_mmkv
06-16 13:49:25.045 13139 13139 I MMKV    : <MemoryFile.cpp:97::open> open fd[0x5a], /data/user/0/com.xingin.xhs/files/mmkv/hybrid_flags_mmkv.crc
06-16 13:49:25.045 13139 13139 D nativeloader: Load /data/app/~~uw83atq9S0Uob0pKidb-KQ==/com.xingin.xhs-u9toNGY3ET8WrPaqaHC5Zg==/lib/arm64/libxy_experiment.so using class loader ns clns-7 (caller=/data/app/~~uw83atq9S0Uob0pKidb-KQ==/com.xingin.xhs-u9toNGY3ET8WrPaqaHC5Zg==/base.apk!classes9.dex): ok
06-16 13:49:25.046 13139 13139 D nativeloader: Load /data/app/~~uw83atq9S0Uob0pKidb-KQ==/com.xingin.xhs-u9toNGY3ET8WrPaqaHC5Zg==/lib/arm64/libxy_configcenter.so using class loader ns clns-7 (caller=/data/app/~~uw83atq9S0Uob0pKidb-KQ==/com.xingin.xhs-u9toNGY3ET8WrPaqaHC5Zg==/base.apk!classes9.dex): ok
06-16 13:49:25.046 13139 13139 I MMKV    : <MemoryFile.cpp:97::open> open fd[0x5c], /data/user/0/com.xingin.xhs/files/mmkv/config_develop_mmkv
06-16 13:49:25.046 13139 13139 I MMKV    : <MemoryFile.cpp:97::open> open fd[0x5d], /data/user/0/com.xingin.xhs/files/mmkv/config_develop_mmkv.crc
06-16 13:49:25.046 13139 13139 I MMKV    : <MemoryFile.cpp:97::open> open fd[0x5e], /data/user/0/com.xingin.xhs/files/mmkv/config_center_options
06-16 13:49:25.046 13139 13139 I MMKV    : <MemoryFile.cpp:97::open> open fd[0x5f], /data/user/0/com.xingin.xhs/files/mmkv/config_center_options.crc
06-16 13:49:25.046 13139 13139 I MMKV    : <MemoryFile.cpp:97::open> open fd[0x60], /data/user/0/com.xingin.xhs/files/mmkv/config_product_mmkv
06-16 13:49:25.046 13139 13139 I MMKV    : <MemoryFile.cpp:97::open> open fd[0x61], /data/user/0/com.xingin.xhs/files/mmkv/config_product_mmkv.crc
06-16 13:49:25.048 13139 13163 D nativeloader: Load /data/app/~~uw83atq9S0Uob0pKidb-KQ==/com.xingin.xhs-u9toNGY3ET8WrPaqaHC5Zg==/lib/arm64/libxylog.so using class loader ns clns-7 (caller=/data/app/~~uw83atq9S0Uob0pKidb-KQ==/com.xingin.xhs-u9toNGY3ET8WrPaqaHC5Zg==/base.apk!classes9.dex): ok
06-16 13:49:25.049 13139 13139 I MMKV    : <MemoryFile.cpp:97::open> open fd[0x62], /data/user/0/com.xingin.xhs/files/mmkv/com.xingin.xhs
06-16 13:49:25.049 13139 13139 I MMKV    : <MemoryFile.cpp:97::open> open fd[0x64], /data/user/0/com.xingin.xhs/files/mmkv/com.xingin.xhs.crc
06-16 13:49:25.049 13139 13139 I MMKV    : <MMKV_IO.cpp:204::loadMetaInfoAndCheck> meta file [com.xingin.xhs] has flag [0]
06-16 13:49:25.049 13139 13139 I MMKV    : <MMKV_IO.cpp:78::loadFromFile> loading [com.xingin.xhs] with 3511 actual size, file size 4096, InterProcess 1, meta info version:4
06-16 13:49:25.049 13139 13139 I MMKV    : <MMKV_IO.cpp:83::loadFromFile> loading [com.xingin.xhs] with crc 2308628497 sequence 1 version 4
06-16 13:49:25.049 13139 13139 I MMKV    : <MMKV_IO.cpp:127::loadFromFile> loaded [com.xingin.xhs] with 5 key-values
06-16 13:49:25.054 13139 13168 D nativeloader: Load /data/app/~~uw83atq9S0Uob0pKidb-KQ==/com.xingin.xhs-u9toNGY3ET8WrPaqaHC5Zg==/lib/arm64/libmarsxlog.so using class loader ns clns-7 (caller=/data/app/~~uw83atq9S0Uob0pKidb-KQ==/com.xingin.xhs-u9toNGY3ET8WrPaqaHC5Zg==/base.apk!classes9.dex): ok
06-16 13:49:25.056 13139 13168 W System  : Attempt to load writable file: /data/user/0/com.xingin.xhs/app_jniLibs/arm64-v8a/xhslonglink/0E0B20251B1F86F511983AEE30766DD7. This will throw on a future Android version
06-16 13:49:25.052 13139 13139 W pool-5-thread-1: type=1400 audit(0.0:6970): avc:  granted  { execute } for  path="/data/data/com.xingin.xhs/app_jniLibs/arm64-v8a/xhslonglink/0E0B20251B1F86F511983AEE30766DD7" dev="dm-51" ino=1015850 scontext=u:r:untrusted_app:s0:c150,c256,c512,c768 tcontext=u:object_r:app_data_file:s0:c150,c256,c512,c768 tclass=file app=com.xingin.xhs
06-16 13:49:25.057 13139 13168 D nativeloader: Load /data/user/0/com.xingin.xhs/app_jniLibs/arm64-v8a/xhslonglink/0E0B20251B1F86F511983AEE30766DD7 using class loader ns clns-7 (caller=/data/app/~~uw83atq9S0Uob0pKidb-KQ==/com.xingin.xhs-u9toNGY3ET8WrPaqaHC5Zg==/base.apk!classes4.dex): ok
06-16 13:49:25.059   611  1229 D ConnectivityService: requestNetwork for uid/pid:10150/13139 activeRequest: null callbackRequest: 169 [NetworkRequest [ REQUEST id=169, [ Transports: CELLULAR|WIFI|BLUETOOTH|ETHERNET|VPN|WIFI_AWARE|LOWPAN Capabilities: NOT_RESTRICTED&TRUSTED&NOT_VPN&NOT_VCN_MANAGED&NOT_BANDWIDTH_CONSTRAINED Forbidden: LOCAL_NETWORK Uid: 10150 RequestorUid: 10150 RequestorPkg: com.xingin.xhs UnderlyingNetworks: Null] ]] callback flags: 0 order: 2147483647 isUidTracked: false declaredMethods: AVAIL|LOST
06-16 13:49:25.060   611   870 D WifiNetworkFactory: got request NetworkRequest [ REQUEST id=169, [ Transports: CELLULAR|WIFI|BLUETOOTH|ETHERNET|VPN|WIFI_AWARE|LOWPAN Capabilities: NOT_RESTRICTED&TRUSTED&NOT_VPN&NOT_VCN_MANAGED&NOT_BANDWIDTH_CONSTRAINED Forbidden: LOCAL_NETWORK Uid: 10150 RequestorUid: 10150 RequestorPkg: com.xingin.xhs UnderlyingNetworks: Null] ]
06-16 13:49:25.060   611   870 D UntrustedWifiNetworkFactory: got request NetworkRequest [ REQUEST id=169, [ Transports: CELLULAR|WIFI|BLUETOOTH|ETHERNET|VPN|WIFI_AWARE|LOWPAN Capabilities: NOT_RESTRICTED&TRUSTED&NOT_VPN&NOT_VCN_MANAGED&NOT_BANDWIDTH_CONSTRAINED Forbidden: LOCAL_NETWORK Uid: 10150 RequestorUid: 10150 RequestorPkg: com.xingin.xhs UnderlyingNetworks: Null] ]
06-16 13:49:25.060   611   870 D OemPaidWifiNetworkFactory: got request NetworkRequest [ REQUEST id=169, [ Transports: CELLULAR|WIFI|BLUETOOTH|ETHERNET|VPN|WIFI_AWARE|LOWPAN Capabilities: NOT_RESTRICTED&TRUSTED&NOT_VPN&NOT_VCN_MANAGED&NOT_BANDWIDTH_CONSTRAINED Forbidden: LOCAL_NETWORK Uid: 10150 RequestorUid: 10150 RequestorPkg: com.xingin.xhs UnderlyingNetworks: Null] ]
06-16 13:49:25.060   611   870 D MultiInternetWifiNetworkFactory: got request NetworkRequest [ REQUEST id=169, [ Transports: CELLULAR|WIFI|BLUETOOTH|ETHERNET|VPN|WIFI_AWARE|LOWPAN Capabilities: NOT_RESTRICTED&TRUSTED&NOT_VPN&NOT_VCN_MANAGED&NOT_BANDWIDTH_CONSTRAINED Forbidden: LOCAL_NETWORK Uid: 10150 RequestorUid: 10150 RequestorPkg: com.xingin.xhs UnderlyingNetworks: Null] ]
06-16 13:49:25.060 13139 13139 W default : type=1400 audit(0.0:6971): avc:  denied  { read } for  name="route" dev="proc" ino=4026532011 scontext=u:r:untrusted_app:s0:c150,c256,c512,c768 tcontext=u:object_r:proc_net:s0 tclass=file permissive=0 app=com.xingin.xhs
06-16 13:49:25.064 13183 13183 W ip      : type=1400 audit(0.0:6972): avc:  denied  { bind } for  scontext=u:r:untrusted_app:s0:c150,c256,c512,c768 tcontext=u:r:untrusted_app:s0:c150,c256,c512,c768 tclass=netlink_route_socket permissive=0 bug=b/155595000 app=com.xingin.xhs
06-16 13:49:25.064 13139 13139 W default : type=1400 audit(0.0:6973): avc:  denied  { bind } for  scontext=u:r:untrusted_app:s0:c150,c256,c512,c768 tcontext=u:r:untrusted_app:s0:c150,c256,c512,c768 tclass=netlink_route_socket permissive=0 bug=b/155595000 app=com.xingin.xhs
06-16 13:49:25.064 13139 13139 W default : type=1400 audit(0.0:6974): avc:  denied  { bind } for  scontext=u:r:untrusted_app:s0:c150,c256,c512,c768 tcontext=u:r:untrusted_app:s0:c150,c256,c512,c768 tclass=netlink_route_socket permissive=0 bug=b/155595000 app=com.xingin.xhs
06-16 13:49:25.064 13139 13139 W default : type=1400 audit(0.0:6975): avc:  denied  { read } for  name="route" dev="proc" ino=4026532011 scontext=u:r:untrusted_app:s0:c150,c256,c512,c768 tcontext=u:object_r:proc_net:s0 tclass=file permissive=0 app=com.xingin.xhs
06-16 13:49:25.068 13139 13139 W default : type=1400 audit(0.0:6976): avc:  denied  { bind } for  scontext=u:r:untrusted_app:s0:c150,c256,c512,c768 tcontext=u:r:untrusted_app:s0:c150,c256,c512,c768 tclass=netlink_route_socket permissive=0 bug=b/155595000 app=com.xingin.xhs
06-16 13:49:26.991 12354 12934 I onNQEResult: result.score = 88minscore = nullmaxscore = null
06-16 13:49:28.992 12354 12934 I onNQEResult: result.score = 88minscore = nullmaxscore = null
06-16 13:49:30.993 12354 12934 I onNQEResult: result.score = 88minscore = nullmaxscore = null
06-16 13:49:32.994 12354 12934 I onNQEResult: result.score = 88minscore = nullmaxscore = null
06-16 13:49:34.994 12354 12934 I onNQEResult: result.score = 88minscore = nullmaxscore = null
06-16 13:49:36.996 12354 12934 I onNQEResult: result.score = 83minscore = nullmaxscore = null
06-16 13:49:38.996 12354 12934 I onNQEResult: result.score = 83minscore = nullmaxscore = null
06-16 13:49:39.943   611   716 I ImeTracker: com.xingin.xhs:c4c74b1c: onRequestShow at ORIGIN_SERVER reason ATTACH_NEW_INPUT fromUser false
06-16 13:49:39.958   611   930 D CoreBackPreview: Window{e7bcf1c u0 com.xingin.xhs/com.xingin.login.activity.LoginActivity}: Setting back callback OnBackInvokedCallbackInfo{mCallback=android.window.IOnBackInvokedCallback$Stub$Proxy@23f3780, mPriority=0, mIsAnimationCallback=false, mOverrideBehavior=0}
06-16 13:49:39.977   611  1229 D CoreBackPreview: Window{e7bcf1c u0 com.xingin.xhs/com.xingin.login.activity.LoginActivity}: Setting back callback OnBackInvokedCallbackInfo{mCallback=android.window.IOnBackInvokedCallback$Stub$Proxy@4d3d1b9, mPriority=0, mIsAnimationCallback=true, mOverrideBehavior=0}
06-16 13:49:40.997 12354 12934 I onNQEResult: result.score = 82minscore = nullmaxscore = null
06-16 13:49:42.998 12354 12934 I onNQEResult: result.score = 82minscore = nullmaxscore = null
06-16 13:49:44.999 12354 12934 I onNQEResult: result.score = 82minscore = nullmaxscore = null
06-16 13:49:47.001 12354 12934 I onNQEResult: result.score = 82minscore = nullmaxscore = null
06-16 13:49:49.003 12354 12934 I onNQEResult: result.score = 82minscore = nullmaxscore = null
06-16 13:49:51.005 12354 12934 I onNQEResult: result.score = 82minscore = nullmaxscore = null
06-16 13:49:53.006 12354 12934 I onNQEResult: result.score = 82minscore = nullmaxscore = null
06-16 13:49:53.758 12354 12354 I ImeTracker: com.xingin.xhs:397a0e2: onRequestHide at ORIGIN_CLIENT reason HIDE_SOFT_INPUT fromUser false
06-16 13:49:53.759   611  1229 D CoreBackPreview: Window{e7bcf1c u0 com.xingin.xhs/com.xingin.login.activity.LoginActivity}: Setting back callback OnBackInvokedCallbackInfo{mCallback=android.window.IOnBackInvokedCallback$Stub$Proxy@f78980a, mPriority=0, mIsAnimationCallback=false, mOverrideBehavior=0}
06-16 13:49:53.976  5913  5913 I ImeTracker: com.xingin.xhs:397a0e2: onHidden
06-16 13:49:53.977   611  3515 D ImeInsetsSourceProvider: showImePostLayout aborted, isScheduledAndReadyToShowIme: false, mImeRequester: null, serverVisible: true, frozen: false, mWindowContainer is: non-null, windowState: Window{63097ab u0 InputMethod}, isDrawn: true, mGivenInsetsPending: false, dcTarget: Window{e7bcf1c u0 com.xingin.xhs/com.xingin.login.activity.LoginActivity}, controlTarget: Window{e7bcf1c u0 com.xingin.xhs/com.xingin.login.activity.LoginActivity}
06-16 13:49:53.977   611  3515 I ImeTracker: com.xingin.xhs:c4c74b1c: onFailed at PHASE_WM_ABORT_SHOW_IME_POST_LAYOUT
06-16 13:49:54.157   611  1229 D CoreBackPreview: Window{d102ad6 u0 ToastWithoutNotification}: Setting back callback OnBackInvokedCallbackInfo{mCallback=android.window.IOnBackInvokedCallback$Stub$Proxy@ebc1e62, mPriority=0, mIsAnimationCallback=false, mOverrideBehavior=0}
06-16 13:49:55.007 12354 12934 I onNQEResult: result.score = 85minscore = nullmaxscore = null
06-16 13:49:55.851   611  3515 D CoreBackPreview: Window{d102ad6 u0 ToastWithoutNotification}: Setting back callback null
06-16 13:49:57.008 12354 12934 I onNQEResult: result.score = 85minscore = nullmaxscore = null
06-16 13:49:59.008 12354 12934 I onNQEResult: result.score = 85minscore = nullmaxscore = null
06-16 13:50:01.009 12354 12934 I onNQEResult: result.score = 85minscore = nullmaxscore = null
06-16 13:50:02.053   952  1039 V WindowManagerShell: Transition requested (#65): android.os.BinderProxy@57d264c TransitionRequestInfo { type = OPEN, triggerTask = TaskInfo{userId=0 taskId=7 effectiveUid=10116 displayId=0 isRunning=true baseIntent=Intent { act=android.intent.action.MAIN cat=[android.intent.category.HOME] flg=0x10000100 cmp=com.android.launcher3/.uioverrides.QuickstepLauncher } baseActivity=ComponentInfo{com.android.launcher3/com.android.launcher3.uioverrides.QuickstepLauncher} topActivity=ComponentInfo{com.android.launcher3/com.android.launcher3.uioverrides.QuickstepLauncher} origActivity=null realActivity=ComponentInfo{com.android.launcher3/com.android.launcher3.uioverrides.QuickstepLauncher} numActivities=1 lastActiveTime=1166589 supportsMultiWindow=true resizeMode=2 isResizeable=true minWidth=-1 minHeight=-1 defaultMinSize=220 token=WCT{android.window.IWindowContainerToken$Stub$Proxy@2bca695} topActivityType=2 pictureInPictureParams=null shouldDockBigOverlays=false launchIntoPipHostTaskId=-1 lastParentTaskIdBeforePip=-1 displayCutoutSafeInsets=Rect(0, 0 - 0, 0) topActivityInfo=ActivityInfo{15283aa com.android.launcher3.uioverrides.QuickstepLauncher} launchCookies=[] positionInParent=Point(0, 0) parentTaskId=-1 isFocused=true isVisible=false isVisibleRequested=true isTopActivityNoDisplay=false isSleeping=false locusId=LocusId[17_chars] displayAreaFeatureId=1 isTopActivityTransparent=false isActivityStackTransparent=false lastNonFullscreenBounds=Rect(291, 693 - 790, 1773) capturedLink=null capturedLinkTimestamp=0 requestedVisibleTypes=-9 topActivityRequestOpenInBrowserEducationTimestamp=0 appCompatTaskInfo=AppCompatTaskInfo { topActivityInSizeCompat=false eligibleForLetterboxEducation= false isLetterboxEducationEnabled= false isLetterboxDoubleTapEnabled= false eligibleForUserAspectRatioButton= false topActivityBoundsLetterboxed= false isFromLetterboxDoubleTap= false topActivityLetterboxVerticalPosition= -1 topActivityLetterboxHorizontalPosition= -1 topActivityLetterboxWidth=-1 topActivityLetterboxHeight=-1 topActivityLetterboxAppWidth=-1 topActivityLetterboxAppHeight=-1 isUserFullscreenOverrideEnabled=false isSystemFullscreenOverrideEnabled=false hasMinAspectRatioOverride=false topActivityLetterboxBounds=null cameraCompatTaskInfo=CameraCompatTaskInfo { freeformCameraCompatMode=inactive}} topActivityMainWindowFrame=null}, pipChange = null, remoteTransition = null, displayChange = null, flags = 0, debugId = 65 }
06-16 13:50:02.071   952  1039 V WindowManagerShell:         {m=TO_FRONT f=IS_WALLPAPER leash=Surface(name=WallpaperWindowToken{58d7bd2 token=android.os.Binder@db37b88})/@0x90e1711 sb=Rect(0, 0 - 1080, 2400) eb=Rect(0, 0 - 1080, 2400) epz=Point(1080, 2400) d=0}
06-16 13:50:02.071   952  1039 V WindowManagerShell: Transition doesn't have explicit remote, search filters for match for {id=65 t=OPEN f=0x0 trk=0 r=[0@Point(0, 0)] c=[{m=TO_FRONT f=SHOW_WALLPAPER|MOVE_TO_TOP leash=Surface(name=Task=1)/@0x3bc0b9b sb=Rect(0, 0 - 1080, 2400) eb=Rect(0, 0 - 1080, 2400) epz=Point(1080, 2400) d=0 taskParent=-1},{m=TO_BACK f=NONE leash=Surface(name=Task=15)/@0x77c5b38 sb=Rect(0, 0 - 1080, 2400) eb=Rect(0, 0 - 1080, 2400) epz=Point(1080, 2400) d=0 taskParent=-1},{m=TO_FRONT f=IS_WALLPAPER leash=Surface(name=WallpaperWindowToken{58d7bd2 token=android.os.Binder@db37b88})/@0x90e1711 sb=Rect(0, 0 - 1080, 2400) eb=Rect(0, 0 - 1080, 2400) epz=Point(1080, 2400) d=0}]}
06-16 13:50:02.074   611   630 V WindowManager: Sent Transition (#65) createdAt=06-16 13:50:02.050 via request=TransitionRequestInfo { type = OPEN, triggerTask = TaskInfo{userId=0 taskId=7 effectiveUid=10116 displayId=0 isRunning=true baseIntent=Intent { act=android.intent.action.MAIN cat=[android.intent.category.HOME] flg=0x10000100 cmp=com.android.launcher3/.uioverrides.QuickstepLauncher } baseActivity=ComponentInfo{com.android.launcher3/com.android.launcher3.uioverrides.QuickstepLauncher} topActivity=ComponentInfo{com.android.launcher3/com.android.launcher3.uioverrides.QuickstepLauncher} origActivity=null realActivity=ComponentInfo{com.android.launcher3/com.android.launcher3.uioverrides.QuickstepLauncher} numActivities=1 lastActiveTime=1166589 supportsMultiWindow=true resizeMode=2 isResizeable=true minWidth=-1 minHeight=-1 defaultMinSize=220 token=WCT{RemoteToken{b8a5746 Task{5b7b280 #7 type=home I=com.android.launcher3/.uioverrides.QuickstepLauncher}}} topActivityType=2 pictureInPictureParams=null shouldDockBigOverlays=false launchIntoPipHostTaskId=-1 lastParentTaskIdBeforePip=-1 displayCutoutSafeInsets=Rect(0, 0 - 0, 0) topActivityInfo=ActivityInfo{f84679f com.android.launcher3.uioverrides.QuickstepLauncher} launchCookies=[] positionInParent=Point(0, 0) parentTaskId=-1 isFocused=true isVisible=false isVisibleRequested=true isTopActivityNoDisplay=false isSleeping=false locusId=LocusId[17_chars] displayAreaFeatureId=1 isTopActivityTransparent=false isActivityStackTransparent=false lastNonFullscreenBounds=Rect(291, 693 - 790, 1773) capturedLink=null capturedLinkTimestamp=0 requestedVisibleTypes=-9 topActivityRequestOpenInBrowserEducationTimestamp=0 appCompatTaskInfo=AppCompatTaskInfo { topActivityInSizeCompat=false eligibleForLetterboxEducation= false isLetterboxEducationEnabled= false isLetterboxDoubleTapEnabled= false eligibleForUserAspectRatioButton= false topActivityBoundsLetterboxed= false isFromLetterboxDoubleTap= false topActivityLetterboxVerticalPosition= -1 topActivityLetterboxHorizontalPosition= -1 topActivityLetterboxWidth=-1 topActivityLetterboxHeight=-1 topActivityLetterboxAppWidth=-1 topActivityLetterboxAppHeight=-1 isUserFullscreenOverrideEnabled=false isSystemFullscreenOverrideEnabled=false hasMinAspectRatioOverride=false topActivityLetterboxBounds=null cameraCompatTaskInfo=CameraCompatTaskInfo { freeformCameraCompatMode=inactive}} topActivityMainWindowFrame=null}, pipChange = null, remoteTransition = null, displayChange = null, flags = 0, debugId = 65 }
06-16 13:50:02.074   611   630 V WindowManager:         {WCT{RemoteToken{5a63d77 Task{1912487 #15 type=standard A=10150:com.xingin.xhs}}} m=TO_BACK f=NONE leash=Surface(name=Task=15)/@0xa15f611 sb=Rect(0, 0 - 1080, 2400) eb=Rect(0, 0 - 1080, 2400) epz=Point(1080, 2400) d=0 taskParent=-1},
06-16 13:50:02.074   611   630 V WindowManager:         {m=TO_FRONT f=IS_WALLPAPER leash=Surface(name=WallpaperWindowToken{58d7bd2 token=android.os.Binder@db37b88})/@0x5275272 sb=Rect(0, 0 - 1080, 2400) eb=Rect(0, 0 - 1080, 2400) epz=Point(1080, 2400) d=0}
06-16 13:50:02.465 12354 13368 I WCDB.SQLiteConnection: Opened connection 0x7ca0cfe5b8 with label '/data/user/0/com.xingin.xhs/databases/xhs_common_demotion_cache.db'
06-16 13:50:02.465 12354 13368 I WCDB.SQLite: [SQLite ErrCode: 283] recovered 4 frames from WAL file /data/user/0/com.xingin.xhs/databases/xhs_common_demotion_cache.db-wal
06-16 13:50:02.486 12354 13368 I WCDB.SQLiteConnection: Opened connection 0x7ca0d0d658 with label '/data/user/0/com.xingin.xhs/databases/xhs_common_demotion_cache.db'
06-16 13:50:07.150   611  4260 D CoreBackPreview: Window{1309c71 u0 com.xingin.xhs/com.xingin.login.activity.WelcomeActivity}: Setting back callback null
06-16 13:50:07.150   611   633 I ActivityManager: Killing 12354:com.xingin.xhs/u0a150 (adj 100): remove task
06-16 13:50:07.151   611   633 I ActivityManager: Killing 13139:com.xingin.xhs:longlinkNew/u0a150 (adj 100): remove task
06-16 13:50:07.160   611  3515 W ActivityManager: Scheduling restart of crashed service com.xingin.xhs/com.xingin.longlink.service.LongLinkService in 1000ms for connection
06-16 13:50:07.161   611   877 D ConnectivityService: releasing NetworkRequest [ REQUEST id=169, [ Transports: CELLULAR|WIFI|BLUETOOTH|ETHERNET|VPN|WIFI_AWARE|LOWPAN Capabilities: NOT_RESTRICTED&TRUSTED&NOT_VPN&NOT_VCN_MANAGED&NOT_BANDWIDTH_CONSTRAINED Forbidden: LOCAL_NETWORK Uid: 10150 RequestorUid: 10150 RequestorPkg: com.xingin.xhs UnderlyingNetworks: Null] ] (release request)
06-16 13:50:07.173   611  4262 I WindowManager: WIN DEATH: Window{e7bcf1c u0 com.xingin.xhs/com.xingin.login.activity.LoginActivity}
06-16 13:50:07.175   611  4262 I WindowManager: WIN DEATH: Window{1309c71 u0 com.xingin.xhs/com.xingin.login.activity.WelcomeActivity}
06-16 13:50:07.175   611   877 D ConnectivityService: releasing NetworkRequest [ REQUEST id=151, [ Capabilities: INTERNET&NOT_RESTRICTED&TRUSTED&NOT_VCN_MANAGED&NOT_BANDWIDTH_CONSTRAINED Uid: 10150 RequestorUid: 10150 RequestorPkg: com.xingin.xhs UnderlyingNetworks: Null] ] (release request)
06-16 13:50:07.176   611   877 D ConnectivityService: releasing NetworkRequest [ REQUEST id=154, [ Capabilities: INTERNET&NOT_RESTRICTED&TRUSTED&NOT_VCN_MANAGED&NOT_BANDWIDTH_CONSTRAINED Uid: 10150 RequestorUid: 10150 RequestorPkg: com.xingin.xhs UnderlyingNetworks: Null] ] (release request)
06-16 13:50:07.176   611   877 D ConnectivityService: releasing NetworkRequest [ REQUEST id=158, [ Transports: CELLULAR|WIFI|BLUETOOTH|ETHERNET|VPN|WIFI_AWARE|LOWPAN Capabilities: NOT_RESTRICTED&TRUSTED&NOT_VPN&NOT_VCN_MANAGED&NOT_BANDWIDTH_CONSTRAINED Forbidden: LOCAL_NETWORK Uid: 10150 RequestorUid: 10150 RequestorPkg: com.xingin.xhs UnderlyingNetworks: Null] ] (release request)
06-16 13:50:07.176   611   877 D ConnectivityService: releasing NetworkRequest [ REQUEST id=162, [ Transports: CELLULAR Capabilities: INTERNET&NOT_RESTRICTED&TRUSTED&NOT_VPN&NOT_VCN_MANAGED&NOT_BANDWIDTH_CONSTRAINED Forbidden: LOCAL_NETWORK Uid: 10150 RequestorUid: 10150 RequestorPkg: com.xingin.xhs UnderlyingNetworks: Null] ] (release request)
06-16 13:50:07.177   611  3515 W ActivityManager: Scheduling restart of crashed service com.xingin.xhs/com.xingin.pushproxy.GeTuiIntentService in 1000ms for connection
06-16 13:50:07.180   611   642 I ActivityManager: Process PhantomProcessRecord {6ebaed 12786:12354:com.xingin.xhs:widgetProvider/u0a150} died
06-16 13:50:07.180   611   690 W UsageStatsService: Unexpected activity event reported! (com.xingin.xhs/com.xingin.login.activity.LoginActivity event : 23 instanceId : 152855536)
06-16 13:50:07.181   611   877 E ConnectivityService: RemoteException caught trying to send a callback msg for NetworkRequest [ LISTEN id=166, [ Capabilities: INTERNET&NOT_RESTRICTED&TRUSTED&NOT_VCN_MANAGED&NOT_BANDWIDTH_CONSTRAINED Forbidden: LOCAL_NETWORK Uid: 10150 RequestorUid: 10150 RequestorPkg: com.xingin.xhs UnderlyingNetworks: Null] ]
06-16 13:50:07.181   611   877 D ConnectivityService: releasing NetworkRequest [ REQUEST id=163, [ Transports: WIFI Capabilities: INTERNET&NOT_RESTRICTED&TRUSTED&NOT_VPN&NOT_VCN_MANAGED&NOT_BANDWIDTH_CONSTRAINED Forbidden: LOCAL_NETWORK Uid: 10150 RequestorUid: 10150 RequestorPkg: com.xingin.xhs UnderlyingNetworks: Null] ] (release request)
06-16 13:50:07.181   611   877 D ConnectivityService: releasing NetworkRequest [ REQUEST id=165, [ Capabilities: INTERNET&NOT_RESTRICTED&TRUSTED&NOT_VCN_MANAGED&NOT_BANDWIDTH_CONSTRAINED Uid: 10150 RequestorUid: 10150 RequestorPkg: com.xingin.xhs UnderlyingNetworks: Null] ] (release request)
06-16 13:50:07.181   611   877 D ConnectivityService: releasing NetworkRequest [ REQUEST id=168, [ Capabilities: INTERNET&NOT_RESTRICTED&TRUSTED&NOT_VCN_MANAGED&NOT_BANDWIDTH_CONSTRAINED Uid: 10150 RequestorUid: 10150 RequestorPkg: com.xingin.xhs UnderlyingNetworks: Null] ] (release request)
06-16 13:50:07.181   611   690 W UsageStatsService: Unexpected activity event reported! (com.xingin.xhs/com.xingin.login.activity.WelcomeActivity event : 23 instanceId : 232739273)
06-16 13:50:08.191   611   641 I ActivityManager: Start proc 13443:com.xingin.xhs/u0a150 for service {com.xingin.xhs/com.xingin.pushproxy.GeTuiIntentService}
06-16 13:50:08.219 13443 13443 I com.xingin.xhs: Using CollectorTypeCMC GC.
06-16 13:50:08.221 13443 13443 E com.xingin.xhs: Not starting debugger since process cannot load the jdwp agent.
06-16 13:50:08.253 13443 13443 D nativeloader: Configuring clns-7 for other apk /data/app/~~uw83atq9S0Uob0pKidb-KQ==/com.xingin.xhs-u9toNGY3ET8WrPaqaHC5Zg==/base.apk. target_sdk_version=34, uses_libraries=, library_path=/data/app/~~uw83atq9S0Uob0pKidb-KQ==/com.xingin.xhs-u9toNGY3ET8WrPaqaHC5Zg==/lib/arm64:/data/app/~~uw83atq9S0Uob0pKidb-KQ==/com.xingin.xhs-u9toNGY3ET8WrPaqaHC5Zg==/base.apk!/lib/arm64-v8a, permitted_path=/data:/mnt/expand:/data/user/0/com.xingin.xhs
06-16 13:50:08.257 13443 13443 V GraphicsEnvironment: com.xingin.xhs is not listed in per-application setting
06-16 13:50:08.257 13443 13443 V GraphicsEnvironment: com.xingin.xhs is not listed in ANGLE allowlist or settings, returning default
06-16 13:50:08.268 13443 13443 D nativeloader: Load /data/app/~~uw83atq9S0Uob0pKidb-KQ==/com.xingin.xhs-u9toNGY3ET8WrPaqaHC5Zg==/lib/arm64/libsentry-record.so using class loader ns clns-7 (caller=/data/app/~~uw83atq9S0Uob0pKidb-KQ==/com.xingin.xhs-u9toNGY3ET8WrPaqaHC5Zg==/base.apk!classes9.dex): ok
06-16 13:50:08.268 13443 13443 I sentry_hook_tag: sentry_crash_record nativeInit /data/user/0/com.xingin.xhs/files/sentry-record/, 9.1.0, 9010803
06-16 13:50:08.268 13443 13443 D nativeloader: Load /data/app/~~uw83atq9S0Uob0pKidb-KQ==/com.xingin.xhs-u9toNGY3ET8WrPaqaHC5Zg==/lib/arm64/libbytehook.so using class loader ns clns-7 (caller=/data/app/~~uw83atq9S0Uob0pKidb-KQ==/com.xingin.xhs-u9toNGY3ET8WrPaqaHC5Zg==/base.apk): ok
06-16 13:50:08.268 13443 13443 D nativeloader: Load /data/app/~~uw83atq9S0Uob0pKidb-KQ==/com.xingin.xhs-u9toNGY3ET8WrPaqaHC5Zg==/lib/arm64/libsentry-hook.so using class loader ns clns-7 (caller=/data/app/~~uw83atq9S0Uob0pKidb-KQ==/com.xingin.xhs-u9toNGY3ET8WrPaqaHC5Zg==/base.apk!classes9.dex): ok
06-16 13:50:08.269 13443 13443 I sentry_hook_tag: >>>>> hooked. stub: 7dd0ce8670, status: 0, caller_path_name: /data/app/~~uw83atq9S0Uob0pKidb-KQ==/com.xingin.xhs-u9toNGY3ET8WrPaqaHC5Zg==/lib/arm64/libsentry.so, sym_name: sigaction, new_func: 7c303696b4, prev_func: 7f3298e184, arg: 0
06-16 13:50:08.269 13443 13443 D nativeloader: Load /data/app/~~uw83atq9S0Uob0pKidb-KQ==/com.xingin.xhs-u9toNGY3ET8WrPaqaHC5Zg==/lib/arm64/libsentry.so using class loader ns clns-7 (caller=/data/app/~~uw83atq9S0Uob0pKidb-KQ==/com.xingin.xhs-u9toNGY3ET8WrPaqaHC5Zg==/base.apk!classes9.dex): ok
06-16 13:50:08.269 13443 13443 D nativeloader: Load /data/app/~~uw83atq9S0Uob0pKidb-KQ==/com.xingin.xhs-u9toNGY3ET8WrPaqaHC5Zg==/lib/arm64/libsentry-fd-monitor.so using class loader ns clns-7 (caller=/data/app/~~uw83atq9S0Uob0pKidb-KQ==/com.xingin.xhs-u9toNGY3ET8WrPaqaHC5Zg==/base.apk!classes9.dex): ok
06-16 13:50:08.270 13443 13443 I sentry_hook_tag: >>>> 需要代理  6, new: 0x7fc8d3b5a0, old: 0x7be06640e8, /data/app/~~uw83atq9S0Uob0pKidb-KQ==/com.xingin.xhs-u9toNGY3ET8WrPaqaHC5Zg==/lib/arm64/libsentry.so
06-16 13:50:08.270 13443 13443 I sentry_hook_tag: >>>> [register_signal]--replace sig = 6, path = /data/app/~~uw83atq9S0Uob0pKidb-KQ==/com.xingin.xhs-u9toNGY3ET8WrPaqaHC5Zg==/lib/arm64/libsentry.so, new = 0x7fc8d3b5a0
06-16 13:50:08.270 13443 13443 I sentry_hook_tag: >>>> 需要代理  7, new: 0x7fc8d3b5a0, old: 0x7be0664110, /data/app/~~uw83atq9S0Uob0pKidb-KQ==/com.xingin.xhs-u9toNGY3ET8WrPaqaHC5Zg==/lib/arm64/libsentry.so
06-16 13:50:08.270 13443 13443 I sentry_hook_tag: >>>> [register_signal]--replace sig = 7, path = /data/app/~~uw83atq9S0Uob0pKidb-KQ==/com.xingin.xhs-u9toNGY3ET8WrPaqaHC5Zg==/lib/arm64/libsentry.so, new = 0x7fc8d3b5a0
06-16 13:50:08.270 13443 13443 I sentry_hook_tag: >>>> 需要代理  8, new: 0x7fc8d3b5a0, old: 0x7be0664138, /data/app/~~uw83atq9S0Uob0pKidb-KQ==/com.xingin.xhs-u9toNGY3ET8WrPaqaHC5Zg==/lib/arm64/libsentry.so
06-16 13:50:08.270 13443 13443 I sentry_hook_tag: >>>> [register_signal]--replace sig = 8, path = /data/app/~~uw83atq9S0Uob0pKidb-KQ==/com.xingin.xhs-u9toNGY3ET8WrPaqaHC5Zg==/lib/arm64/libsentry.so, new = 0x7fc8d3b5a0
06-16 13:50:08.270 13443 13443 I sentry_hook_tag: >>>> 需要代理  4, new: 0x7fc8d3b5a0, old: 0x7be0664160, /data/app/~~uw83atq9S0Uob0pKidb-KQ==/com.xingin.xhs-u9toNGY3ET8WrPaqaHC5Zg==/lib/arm64/libsentry.so
06-16 13:50:08.270 13443 13443 I sentry_hook_tag: >>>> [register_signal]--replace sig = 4, path = /data/app/~~uw83atq9S0Uob0pKidb-KQ==/com.xingin.xhs-u9toNGY3ET8WrPaqaHC5Zg==/lib/arm64/libsentry.so, new = 0x7fc8d3b5a0
06-16 13:50:08.270 13443 13443 I sentry_hook_tag: >>>> 需要代理  11, new: 0x7fc8d3b5a0, old: 0x7be0664188, /data/app/~~uw83atq9S0Uob0pKidb-KQ==/com.xingin.xhs-u9toNGY3ET8WrPaqaHC5Zg==/lib/arm64/libsentry.so
06-16 13:50:08.270 13443 13443 I sentry_hook_tag: >>>> [register_signal]--replace sig = 11, path = /data/app/~~uw83atq9S0Uob0pKidb-KQ==/com.xingin.xhs-u9toNGY3ET8WrPaqaHC5Zg==/lib/arm64/libsentry.so, new = 0x7fc8d3b5a0
06-16 13:50:08.270 13443 13443 I sentry_hook_tag: >>>> 需要代理  5, new: 0x7fc8d3b5a0, old: 0x7be06641b0, /data/app/~~uw83atq9S0Uob0pKidb-KQ==/com.xingin.xhs-u9toNGY3ET8WrPaqaHC5Zg==/lib/arm64/libsentry.so
06-16 13:50:08.270 13443 13443 I sentry_hook_tag: >>>> [register_signal]--replace sig = 5, path = /data/app/~~uw83atq9S0Uob0pKidb-KQ==/com.xingin.xhs-u9toNGY3ET8WrPaqaHC5Zg==/lib/arm64/libsentry.so, new = 0x7fc8d3b5a0
06-16 13:50:08.270 13443 13443 I sentry_hook_tag: >>>> 不处理  31, new: 0x7fc8d3b5a0, old: 0x7be06641d8, /data/app/~~uw83atq9S0Uob0pKidb-KQ==/com.xingin.xhs-u9toNGY3ET8WrPaqaHC5Zg==/lib/arm64/libsentry.so
06-16 13:50:08.270 13443 13443 I sentry_hook_tag: >>>> 不处理  16, new: 0x7fc8d3b5a0, old: 0x7be0664200, /data/app/~~uw83atq9S0Uob0pKidb-KQ==/com.xingin.xhs-u9toNGY3ET8WrPaqaHC5Zg==/lib/arm64/libsentry.so
06-16 13:50:08.270 13443 13443 I sentry_hook_tag: >>>> 需要代理  3, new: 0x7fc8d3b570, old: 0x7be0665738, /data/app/~~uw83atq9S0Uob0pKidb-KQ==/com.xingin.xhs-u9toNGY3ET8WrPaqaHC5Zg==/lib/arm64/libsentry.so
06-16 13:50:08.270 13443 13443 I sentry_hook_tag: >>>> [register_signal_anr]--replace sig = 3, path = /data/app/~~uw83atq9S0Uob0pKidb-KQ==/com.xingin.xhs-u9toNGY3ET8WrPaqaHC5Zg==/lib/arm64/libsentry.so, new = 0x7fc8d3b570
06-16 13:50:08.275 13443 13466 W com.xingin.xhs: Unsupported class loader: java.lang.Class<org.lsposed.hiddenapibypass.a>
06-16 13:50:08.277 13443 13443 D nativeloader: Load /data/app/~~uw83atq9S0Uob0pKidb-KQ==/com.xingin.xhs-u9toNGY3ET8WrPaqaHC5Zg==/lib/arm64/libmmkv2.so using class loader ns clns-7 (caller=/data/app/~~uw83atq9S0Uob0pKidb-KQ==/com.xingin.xhs-u9toNGY3ET8WrPaqaHC5Zg==/base.apk!classes9.dex): ok
06-16 13:50:08.277 13443 13443 I MMKV    : <MMKV.cpp:226::initializeMMKV> root dir: /data/user/0/com.xingin.xhs/files/mmkv
06-16 13:50:08.279 13443 13477 D nativeloader: Load /data/app/~~uw83atq9S0Uob0pKidb-KQ==/com.xingin.xhs-u9toNGY3ET8WrPaqaHC5Zg==/lib/arm64/libnetdiagnose.so using class loader ns clns-7 (caller=/data/app/~~uw83atq9S0Uob0pKidb-KQ==/com.xingin.xhs-u9toNGY3ET8WrPaqaHC5Zg==/base.apk!classes9.dex): ok
06-16 13:50:08.279 13443 13477 D nativeloader: Load /data/app/~~uw83atq9S0Uob0pKidb-KQ==/com.xingin.xhs-u9toNGY3ET8WrPaqaHC5Zg==/lib/arm64/libxyhttpdns.so using class loader ns clns-7 (caller=/data/app/~~uw83atq9S0Uob0pKidb-KQ==/com.xingin.xhs-u9toNGY3ET8WrPaqaHC5Zg==/base.apk!classes9.dex): ok
06-16 13:50:08.281 13443 13443 D nativeloader: Load /data/app/~~uw83atq9S0Uob0pKidb-KQ==/com.xingin.xhs-u9toNGY3ET8WrPaqaHC5Zg==/lib/arm64/libsecurebase.so using class loader ns clns-7 (caller=/data/app/~~uw83atq9S0Uob0pKidb-KQ==/com.xingin.xhs-u9toNGY3ET8WrPaqaHC5Zg==/base.apk!classes9.dex): ok
06-16 13:50:08.288 13443 13466 W com.xingin.xhs: Unsupported class loader: java.lang.Class<org.lsposed.hiddenapibypass.a>
06-16 13:50:08.289 13443 13466 W com.xingin.xhs: Unsupported class loader: java.lang.Class<org.lsposed.hiddenapibypass.a>
06-16 13:50:08.289 13443 13443 D nativeloader: Load /data/app/~~uw83atq9S0Uob0pKidb-KQ==/com.xingin.xhs-u9toNGY3ET8WrPaqaHC5Zg==/lib/arm64/libxy_experiment.so using class loader ns clns-7 (caller=/data/app/~~uw83atq9S0Uob0pKidb-KQ==/com.xingin.xhs-u9toNGY3ET8WrPaqaHC5Zg==/base.apk!classes9.dex): ok
06-16 13:50:08.291 13443 13443 D nativeloader: Load /data/app/~~uw83atq9S0Uob0pKidb-KQ==/com.xingin.xhs-u9toNGY3ET8WrPaqaHC5Zg==/lib/arm64/libxy_configcenter.so using class loader ns clns-7 (caller=/data/app/~~uw83atq9S0Uob0pKidb-KQ==/com.xingin.xhs-u9toNGY3ET8WrPaqaHC5Zg==/base.apk!classes9.dex): ok
06-16 13:50:08.294 13443 13482 D nativeloader: Load /data/app/~~uw83atq9S0Uob0pKidb-KQ==/com.xingin.xhs-u9toNGY3ET8WrPaqaHC5Zg==/lib/arm64/libxylog.so using class loader ns clns-7 (caller=/data/app/~~uw83atq9S0Uob0pKidb-KQ==/com.xingin.xhs-u9toNGY3ET8WrPaqaHC5Zg==/base.apk!classes9.dex): ok
06-16 13:50:08.302 13443 13476 D nativeloader: Load /data/app/~~uw83atq9S0Uob0pKidb-KQ==/com.xingin.xhs-u9toNGY3ET8WrPaqaHC5Zg==/lib/arm64/libxyasf.so using class loader ns clns-7 (caller=/data/app/~~uw83atq9S0Uob0pKidb-KQ==/com.xingin.xhs-u9toNGY3ET8WrPaqaHC5Zg==/base.apk!classes9.dex): ok
06-16 13:50:08.303 13443 13443 D nativeloader: Load /data/app/~~uw83atq9S0Uob0pKidb-KQ==/com.xingin.xhs-u9toNGY3ET8WrPaqaHC5Zg==/lib/arm64/libxyass.so using class loader ns clns-7 (caller=/data/app/~~uw83atq9S0Uob0pKidb-KQ==/com.xingin.xhs-u9toNGY3ET8WrPaqaHC5Zg==/base.apk!classes9.dex): ok
06-16 13:50:08.305 13443 13443 D nativeloader: Load /data/app/~~uw83atq9S0Uob0pKidb-KQ==/com.xingin.xhs-u9toNGY3ET8WrPaqaHC5Zg==/lib/arm64/libtiny.so using class loader ns clns-7 (caller=/data/app/~~uw83atq9S0Uob0pKidb-KQ==/com.xingin.xhs-u9toNGY3ET8WrPaqaHC5Zg==/base.apk!classes9.dex): ok
06-16 13:50:08.306 13443 13443 W com.xingin.xhs: Opening an oat file without a class loader. Are you using the deprecated DexFile APIs?
06-16 13:50:08.306 13443 13443 W com.xingin.xhs: hiddenapi: DexFile /data/user/0/com.xingin.xhs/app_cache/c4d121c215evx1s51d.dex is in boot class path but is not in a known location
06-16 13:50:08.337  1101  1307 W TelephonyPermissions: reportAccessDeniedToReadIdentifiers:com.xingin.xhs:getImeiForSlot:1
06-16 13:50:08.338  1101  1307 W TelephonyPermissions: reportAccessDeniedToReadIdentifiers:com.xingin.xhs:getSubscriberIdForSubscriber:1
06-16 13:50:08.339  1101  1307 W TelephonyPermissions: reportAccessDeniedToReadIdentifiers:com.xingin.xhs:getIccSerialNumber:1
06-16 13:50:08.340 13443 13503 W com.xingin.xhs: hiddenapi: Core platform API violation: Ljava/lang/System;->props:Ljava/util/Properties; (runtime_flags=0, domain=core-platform, api=max-target-o) from La; (domain=platform) using reflection
06-16 13:50:08.336 13443 13443 W Thread-3503: type=1400 audit(0.0:6979): avc:  denied  { search } for  name="net" dev="sysfs" ino=2966 scontext=u:r:untrusted_app:s0:c150,c256,c512,c768 tcontext=u:object_r:sysfs_net:s0 tclass=dir permissive=0 app=com.xingin.xhs
06-16 13:50:08.340 13443 13443 W Thread-7: type=1400 audit(0.0:6980): avc:  denied  { getattr } for  path="/init" dev="dm-0" ino=25 scontext=u:r:untrusted_app:s0:c150,c256,c512,c768 tcontext=u:object_r:init_exec:s0 tclass=lnk_file permissive=0 app=com.xingin.xhs
06-16 13:50:08.346   611  4250 D ConnectivityService: requestNetwork for uid/pid:10150/13443 activeRequest: null callbackRequest: 171 [NetworkRequest [ REQUEST id=172, [ Capabilities: INTERNET&NOT_RESTRICTED&TRUSTED&NOT_VCN_MANAGED&NOT_BANDWIDTH_CONSTRAINED Uid: 10150 RequestorUid: 10150 RequestorPkg: com.xingin.xhs UnderlyingNetworks: Null] ]] callback flags: 0 order: 2147483647 isUidTracked: false declaredMethods: AVAIL|LOSING|LOST|UNAVAIL|NC|LP
06-16 13:50:08.347   611   870 D WifiNetworkFactory: got request NetworkRequest [ REQUEST id=172, [ Capabilities: INTERNET&NOT_RESTRICTED&TRUSTED&NOT_VCN_MANAGED&NOT_BANDWIDTH_CONSTRAINED Uid: 10150 RequestorUid: 10150 RequestorPkg: com.xingin.xhs UnderlyingNetworks: Null] ]
06-16 13:50:08.347   611   870 D UntrustedWifiNetworkFactory: got request NetworkRequest [ REQUEST id=172, [ Capabilities: INTERNET&NOT_RESTRICTED&TRUSTED&NOT_VCN_MANAGED&NOT_BANDWIDTH_CONSTRAINED Uid: 10150 RequestorUid: 10150 RequestorPkg: com.xingin.xhs UnderlyingNetworks: Null] ]
06-16 13:50:08.347   611   870 D OemPaidWifiNetworkFactory: got request NetworkRequest [ REQUEST id=172, [ Capabilities: INTERNET&NOT_RESTRICTED&TRUSTED&NOT_VCN_MANAGED&NOT_BANDWIDTH_CONSTRAINED Uid: 10150 RequestorUid: 10150 RequestorPkg: com.xingin.xhs UnderlyingNetworks: Null] ]
06-16 13:50:08.347   611   870 D MultiInternetWifiNetworkFactory: got request NetworkRequest [ REQUEST id=172, [ Capabilities: INTERNET&NOT_RESTRICTED&TRUSTED&NOT_VCN_MANAGED&NOT_BANDWIDTH_CONSTRAINED Uid: 10150 RequestorUid: 10150 RequestorPkg: com.xingin.xhs UnderlyingNetworks: Null] ]
06-16 13:50:08.347   611  4250 D ConnectivityService: requestNetwork for uid/pid:10150/13443 activeRequest: null callbackRequest: 173 [NetworkRequest [ REQUEST id=174, [ Capabilities: INTERNET&NOT_RESTRICTED&TRUSTED&NOT_VCN_MANAGED&NOT_BANDWIDTH_CONSTRAINED Uid: 10150 RequestorUid: 10150 RequestorPkg: com.xingin.xhs UnderlyingNetworks: Null] ]] callback flags: 0 order: 2147483647 isUidTracked: false declaredMethods: AVAIL|LOST
06-16 13:50:08.348   611   870 D WifiNetworkFactory: got request NetworkRequest [ REQUEST id=174, [ Capabilities: INTERNET&NOT_RESTRICTED&TRUSTED&NOT_VCN_MANAGED&NOT_BANDWIDTH_CONSTRAINED Uid: 10150 RequestorUid: 10150 RequestorPkg: com.xingin.xhs UnderlyingNetworks: Null] ]
06-16 13:50:08.349   611   870 D UntrustedWifiNetworkFactory: got request NetworkRequest [ REQUEST id=174, [ Capabilities: INTERNET&NOT_RESTRICTED&TRUSTED&NOT_VCN_MANAGED&NOT_BANDWIDTH_CONSTRAINED Uid: 10150 RequestorUid: 10150 RequestorPkg: com.xingin.xhs UnderlyingNetworks: Null] ]
06-16 13:50:08.349   611   870 D OemPaidWifiNetworkFactory: got request NetworkRequest [ REQUEST id=174, [ Capabilities: INTERNET&NOT_RESTRICTED&TRUSTED&NOT_VCN_MANAGED&NOT_BANDWIDTH_CONSTRAINED Uid: 10150 RequestorUid: 10150 RequestorPkg: com.xingin.xhs UnderlyingNetworks: Null] ]
06-16 13:50:08.349   611   870 D MultiInternetWifiNetworkFactory: got request NetworkRequest [ REQUEST id=174, [ Capabilities: INTERNET&NOT_RESTRICTED&TRUSTED&NOT_VCN_MANAGED&NOT_BANDWIDTH_CONSTRAINED Uid: 10150 RequestorUid: 10150 RequestorPkg: com.xingin.xhs UnderlyingNetworks: Null] ]
06-16 13:50:08.358 13443 13443 W com.xingin.xhs: Unsupported class loader: java.lang.Class<com.xingin.petal.core.load.SplitDelegateClassloader2>
06-16 13:50:08.365 13443 13443 D nativeloader: Load /data/app/~~uw83atq9S0Uob0pKidb-KQ==/com.xingin.xhs-u9toNGY3ET8WrPaqaHC5Zg==/lib/arm64/libreddb.so using class loader ns clns-7 (caller=/data/app/~~uw83atq9S0Uob0pKidb-KQ==/com.xingin.xhs-u9toNGY3ET8WrPaqaHC5Zg==/base.apk!classes9.dex): ok
06-16 13:50:08.369 13443 13541 D nativeloader: Load /data/app/~~uw83atq9S0Uob0pKidb-KQ==/com.xingin.xhs-u9toNGY3ET8WrPaqaHC5Zg==/lib/arm64/libopen_hook.so using class loader ns clns-7 (caller=/data/app/~~uw83atq9S0Uob0pKidb-KQ==/com.xingin.xhs-u9toNGY3ET8WrPaqaHC5Zg==/base.apk!classes9.dex): ok
06-16 13:50:08.369 13443 13541 I XhsDiskManager: setUsageRateCommonInfo,  xhs_disk_externalBasePath = /storage/emulated/0/Android/data/com.xingin.xhs,  xhs_disk_internalBasePath = /data/user/0/com.xingin.xhs
06-16 13:50:08.369 13443 13541 I XhsDiskManager: doInit(), xhs_disk_internalBasePath2 = /data/data/com.xingin.xhs
06-16 13:50:08.369 13443 13541 I XhsDiskManager: doInit(), packageName = com.xingin.xhs, packageNameWithSplash = /com.xingin.xhs/
06-16 13:50:08.373 13443 13549 D nativeloader: Load /data/app/~~uw83atq9S0Uob0pKidb-KQ==/com.xingin.xhs-u9toNGY3ET8WrPaqaHC5Zg==/lib/arm64/libc++_shared.so using class loader ns clns-7 (caller=/data/app/~~uw83atq9S0Uob0pKidb-KQ==/com.xingin.xhs-u9toNGY3ET8WrPaqaHC5Zg==/base.apk!classes9.dex): ok
06-16 13:50:08.373 13443 13541 I filehook: >>>>> hooked. stub: 7dd0cdcfa0, status: 0, caller_path_name: /data/app/~~uw83atq9S0Uob0pKidb-KQ==/com.xingin.xhs-u9toNGY3ET8WrPaqaHC5Zg==/lib/arm64/libmmkv2.so, sym_name: open, new_func: 7b3865f068, prev_func: 7f09715ff0, arg: 0
06-16 13:50:08.373 13443 13549 W System  : Attempt to load writable file: /data/user/0/com.xingin.xhs/app_jniLibs/arm64-v8a/redffmpeg/E1C12F452888053EB7DDF6CF6068AEDB. This will throw on a future Android version
06-16 13:50:08.377 13443 13552 V fb-UnpackingSoSource: locked dso store /data/user/0/com.xingin.xhs/lib-main
06-16 13:50:08.378 13443 13549 D nativeloader: Load /data/user/0/com.xingin.xhs/app_jniLibs/arm64-v8a/redffmpeg/E1C12F452888053EB7DDF6CF6068AEDB using class loader ns clns-7 (caller=/data/app/~~uw83atq9S0Uob0pKidb-KQ==/com.xingin.xhs-u9toNGY3ET8WrPaqaHC5Zg==/base.apk!classes4.dex): ok
06-16 13:50:08.378 13443 13552 I fb-UnpackingSoSource: dso store is up-to-date: /data/user/0/com.xingin.xhs/lib-main
06-16 13:50:08.378 13443 13541 I filehook: >>>>> hooked. stub: 7dd0cdcfa0, status: 0, caller_path_name: /data/app/~~uw83atq9S0Uob0pKidb-KQ==/com.xingin.xhs-u9toNGY3ET8WrPaqaHC5Zg==/lib/arm64/libopen_hook.so, sym_name: open, new_func: 7b3865f068, prev_func: 7f09715ff0, arg: 0
06-16 13:50:08.378 13443 13552 V fb-UnpackingSoSource: releasing dso store lock for /data/user/0/com.xingin.xhs/lib-main
06-16 13:50:08.379 13443 13541 I filehook: >>>>> hooked. stub: 7dd0cdcfa0, status: 0, caller_path_name: /data/app/~~uw83atq9S0Uob0pKidb-KQ==/com.xingin.xhs-u9toNGY3ET8WrPaqaHC5Zg==/lib/arm64/libreddb.so, sym_name: open, new_func: 7b3865f068, prev_func: 7f09715ff0, arg: 0
06-16 13:50:08.379 13443 13541 I filehook: >>>>> hooked. stub: 7dd0cdcfa0, status: 0, caller_path_name: /data/app/~~uw83atq9S0Uob0pKidb-KQ==/com.xingin.xhs-u9toNGY3ET8WrPaqaHC5Zg==/lib/arm64/libsentry.so, sym_name: open, new_func: 7b3865f068, prev_func: 7f09715ff0, arg: 0
06-16 13:50:08.380 13443 13555 D nativeloader: Load /data/app/~~uw83atq9S0Uob0pKidb-KQ==/com.xingin.xhs-u9toNGY3ET8WrPaqaHC5Zg==/lib/arm64/libxyheif.so using class loader ns clns-7 (caller=/data/app/~~uw83atq9S0Uob0pKidb-KQ==/com.xingin.xhs-u9toNGY3ET8WrPaqaHC5Zg==/base.apk!classes9.dex): ok
06-16 13:50:08.381 13443 13556 D nativeloader: Load /data/app/~~uw83atq9S0Uob0pKidb-KQ==/com.xingin.xhs-u9toNGY3ET8WrPaqaHC5Zg==/lib/arm64/libtuner.so using class loader ns clns-7 (caller=/data/app/~~uw83atq9S0Uob0pKidb-KQ==/com.xingin.xhs-u9toNGY3ET8WrPaqaHC5Zg==/base.apk!classes9.dex): ok
06-16 13:50:08.381 13443 13541 I filehook: >>>>> hooked. stub: 7dd0cdcfa0, status: 0, caller_path_name: /data/app/~~uw83atq9S0Uob0pKidb-KQ==/com.xingin.xhs-u9toNGY3ET8WrPaqaHC5Zg==/lib/arm64/libtiny.so, sym_name: open, new_func: 7b3865f068, prev_func: 7f09715ff0, arg: 0
06-16 13:50:08.381 13443 13541 I filehook: >>>>> hooked. stub: 7dd0cdcfa0, status: 0, caller_path_name: /data/app/~~uw83atq9S0Uob0pKidb-KQ==/com.xingin.xhs-u9toNGY3ET8WrPaqaHC5Zg==/lib/arm64/libxylog.so, sym_name: open, new_func: 7b3865f068, prev_func: 7f09715ff0, arg: 0
06-16 13:50:08.387 13443 13549 I filehook: >>>>> hooked. stub: 7dd0cdcfa0, status: 0, caller_path_name: /data/app/~~uw83atq9S0Uob0pKidb-KQ==/com.xingin.xhs-u9toNGY3ET8WrPaqaHC5Zg==/lib/arm64/libreddownload.so, sym_name: open, new_func: 7b3865f068, prev_func: 7f09715ff0, arg: 0
06-16 13:50:08.388 13443 13549 D nativeloader: Load /data/app/~~uw83atq9S0Uob0pKidb-KQ==/com.xingin.xhs-u9toNGY3ET8WrPaqaHC5Zg==/lib/arm64/libredpreload.so using class loader ns clns-7 (caller=/data/app/~~uw83atq9S0Uob0pKidb-KQ==/com.xingin.xhs-u9toNGY3ET8WrPaqaHC5Zg==/base.apk!classes9.dex): ok
06-16 13:50:08.389 13443 13549 D nativeloader: Load /data/app/~~uw83atq9S0Uob0pKidb-KQ==/com.xingin.xhs-u9toNGY3ET8WrPaqaHC5Zg==/lib/arm64/libplayertools.so using class loader ns clns-7 (caller=/data/app/~~uw83atq9S0Uob0pKidb-KQ==/com.xingin.xhs-u9toNGY3ET8WrPaqaHC5Zg==/base.apk!classes9.dex): ok
06-16 13:50:08.389 13443 13573 I filehook: >>>>> hooked. stub: 7dd0cdcfa0, status: 0, caller_path_name: /data/app/~~uw83atq9S0Uob0pKidb-KQ==/com.xingin.xhs-u9toNGY3ET8WrPaqaHC5Zg==/lib/arm64/libmarsxlog.so, sym_name: open, new_func: 7b3865f068, prev_func: 7f09715ff0, arg: 0
06-16 13:50:08.389 13443 13573 D nativeloader: Load /data/app/~~uw83atq9S0Uob0pKidb-KQ==/com.xingin.xhs-u9toNGY3ET8WrPaqaHC5Zg==/lib/arm64/libmarsxlog.so using class loader ns clns-7 (caller=/data/app/~~uw83atq9S0Uob0pKidb-KQ==/com.xingin.xhs-u9toNGY3ET8WrPaqaHC5Zg==/base.apk!classes9.dex): ok
06-16 13:50:08.416 13443 13575 I filehook: >>>>> hooked. stub: 7dd0cdcfa0, status: 19, caller_path_name: /data/app/~~uw83atq9S0Uob0pKidb-KQ==/com.xingin.xhs-u9toNGY3ET8WrPaqaHC5Zg==/lib/arm64/libmsaoaidsec.so, sym_name: open, new_func: 7b3865f068, prev_func: 7f09715ff0, arg: 0
06-16 13:50:08.416 13443 13575 D nativeloader: Load /data/app/~~uw83atq9S0Uob0pKidb-KQ==/com.xingin.xhs-u9toNGY3ET8WrPaqaHC5Zg==/lib/arm64/libmsaoaidsec.so using class loader ns clns-7 (caller=/data/app/~~uw83atq9S0Uob0pKidb-KQ==/com.xingin.xhs-u9toNGY3ET8WrPaqaHC5Zg==/base.apk!classes9.dex): ok
06-16 13:50:08.419 13443 13549 D nativeloader: Load /data/app/~~uw83atq9S0Uob0pKidb-KQ==/com.xingin.xhs-u9toNGY3ET8WrPaqaHC5Zg==/lib/arm64/libredbase.so using class loader ns clns-7 (caller=/data/app/~~uw83atq9S0Uob0pKidb-KQ==/com.xingin.xhs-u9toNGY3ET8WrPaqaHC5Zg==/base.apk!classes9.dex): ok
06-16 13:50:08.420 13443 13555 D nativeloader: Load /data/app/~~uw83atq9S0Uob0pKidb-KQ==/com.xingin.xhs-u9toNGY3ET8WrPaqaHC5Zg==/lib/arm64/libreddownload.so using class loader ns clns-7 (caller=/data/app/~~uw83atq9S0Uob0pKidb-KQ==/com.xingin.xhs-u9toNGY3ET8WrPaqaHC5Zg==/base.apk!classes9.dex): ok
06-16 13:50:08.420 13443 13555 D nativeloader: Load /data/app/~~uw83atq9S0Uob0pKidb-KQ==/com.xingin.xhs-u9toNGY3ET8WrPaqaHC5Zg==/lib/arm64/libredstrategycenter.so using class loader ns clns-7 (caller=/data/app/~~uw83atq9S0Uob0pKidb-KQ==/com.xingin.xhs-u9toNGY3ET8WrPaqaHC5Zg==/base.apk!classes9.dex): ok
06-16 13:50:08.420 13443 13573 W System  : Attempt to load writable file: /data/user/0/com.xingin.xhs/app_jniLibs/arm64-v8a/xhslonglink/0E0B20251B1F86F511983AEE30766DD7. This will throw on a future Android version
06-16 13:50:08.421 13443 13555 W redcache: [netcache] :REDCache - set cache path:/storage/emulated/0/Android/data/com.xingin.xhs/cache/pic/
06-16 13:50:08.421 13443 13555 W redcache: [netcache] :REDCache - Get Directory Files Once, path /storage/emulated/0/Android/data/com.xingin.xhs/cache/pic/
06-16 13:50:08.421 13443 13555 W redcache: [netcache] :REDCache - Get Directory Files Once done, path /storage/emulated/0/Android/data/com.xingin.xhs/cache/pic/
06-16 13:50:08.421 13443 13625 E SQLiteDatabase: Error inserting file_name=104101b831raaanbq0a069nq6rli00000000000ifv4ire.pem reason=0 status=0 total_bytes=0 id=-1829654357 url=https://fe-video-qc.xhscdn.com/fe-platform-file/104101b831raaanbq0a069nq6rli00000000000ifv4ire.pem etag=null dir_path=/storage/emulated/0/Android/data/com.xingin.xhs/files/rescache failed_num=0 downloaded_bytes=0 last_modified_at=1781617808421 support_resume=1
06-16 13:50:08.422 13443 13573 D nativeloader: Load /data/user/0/com.xingin.xhs/app_jniLibs/arm64-v8a/xhslonglink/0E0B20251B1F86F511983AEE30766DD7 using class loader ns clns-7 (caller=/data/app/~~uw83atq9S0Uob0pKidb-KQ==/com.xingin.xhs-u9toNGY3ET8WrPaqaHC5Zg==/base.apk!classes4.dex): ok
06-16 13:50:08.423 13443 13549 D nativeloader: Load /data/app/~~uw83atq9S0Uob0pKidb-KQ==/com.xingin.xhs-u9toNGY3ET8WrPaqaHC5Zg==/lib/arm64/libopensource.so using class loader ns clns-7 (caller=/data/app/~~uw83atq9S0Uob0pKidb-KQ==/com.xingin.xhs-u9toNGY3ET8WrPaqaHC5Zg==/base.apk!classes9.dex): ok
06-16 13:50:08.425 13443 13549 D nativeloader: Load /data/app/~~uw83atq9S0Uob0pKidb-KQ==/com.xingin.xhs-u9toNGY3ET8WrPaqaHC5Zg==/lib/arm64/libopenrender.so using class loader ns clns-7 (caller=/data/app/~~uw83atq9S0Uob0pKidb-KQ==/com.xingin.xhs-u9toNGY3ET8WrPaqaHC5Zg==/base.apk!classes9.dex): ok
06-16 13:50:08.425 13443 13549 D nativeloader: Load /data/app/~~uw83atq9S0Uob0pKidb-KQ==/com.xingin.xhs-u9toNGY3ET8WrPaqaHC5Zg==/lib/arm64/libopendecoder.so using class loader ns clns-7 (caller=/data/app/~~uw83atq9S0Uob0pKidb-KQ==/com.xingin.xhs-u9toNGY3ET8WrPaqaHC5Zg==/base.apk!classes9.dex): ok
06-16 13:50:08.427 13443 13549 D nativeloader: Load /data/app/~~uw83atq9S0Uob0pKidb-KQ==/com.xingin.xhs-u9toNGY3ET8WrPaqaHC5Zg==/lib/arm64/libredplayer.so using class loader ns clns-7 (caller=/data/app/~~uw83atq9S0Uob0pKidb-KQ==/com.xingin.xhs-u9toNGY3ET8WrPaqaHC5Zg==/base.apk!classes9.dex): ok
06-16 13:50:08.428   611  3515 D ConnectivityService: requestNetwork for uid/pid:10150/13443 activeRequest: null callbackRequest: 178 [NetworkRequest [ REQUEST id=178, [ Transports: CELLULAR|WIFI|BLUETOOTH|ETHERNET|VPN|WIFI_AWARE|LOWPAN Capabilities: NOT_RESTRICTED&TRUSTED&NOT_VPN&NOT_VCN_MANAGED&NOT_BANDWIDTH_CONSTRAINED Forbidden: LOCAL_NETWORK Uid: 10150 RequestorUid: 10150 RequestorPkg: com.xingin.xhs UnderlyingNetworks: Null] ]] callback flags: 0 order: 2147483647 isUidTracked: false declaredMethods: AVAIL|LOST
06-16 13:50:08.428   611   870 D WifiNetworkFactory: got request NetworkRequest [ REQUEST id=178, [ Transports: CELLULAR|WIFI|BLUETOOTH|ETHERNET|VPN|WIFI_AWARE|LOWPAN Capabilities: NOT_RESTRICTED&TRUSTED&NOT_VPN&NOT_VCN_MANAGED&NOT_BANDWIDTH_CONSTRAINED Forbidden: LOCAL_NETWORK Uid: 10150 RequestorUid: 10150 RequestorPkg: com.xingin.xhs UnderlyingNetworks: Null] ]
06-16 13:50:08.428   611   870 D UntrustedWifiNetworkFactory: got request NetworkRequest [ REQUEST id=178, [ Transports: CELLULAR|WIFI|BLUETOOTH|ETHERNET|VPN|WIFI_AWARE|LOWPAN Capabilities: NOT_RESTRICTED&TRUSTED&NOT_VPN&NOT_VCN_MANAGED&NOT_BANDWIDTH_CONSTRAINED Forbidden: LOCAL_NETWORK Uid: 10150 RequestorUid: 10150 RequestorPkg: com.xingin.xhs UnderlyingNetworks: Null] ]
06-16 13:50:08.428   611   870 D OemPaidWifiNetworkFactory: got request NetworkRequest [ REQUEST id=178, [ Transports: CELLULAR|WIFI|BLUETOOTH|ETHERNET|VPN|WIFI_AWARE|LOWPAN Capabilities: NOT_RESTRICTED&TRUSTED&NOT_VPN&NOT_VCN_MANAGED&NOT_BANDWIDTH_CONSTRAINED Forbidden: LOCAL_NETWORK Uid: 10150 RequestorUid: 10150 RequestorPkg: com.xingin.xhs UnderlyingNetworks: Null] ]
06-16 13:50:08.428   611   870 D MultiInternetWifiNetworkFactory: got request NetworkRequest [ REQUEST id=178, [ Transports: CELLULAR|WIFI|BLUETOOTH|ETHERNET|VPN|WIFI_AWARE|LOWPAN Capabilities: NOT_RESTRICTED&TRUSTED&NOT_VPN&NOT_VCN_MANAGED&NOT_BANDWIDTH_CONSTRAINED Forbidden: LOCAL_NETWORK Uid: 10150 RequestorUid: 10150 RequestorPkg: com.xingin.xhs UnderlyingNetworks: Null] ]
06-16 13:50:08.430 13443 13541 I filehook: >>>>> hooked. stub: 7dd0d02bc0, status: 0, caller_path_name: /data/app/~~uw83atq9S0Uob0pKidb-KQ==/com.xingin.xhs-u9toNGY3ET8WrPaqaHC5Zg==/lib/arm64/libc++_shared.so, sym_name: __open_2, new_func: 7b3865f150, prev_func: 7f09716238, arg: 0
06-16 13:50:08.430 13443 13541 I filehook: >>>>> hooked. stub: 7dd0d02bc0, status: 0, caller_path_name: /data/app/~~uw83atq9S0Uob0pKidb-KQ==/com.xingin.xhs-u9toNGY3ET8WrPaqaHC5Zg==/lib/arm64/libmarsxlog.so, sym_name: __open_2, new_func: 7b3865f150, prev_func: 7f09716238, arg: 0
06-16 13:50:08.430 13443 13541 I filehook: >>>>> hooked. stub: 7dd0d02bc0, status: 0, caller_path_name: /data/app/~~uw83atq9S0Uob0pKidb-KQ==/com.xingin.xhs-u9toNGY3ET8WrPaqaHC5Zg==/lib/arm64/libmmkv2.so, sym_name: __open_2, new_func: 7b3865f150, prev_func: 7f09716238, arg: 0
06-16 13:50:08.430 13443 13541 I filehook: >>>>> hooked. stub: 7dd0d02bc0, status: 0, caller_path_name: /data/app/~~uw83atq9S0Uob0pKidb-KQ==/com.xingin.xhs-u9toNGY3ET8WrPaqaHC5Zg==/lib/arm64/libsentry-fd-monitor.so, sym_name: __open_2, new_func: 7b3865f150, prev_func: 7f09716238, arg: 0
06-16 13:50:08.430 13443 13541 I filehook: >>>>> hooked. stub: 7dd0d02bc0, status: 0, caller_path_name: /data/app/~~uw83atq9S0Uob0pKidb-KQ==/com.xingin.xhs-u9toNGY3ET8WrPaqaHC5Zg==/lib/arm64/libsentry.so, sym_name: __open_2, new_func: 7b3865f150, prev_func: 7f09716238, arg: 0
06-16 13:50:08.430 13443 13541 I filehook: >>>>> hooked. stub: 7dd0d02bc0, status: 0, caller_path_name: /data/app/~~uw83atq9S0Uob0pKidb-KQ==/com.xingin.xhs-u9toNGY3ET8WrPaqaHC5Zg==/lib/arm64/libshadowhook.so, sym_name: __open_2, new_func: 7b3865f150, prev_func: 7f09716238, arg: 0
06-16 13:50:08.431 13443 13541 I filehook: >>>>> hooked. stub: 7dd0d02bc0, status: 0, caller_path_name: /data/app/~~uw83atq9S0Uob0pKidb-KQ==/com.xingin.xhs-u9toNGY3ET8WrPaqaHC5Zg==/lib/arm64/libtiny.so, sym_name: __open_2, new_func: 7b3865f150, prev_func: 7f09716238, arg: 0
06-16 13:50:08.431 13443 13541 I filehook: >>>>> hooked. stub: 7dd0d02bc0, status: 0, caller_path_name: /data/app/~~uw83atq9S0Uob0pKidb-KQ==/com.xingin.xhs-u9toNGY3ET8WrPaqaHC5Zg==/lib/arm64/libtuner.so, sym_name: __open_2, new_func: 7b3865f150, prev_func: 7f09716238, arg: 0
06-16 13:50:08.431 13443 13541 I filehook: >>>>> hooked. stub: 7dd0d02bc0, status: 0, caller_path_name: /data/app/~~uw83atq9S0Uob0pKidb-KQ==/com.xingin.xhs-u9toNGY3ET8WrPaqaHC5Zg==/lib/arm64/libxdl.so, sym_name: __open_2, new_func: 7b3865f150, prev_func: 7f09716238, arg: 0
06-16 13:50:08.433 13443 13541 I filehook: >>>>> hooked. stub: 7dd0d02ce0, status: 0, caller_path_name: /data/app/~~uw83atq9S0Uob0pKidb-KQ==/com.xingin.xhs-u9toNGY3ET8WrPaqaHC5Zg==/lib/arm64/libmarsxlog.so, sym_name: mkdir, new_func: 7b3865f1bc, prev_func: 7f09715424, arg: 0
06-16 13:50:08.433 13443 13541 I filehook: >>>>> hooked. stub: 7dd0d02ce0, status: 0, caller_path_name: /data/app/~~uw83atq9S0Uob0pKidb-KQ==/com.xingin.xhs-u9toNGY3ET8WrPaqaHC5Zg==/lib/arm64/libmmkv2.so, sym_name: mkdir, new_func: 7b3865f1bc, prev_func: 7f09715424, arg: 0
06-16 13:50:08.433 13443 13541 I filehook: >>>>> hooked. stub: 7dd0d02ce0, status: 0, caller_path_name: /data/app/~~uw83atq9S0Uob0pKidb-KQ==/com.xingin.xhs-u9toNGY3ET8WrPaqaHC5Zg==/lib/arm64/libopen_hook.so, sym_name: mkdir, new_func: 7b3865f1bc, prev_func: 7f09715424, arg: 0
06-16 13:50:08.433 13443 13541 I filehook: >>>>> hooked. stub: 7dd0d02ce0, status: 0, caller_path_name: /data/app/~~uw83atq9S0Uob0pKidb-KQ==/com.xingin.xhs-u9toNGY3ET8WrPaqaHC5Zg==/lib/arm64/libreddb.so, sym_name: mkdir, new_func: 7b3865f1bc, prev_func: 7f09715424, arg: 0
06-16 13:50:08.433 13443 13541 I filehook: >>>>> hooked. stub: 7dd0d02ce0, status: 0, caller_path_name: /data/app/~~uw83atq9S0Uob0pKidb-KQ==/com.xingin.xhs-u9toNGY3ET8WrPaqaHC5Zg==/lib/arm64/libreddownload.so, sym_name: mkdir, new_func: 7b3865f1bc, prev_func: 7f09715424, arg: 0
06-16 13:50:08.433 13443 13541 I filehook: >>>>> hooked. stub: 7dd0d02ce0, status: 0, caller_path_name: /data/app/~~uw83atq9S0Uob0pKidb-KQ==/com.xingin.xhs-u9toNGY3ET8WrPaqaHC5Zg==/lib/arm64/libsentry.so, sym_name: mkdir, new_func: 7b3865f1bc, prev_func: 7f09715424, arg: 0
06-16 13:50:08.433 13443 13541 I filehook: >>>>> hooked. stub: 7dd0d02ce0, status: 0, caller_path_name: /data/app/~~uw83atq9S0Uob0pKidb-KQ==/com.xingin.xhs-u9toNGY3ET8WrPaqaHC5Zg==/lib/arm64/libtiny.so, sym_name: mkdir, new_func: 7b3865f1bc, prev_func: 7f09715424, arg: 0
06-16 13:50:08.433 13443 13541 I filehook: >>>>> hooked. stub: 7dd0d02ce0, status: 0, caller_path_name: /data/app/~~uw83atq9S0Uob0pKidb-KQ==/com.xingin.xhs-u9toNGY3ET8WrPaqaHC5Zg==/lib/arm64/libxylog.so, sym_name: mkdir, new_func: 7b3865f1bc, prev_func: 7f09715424, arg: 0
06-16 13:50:08.452 13513 13513 W app_process64: hiddenapi: DexFile /data/user/0/com.xingin.xhs/app_cache/c4d121c215evx1s51d.dex is in boot class path but is not in a known location
06-16 13:50:08.453 13513 13513 D nativeloader: Configuring clns-1 for other apk . target_sdk_version=0, uses_libraries=ALL, library_path=/system/lib64:/data/app/~~uw83atq9S0Uob0pKidb-KQ==/com.xingin.xhs-u9toNGY3ET8WrPaqaHC5Zg==/lib/arm64, permitted_path=/data:/mnt/expand
06-16 13:50:08.454 13513 13513 D nativeloader: Load /data/app/~~uw83atq9S0Uob0pKidb-KQ==/com.xingin.xhs-u9toNGY3ET8WrPaqaHC5Zg==/lib/arm64/libtinyd.so using isolated ns clns-1 (caller=/data/user/0/com.xingin.xhs/app_asserts/fd2x1e4e2x3f1v2b1s.dex): ok
06-16 13:50:08.561 13443 13679 I filehook: >>>>> hooked. stub: 7dd0cdcfa0, status: 19, caller_path_name: /data/app/~~uw83atq9S0Uob0pKidb-KQ==/com.xingin.xhs-u9toNGY3ET8WrPaqaHC5Zg==/lib/arm64/libmsaoaidauth.so, sym_name: open, new_func: 7b3865f068, prev_func: 7f09715ff0, arg: 0
06-16 13:50:08.561 13443 13679 D nativeloader: Load /data/app/~~uw83atq9S0Uob0pKidb-KQ==/com.xingin.xhs-u9toNGY3ET8WrPaqaHC5Zg==/lib/arm64/libmsaoaidauth.so using class loader ns clns-7 (caller=/data/app/~~uw83atq9S0Uob0pKidb-KQ==/com.xingin.xhs-u9toNGY3ET8WrPaqaHC5Zg==/base.apk!classes9.dex): ok
06-16 13:50:08.568   611  4250 E ClipboardService: Denying clipboard access to com.xingin.xhs, application is not in focus nor is it a system service for user 0
06-16 13:50:09.347   611  1769 D BiometricService/PreAuthInfo: Package: com.xingin.xhs Sensor ID: 0 Modality: 2 Status: 7
06-16 13:50:09.422   611  1769 D ConnectivityService: requestNetwork for uid/pid:10150/13443 activeRequest: null callbackRequest: 180 [NetworkRequest [ REQUEST id=181, [ Capabilities: INTERNET&NOT_RESTRICTED&TRUSTED&NOT_VCN_MANAGED&NOT_BANDWIDTH_CONSTRAINED Uid: 10150 RequestorUid: 10150 RequestorPkg: com.xingin.xhs UnderlyingNetworks: Null] ]] callback flags: 0 order: 2147483647 isUidTracked: false declaredMethods: AVAIL|LOST|NC
06-16 13:50:09.424   611   870 D WifiNetworkFactory: got request NetworkRequest [ REQUEST id=181, [ Capabilities: INTERNET&NOT_RESTRICTED&TRUSTED&NOT_VCN_MANAGED&NOT_BANDWIDTH_CONSTRAINED Uid: 10150 RequestorUid: 10150 RequestorPkg: com.xingin.xhs UnderlyingNetworks: Null] ]
06-16 13:50:09.424   611   870 D UntrustedWifiNetworkFactory: got request NetworkRequest [ REQUEST id=181, [ Capabilities: INTERNET&NOT_RESTRICTED&TRUSTED&NOT_VCN_MANAGED&NOT_BANDWIDTH_CONSTRAINED Uid: 10150 RequestorUid: 10150 RequestorPkg: com.xingin.xhs UnderlyingNetworks: Null] ]
06-16 13:50:09.424   611   870 D OemPaidWifiNetworkFactory: got request NetworkRequest [ REQUEST id=181, [ Capabilities: INTERNET&NOT_RESTRICTED&TRUSTED&NOT_VCN_MANAGED&NOT_BANDWIDTH_CONSTRAINED Uid: 10150 RequestorUid: 10150 RequestorPkg: com.xingin.xhs UnderlyingNetworks: Null] ]
06-16 13:50:09.424   611   870 D MultiInternetWifiNetworkFactory: got request NetworkRequest [ REQUEST id=181, [ Capabilities: INTERNET&NOT_RESTRICTED&TRUSTED&NOT_VCN_MANAGED&NOT_BANDWIDTH_CONSTRAINED Uid: 10150 RequestorUid: 10150 RequestorPkg: com.xingin.xhs UnderlyingNetworks: Null] ]
06-16 13:50:09.441 13443 13725 D nativeloader: Load /data/app/~~uw83atq9S0Uob0pKidb-KQ==/com.xingin.xhs-u9toNGY3ET8WrPaqaHC5Zg==/lib/arm64/libmodelprofile.so using class loader ns clns-7 (caller=/data/app/~~uw83atq9S0Uob0pKidb-KQ==/com.xingin.xhs-u9toNGY3ET8WrPaqaHC5Zg==/base.apk!classes9.dex): ok
06-16 13:50:09.449 13443 13722 D nativeloader: Load /data/app/~~uw83atq9S0Uob0pKidb-KQ==/com.xingin.xhs-u9toNGY3ET8WrPaqaHC5Zg==/lib/arm64/libscalpel.so using class loader ns clns-7 (caller=/data/app/~~uw83atq9S0Uob0pKidb-KQ==/com.xingin.xhs-u9toNGY3ET8WrPaqaHC5Zg==/base.apk!classes9.dex): ok
06-16 13:50:09.457 13443 13722 I filehook: >>>>> hooked. stub: 7dd0d02bc0, status: 0, caller_path_name: /data/app/~~uw83atq9S0Uob0pKidb-KQ==/com.xingin.xhs-u9toNGY3ET8WrPaqaHC5Zg==/lib/arm64/libsliver.so, sym_name: __open_2, new_func: 7b3865f150, prev_func: 7f09716238, arg: 0
06-16 13:50:09.457 13443 13722 D nativeloader: Load /data/app/~~uw83atq9S0Uob0pKidb-KQ==/com.xingin.xhs-u9toNGY3ET8WrPaqaHC5Zg==/lib/arm64/libsliver.so using class loader ns clns-7 (caller=/data/app/~~uw83atq9S0Uob0pKidb-KQ==/com.xingin.xhs-u9toNGY3ET8WrPaqaHC5Zg==/base.apk!classes9.dex): ok
06-16 13:50:09.463 13443 13722 I filehook: >>>>> hooked. stub: 7dd0d02bc0, status: 0, caller_path_name: /data/app/~~uw83atq9S0Uob0pKidb-KQ==/com.xingin.xhs-u9toNGY3ET8WrPaqaHC5Zg==/lib/arm64/libxhs_unwind.so, sym_name: __open_2, new_func: 7b3865f150, prev_func: 7f09716238, arg: 0
06-16 13:50:09.463 13443 13722 D nativeloader: Load /data/app/~~uw83atq9S0Uob0pKidb-KQ==/com.xingin.xhs-u9toNGY3ET8WrPaqaHC5Zg==/lib/arm64/libargus.so using class loader ns clns-7 (caller=/data/app/~~uw83atq9S0Uob0pKidb-KQ==/com.xingin.xhs-u9toNGY3ET8WrPaqaHC5Zg==/base.apk!classes9.dex): ok
06-16 13:50:09.463 13443 13722 D nativeloader: Load /data/app/~~uw83atq9S0Uob0pKidb-KQ==/com.xingin.xhs-u9toNGY3ET8WrPaqaHC5Zg==/lib/arm64/libshadowhook.so using class loader ns clns-7 (caller=/data/app/~~uw83atq9S0Uob0pKidb-KQ==/com.xingin.xhs-u9toNGY3ET8WrPaqaHC5Zg==/base.apk!classes9.dex): ok
06-16 13:50:09.467 10450 10450 V XMPush-10450: [Tid:2] [XMPushService] onStart() with intent.Action = null, chid = null, pkg = null|com.xingin.xhs
06-16 13:50:09.467 10450 10450 V XMPush-10450: [Tid:2] [XMPushService] onStart() with intent.Action = com.xiaomi.mipush.CLEAR_NOTIFICATION, chid = null, pkg = com.xingin.xhs|com.xingin.xhs
06-16 13:50:09.471 13443 13510 W System  : Attempt to load writable file: /data/user/0/com.xingin.xhs/app_pcdn_sdk_module/pcdn_sdk_wangxin_885_3_0_34_2/libs/arm64-v8a/libxyvodsdk.so. This will throw on a future Android version
06-16 13:50:09.472 13443 13443 W init_dynamic_do: type=1400 audit(0.0:7009): avc:  granted  { execute } for  path="/data/data/com.xingin.xhs/app_pcdn_sdk_module/pcdn_sdk_wangxin_885_3_0_34_2/libs/arm64-v8a/libxyvodsdk.so" dev="dm-51" ino=1008679 scontext=u:r:untrusted_app:s0:c150,c256,c512,c768 tcontext=u:object_r:app_data_file:s0:c150,c256,c512,c768 tclass=file app=com.xingin.xhs
06-16 13:50:09.479 10450 10450 V XMPush-10450: [Tid:2] [XMPushService] onStart() with intent.Action = com.xiaomi.mipush.REGISTER_APP, chid = null, pkg = null|com.xingin.xhs
06-16 13:50:09.479 10450 10450 V XMPush-10450: [Tid:2] [XMPushService] onStart() with intent.Action = action_cr_config, chid = null, pkg = null|com.xingin.xhs
06-16 13:50:09.481 10450 10495 V XMPush-10450: [Tid:50] pending registration request. com.xingin.xhs
06-16 13:50:09.482 10450 10450 V XMPush-10450: [Tid:2] [XMPushService] onStart() with intent.Action = null, chid = null, pkg = null|com.xingin.xhs
06-16 13:50:09.485 13443 13510 I filehook: >>>>> hooked. stub: 7dd0cdcfa0, status: 0, caller_path_name: /data/data/com.xingin.xhs/app_pcdn_sdk_module/pcdn_sdk_wangxin_885_3_0_34_2/libs/arm64-v8a/libxyvodsdk.so, sym_name: open, new_func: 7b3865f068, prev_func: 7f09715ff0, arg: 0
06-16 13:50:09.485 13443 13510 I filehook: >>>>> hooked. stub: 7dd0d02bc0, status: 0, caller_path_name: /data/data/com.xingin.xhs/app_pcdn_sdk_module/pcdn_sdk_wangxin_885_3_0_34_2/libs/arm64-v8a/libxyvodsdk.so, sym_name: __open_2, new_func: 7b3865f150, prev_func: 7f09716238, arg: 0
06-16 13:50:09.485 13443 13510 I filehook: >>>>> hooked. stub: 7dd0d02ce0, status: 0, caller_path_name: /data/data/com.xingin.xhs/app_pcdn_sdk_module/pcdn_sdk_wangxin_885_3_0_34_2/libs/arm64-v8a/libxyvodsdk.so, sym_name: mkdir, new_func: 7b3865f1bc, prev_func: 7f09715424, arg: 0
06-16 13:50:09.485 13443 13510 D nativeloader: Load /data/user/0/com.xingin.xhs/app_pcdn_sdk_module/pcdn_sdk_wangxin_885_3_0_34_2/libs/arm64-v8a/libxyvodsdk.so using class loader ns clns-7 (caller=/data/app/~~uw83atq9S0Uob0pKidb-KQ==/com.xingin.xhs-u9toNGY3ET8WrPaqaHC5Zg==/base.apk!classes7.dex): ok
06-16 13:50:09.485 13443 13751 W System  : Attempt to load writable file: /data/user/0/com.xingin.xhs/app_js_engine_v8/libj2v8.so. This will throw on a future Android version
06-16 13:50:09.480 13443 13443 W red_v8_1: type=1400 audit(0.0:7010): avc:  granted  { execute } for  path="/data/data/com.xingin.xhs/app_js_engine_v8/libj2v8.so" dev="dm-51" ino=1008641 scontext=u:r:untrusted_app:s0:c150,c256,c512,c768 tcontext=u:object_r:app_data_file:s0:c150,c256,c512,c768 tclass=file app=com.xingin.xhs
06-16 13:50:09.496 13443 13751 D nativeloader: Load /data/user/0/com.xingin.xhs/app_js_engine_v8/libj2v8.so using class loader ns clns-7 (caller=/data/app/~~uw83atq9S0Uob0pKidb-KQ==/com.xingin.xhs-u9toNGY3ET8WrPaqaHC5Zg==/base.apk): ok
06-16 13:50:09.497 13443 13510 W System  : Attempt to load writable file: /data/user/0/com.xingin.xhs/app_pcdn_sdk_module_kuaishou/pcdn_kuaishou_856_356/arm64-v8a/libksp2p.so. This will throw on a future Android version
06-16 13:50:09.497 13443 13725 I filehook: >>>>> hooked. stub: 7dd0cdcfa0, status: 0, caller_path_name: /data/data/com.xingin.xhs/app_js_engine_v8/libj2v8.so, sym_name: open, new_func: 7b3865f068, prev_func: 7f09715ff0, arg: 0
06-16 13:50:09.492 13443 13443 W init_dynamic_do: type=1400 audit(0.0:7011): avc:  granted  { execute } for  path="/data/data/com.xingin.xhs/app_pcdn_sdk_module_kuaishou/pcdn_kuaishou_856_356/arm64-v8a/libksp2p.so" dev="dm-51" ino=1008709 scontext=u:r:untrusted_app:s0:c150,c256,c512,c768 tcontext=u:object_r:app_data_file:s0:c150,c256,c512,c768 tclass=file app=com.xingin.xhs
06-16 13:50:09.499 13443 13510 I filehook: >>>>> hooked. stub: 7dd0cdcfa0, status: 0, caller_path_name: /data/data/com.xingin.xhs/app_pcdn_sdk_module_kuaishou/pcdn_kuaishou_856_356/arm64-v8a/libksp2p.so, sym_name: open, new_func: 7b3865f068, prev_func: 7f09715ff0, arg: 0
06-16 13:50:09.499 13443 13510 I filehook: >>>>> hooked. stub: 7dd0d02bc0, status: 0, caller_path_name: /data/data/com.xingin.xhs/app_pcdn_sdk_module_kuaishou/pcdn_kuaishou_856_356/arm64-v8a/libksp2p.so, sym_name: __open_2, new_func: 7b3865f150, prev_func: 7f09716238, arg: 0
06-16 13:50:09.499 13443 13510 D nativeloader: Load /data/user/0/com.xingin.xhs/app_pcdn_sdk_module_kuaishou/pcdn_kuaishou_856_356/arm64-v8a/libksp2p.so using class loader ns clns-7 (caller=/data/app/~~uw83atq9S0Uob0pKidb-KQ==/com.xingin.xhs-u9toNGY3ET8WrPaqaHC5Zg==/base.apk!classes7.dex): ok
06-16 13:50:09.499 13443 13747 D nativeloader: Load /data/app/~~uw83atq9S0Uob0pKidb-KQ==/com.xingin.xhs-u9toNGY3ET8WrPaqaHC5Zg==/lib/arm64/libxyyoga.so using class loader ns clns-7 (caller=/data/app/~~uw83atq9S0Uob0pKidb-KQ==/com.xingin.xhs-u9toNGY3ET8WrPaqaHC5Zg==/base.apk!classes9.dex): ok
06-16 13:50:09.534 13443 13548 W System.err: 	at com.xingin.xhs.app.ProfileApplication.onAsyncCreateForProfile$lambda-0(SourceFile:3)
06-16 13:50:09.534 13443 13548 W System.err: 	at com.xingin.xhs.app.ProfileApplication.a(Unknown Source:0)
06-16 13:50:09.534 13443 13548 W System.err: 	at com.xingin.xhs.app.ProfileApplication.onAsyncCreateForProfile$lambda-0(SourceFile:3)
06-16 13:50:09.534 13443 13548 W System.err: 	at com.xingin.xhs.app.ProfileApplication.a(Unknown Source:0)
06-16 13:50:09.541 13443 13802 W com.xingin.xhs: Opening an oat file without a class loader. Are you using the deprecated DexFile APIs?
06-16 13:50:09.542 13443 13802 W System  : Attempt to load writable file: /data/user/0/com.xingin.xhs/app_petal/animation_widgets/9010.50.1/nativeLib/X64/libffavc.so. This will throw on a future Android version
06-16 13:50:09.536 13443 13443 W petal_launch2: type=1400 audit(0.0:7012): avc:  granted  { execute } for  path="/data/data/com.xingin.xhs/app_petal/animation_widgets/9010.50.1/nativeLib/X64/libffavc.so" dev="dm-51" ino=1008580 scontext=u:r:untrusted_app:s0:c150,c256,c512,c768 tcontext=u:object_r:app_data_file:s0:c150,c256,c512,c768 tclass=file app=com.xingin.xhs
06-16 13:50:09.543 13443 13802 D nativeloader: Load /data/user/0/com.xingin.xhs/app_petal/animation_widgets/9010.50.1/nativeLib/X64/libffavc.so using class loader ns clns-7 (caller=/data/app/~~uw83atq9S0Uob0pKidb-KQ==/com.xingin.xhs-u9toNGY3ET8WrPaqaHC5Zg==/base.apk!classes7.dex): ok
06-16 13:50:09.543 13443 13802 W System  : Attempt to load writable file: /data/user/0/com.xingin.xhs/app_petal/animation_widgets/9010.50.1/nativeLib/X64/libpag.so. This will throw on a future Android version
06-16 13:50:09.536 13443 13443 W petal_launch2: type=1400 audit(0.0:7013): avc:  granted  { execute } for  path="/data/data/com.xingin.xhs/app_petal/animation_widgets/9010.50.1/nativeLib/X64/libpag.so" dev="dm-51" ino=1008579 scontext=u:r:untrusted_app:s0:c150,c256,c512,c768 tcontext=u:object_r:app_data_file:s0:c150,c256,c512,c768 tclass=file app=com.xingin.xhs
06-16 13:50:09.544 13443 13802 I filehook: >>>>> hooked. stub: 7dd0d02ce0, status: 0, caller_path_name: /data/data/com.xingin.xhs/app_petal/animation_widgets/9010.50.1/nativeLib/X64/libpag.so, sym_name: mkdir, new_func: 7b3865f1bc, prev_func: 7f09715424, arg: 0
06-16 13:50:09.544 13443 13802 D nativeloader: Load /data/user/0/com.xingin.xhs/app_petal/animation_widgets/9010.50.1/nativeLib/X64/libpag.so using class loader ns clns-7 (caller=/data/app/~~uw83atq9S0Uob0pKidb-KQ==/com.xingin.xhs-u9toNGY3ET8WrPaqaHC5Zg==/base.apk!classes7.dex): ok
06-16 13:50:09.544 13443 13802 I com.xingin.xhs: Thread[236,tid=13802,Native,Thread*=0x7de0e8be90,peer=0x6768d30,"petal_launch2"] recursive attempt to load library "/data/user/0/com.xingin.xhs/app_petal/animation_widgets/9010.50.1/nativeLib/X64/libpag.so"
06-16 13:50:09.544 13443 13802 I com.xingin.xhs: Thread[236,tid=13802,Native,Thread*=0x7de0e8be90,peer=0x6768d30,"petal_launch2"] recursive attempt to load library "/data/user/0/com.xingin.xhs/app_petal/animation_widgets/9010.50.1/nativeLib/X64/libpag.so"
06-16 13:50:10.500 13826 13826 W main    : type=1400 audit(0.0:7022): avc:  denied  { read } for  name="u:object_r:build_attestation_prop:s0" dev="tmpfs" ino=85 scontext=u:r:untrusted_app:s0:c150,c256,c512,c768 tcontext=u:object_r:build_attestation_prop:s0 tclass=file permissive=0 app=com.xingin.xhs
06-16 13:50:10.500 13826 13826 W main    : type=1400 audit(0.0:7023): avc:  denied  { read } for  name="u:object_r:build_attestation_prop:s0" dev="tmpfs" ino=85 scontext=u:r:untrusted_app:s0:c150,c256,c512,c768 tcontext=u:object_r:build_attestation_prop:s0 tclass=file permissive=0 app=com.xingin.xhs
06-16 13:50:10.500 13826 13826 W main    : type=1400 audit(0.0:7024): avc:  denied  { read } for  name="u:object_r:build_attestation_prop:s0" dev="tmpfs" ino=85 scontext=u:r:untrusted_app:s0:c150,c256,c512,c768 tcontext=u:object_r:build_attestation_prop:s0 tclass=file permissive=0 app=com.xingin.xhs
06-16 13:50:10.500 13826 13826 W main    : type=1400 audit(0.0:7025): avc:  denied  { read } for  name="u:object_r:build_attestation_prop:s0" dev="tmpfs" ino=85 scontext=u:r:untrusted_app:s0:c150,c256,c512,c768 tcontext=u:object_r:build_attestation_prop:s0 tclass=file permissive=0 app=com.xingin.xhs
06-16 13:50:10.500 13826 13826 W main    : type=1400 audit(0.0:7026): avc:  denied  { read } for  name="u:object_r:build_attestation_prop:s0" dev="tmpfs" ino=85 scontext=u:r:untrusted_app:s0:c150,c256,c512,c768 tcontext=u:object_r:build_attestation_prop:s0 tclass=file permissive=0 app=com.xingin.xhs
06-16 13:50:10.508 13826 13826 W app_process64: hiddenapi: DexFile /data/user/0/com.xingin.xhs/app_cache/c4d121c215evx1s51d.dex is in boot class path but is not in a known location
06-16 13:50:10.509 13826 13826 D nativeloader: Configuring clns-1 for other apk . target_sdk_version=0, uses_libraries=ALL, library_path=/system/lib64:/data/app/~~uw83atq9S0Uob0pKidb-KQ==/com.xingin.xhs-u9toNGY3ET8WrPaqaHC5Zg==/lib/arm64, permitted_path=/data:/mnt/expand
06-16 13:50:10.509 13826 13826 D nativeloader: Load /data/app/~~uw83atq9S0Uob0pKidb-KQ==/com.xingin.xhs-u9toNGY3ET8WrPaqaHC5Zg==/lib/arm64/libtinyd.so using isolated ns clns-1 (caller=/data/user/0/com.xingin.xhs/app_asserts/fd2x1e4e2x3f1v2b1s.dex): ok
06-16 13:50:11.512 13826 13826 W :widgetProvider: type=1400 audit(0.0:7029): avc:  denied  { read } for  name="u:object_r:qemu_sf_lcd_density_prop:s0" dev="tmpfs" ino=296 scontext=u:r:untrusted_app:s0:c150,c256,c512,c768 tcontext=u:object_r:qemu_sf_lcd_density_prop:s0 tclass=file permissive=0 app=com.xingin.xhs
06-16 13:50:11.512 13826 13826 W :widgetProvider: type=1400 audit(0.0:7030): avc:  denied  { read } for  name="u:object_r:qemu_sf_lcd_density_prop:s0" dev="tmpfs" ino=296 scontext=u:r:untrusted_app:s0:c150,c256,c512,c768 tcontext=u:object_r:qemu_sf_lcd_density_prop:s0 tclass=file permissive=0 app=com.xingin.xhs
06-16 13:50:11.524 13826 13826 W :widgetProvider: type=1400 audit(0.0:7031): avc:  denied  { read } for  name=".default-apex-info-list.xml" dev="tmpfs" ino=97 scontext=u:r:untrusted_app:s0:c150,c256,c512,c768 tcontext=u:object_r:apex_info_file:s0 tclass=file permissive=0 app=com.xingin.xhs
06-16 13:50:11.528 13826 13826 W :widgetProvider: type=1400 audit(0.0:7032): avc:  denied  { execute } for  name="idmap2" dev="dm-0" ino=374 scontext=u:r:untrusted_app:s0:c150,c256,c512,c768 tcontext=u:object_r:idmap_exec:s0 tclass=file permissive=0 app=com.xingin.xhs
06-16 13:50:11.719 13443 13708 W com.xingin.xhs: hiddenapi: Core platform API violation: Ljava/lang/Thread;->uncaughtExceptionHandler:Ljava/lang/Thread$UncaughtExceptionHandler; (runtime_flags=0, domain=core-platform, api=max-target-o) from La; (domain=platform) using reflection
06-16 13:50:11.719 13443 13708 W com.xingin.xhs: hiddenapi: Core platform API violation: Ljava/lang/Thread;->dispatchUncaughtException(Ljava/lang/Throwable;)V (runtime_flags=0, domain=core-platform, api=max-target-r) from La; (domain=platform) using reflection
06-16 13:50:11.720 13443 13851 W com.xingin.xhs: hiddenapi: Core platform API violation: Ljava/lang/Throwable;->nativeFillInStackTrace()Ljava/lang/Object; (runtime_flags=0, domain=core-platform, api=max-target-r) from La; (domain=platform) using reflection
06-16 13:50:11.720 13443 13851 W com.xingin.xhs: hiddenapi: Core platform API violation: Ljava/lang/Throwable;->nativeGetStackTrace(Ljava/lang/Object;)[Ljava/lang/StackTraceElement; (runtime_flags=0, domain=core-platform, api=max-target-o) from La; (domain=platform) using reflection
06-16 13:50:12.348   611  4260 W WifiService: Permission violation - getScanResults not allowed for uid=10150, packageName=com.xingin.xhs, reason=java.lang.SecurityException: UID 10150 has no location permission
06-16 13:50:12.517  7135 13865 E RkpdRegistrationBinder: com.android.rkpdapp.RkpdException: No network detected.
06-16 13:50:12.518   611   611 E RemoteProvisionSysSvc: RKP error fetching key for client 264613548: ERROR_PENDING_INTERNET_CONNECTIVITY: No network detected.
06-16 13:50:12.518   196 10884 E keystore2: system/security/keystore2/rkpd_client/src/lib.rs:193 - IGetKeyCallback failed: ERROR_PENDING_INTERNET_CONNECTIVITY: No network detected.
06-16 13:50:12.518   196   196 W keystore2: system/security/keystore2/src/remote_provisioning.rs:97 - Error occurred: system/security/keystore2/rkpd_client/src/lib.rs:194: GetKeyCallback failed: r#ERROR_PENDING_INTERNET_CONNECTIVITY "ERROR_PENDING_INTERNET_CONNECTIVITY: No network detected."
06-16 13:50:12.527  7135 13866 E RkpdRegistrationBinder: com.android.rkpdapp.RkpdException: No network detected.
06-16 13:50:12.527   611   611 E RemoteProvisionSysSvc: RKP error fetching key for client 127038934: ERROR_PENDING_INTERNET_CONNECTIVITY: No network detected.
06-16 13:50:12.528   196 10884 E keystore2: system/security/keystore2/rkpd_client/src/lib.rs:193 - IGetKeyCallback failed: ERROR_PENDING_INTERNET_CONNECTIVITY: No network detected.
06-16 13:50:12.528   196   196 W keystore2: system/security/keystore2/src/remote_provisioning.rs:97 - Error occurred: system/security/keystore2/rkpd_client/src/lib.rs:194: GetKeyCallback failed: r#ERROR_PENDING_INTERNET_CONNECTIVITY "ERROR_PENDING_INTERNET_CONNECTIVITY: No network detected."
06-16 13:50:12.528 13443 13443 W Thread-3509: type=1400 audit(0.0:7066): avc:  denied  { search } for  name="net" dev="sysfs" ino=2966 scontext=u:r:untrusted_app:s0:c150,c256,c512,c768 tcontext=u:object_r:sysfs_net:s0 tclass=dir permissive=0 app=com.xingin.xhs
06-16 13:50:12.592 13872 13872 W 235     : type=1400 audit(0.0:7067): avc:  denied  { read } for  name="u:object_r:userdebug_or_eng_prop:s0" dev="tmpfs" ino=367 scontext=u:r:untrusted_app:s0:c150,c256,c512,c768 tcontext=u:object_r:userdebug_or_eng_prop:s0 tclass=file permissive=0 app=com.xingin.xhs
06-16 13:50:12.592 13872 13872 W 235     : type=1400 audit(0.0:7068): avc:  denied  { read } for  name="u:object_r:userdebug_or_eng_prop:s0" dev="tmpfs" ino=367 scontext=u:r:untrusted_app:s0:c150,c256,c512,c768 tcontext=u:object_r:userdebug_or_eng_prop:s0 tclass=file permissive=0 app=com.xingin.xhs
06-16 13:50:12.592 13872 13872 W 235     : type=1400 audit(0.0:7069): avc:  denied  { read } for  name="u:object_r:userdebug_or_eng_prop:s0" dev="tmpfs" ino=367 scontext=u:r:untrusted_app:s0:c150,c256,c512,c768 tcontext=u:object_r:userdebug_or_eng_prop:s0 tclass=file permissive=0 app=com.xingin.xhs
06-16 13:50:12.592 13872 13872 W 235     : type=1400 audit(0.0:7070): avc:  denied  { read } for  name="u:object_r:userdebug_or_eng_prop:s0" dev="tmpfs" ino=367 scontext=u:r:untrusted_app:s0:c150,c256,c512,c768 tcontext=u:object_r:userdebug_or_eng_prop:s0 tclass=file permissive=0 app=com.xingin.xhs
06-16 13:50:12.642 13872 13872 W app_process64: hiddenapi: DexFile /data/user/0/com.xingin.xhs/app_cache/c4d121c215evx1s51d.dex is in boot class path but is not in a known location
06-16 13:50:12.643 13872 13872 D nativeloader: Configuring clns-1 for other apk . target_sdk_version=0, uses_libraries=ALL, library_path=/system/lib64:/data/app/~~uw83atq9S0Uob0pKidb-KQ==/com.xingin.xhs-u9toNGY3ET8WrPaqaHC5Zg==/lib/arm64, permitted_path=/data:/mnt/expand
06-16 13:50:12.644 13872 13872 D nativeloader: Load /data/app/~~uw83atq9S0Uob0pKidb-KQ==/com.xingin.xhs-u9toNGY3ET8WrPaqaHC5Zg==/lib/arm64/libtinyd.so using isolated ns clns-1 (caller=/data/user/0/com.xingin.xhs/app_asserts/fd2x1e4e2x3f1v2b1s.dex): ok
06-16 13:50:12.658 13872 13872 D nativeloader: Configuring clns-2 for other apk . target_sdk_version=34, uses_libraries=, library_path=/data/app/~~uw83atq9S0Uob0pKidb-KQ==/com.xingin.xhs-u9toNGY3ET8WrPaqaHC5Zg==/lib/arm64:/data/app/~~uw83atq9S0Uob0pKidb-KQ==/com.xingin.xhs-u9toNGY3ET8WrPaqaHC5Zg==/base.apk!/lib/arm64-v8a, permitted_path=/data:/mnt/expand:/data/user/0/com.xingin.xhs
06-16 13:50:12.724 13882 13882 W app_process64: hiddenapi: DexFile /data/user/0/com.xingin.xhs/app_cache/c4d121c215evx1s51d.dex is in boot class path but is not in a known location
06-16 13:50:12.725 13882 13882 D nativeloader: Configuring clns-1 for other apk . target_sdk_version=0, uses_libraries=ALL, library_path=/system/lib64:/data/app/~~uw83atq9S0Uob0pKidb-KQ==/com.xingin.xhs-u9toNGY3ET8WrPaqaHC5Zg==/lib/arm64, permitted_path=/data:/mnt/expand
06-16 13:50:12.725 13882 13882 D nativeloader: Load /data/app/~~uw83atq9S0Uob0pKidb-KQ==/com.xingin.xhs-u9toNGY3ET8WrPaqaHC5Zg==/lib/arm64/libtinyd.so using isolated ns clns-1 (caller=/data/user/0/com.xingin.xhs/app_asserts/fd2x1e4e2x3f1v2b1s.dex): ok
06-16 13:50:12.736 13882 13882 D nativeloader: Configuring clns-2 for other apk . target_sdk_version=34, uses_libraries=, library_path=/data/app/~~uw83atq9S0Uob0pKidb-KQ==/com.xingin.xhs-u9toNGY3ET8WrPaqaHC5Zg==/lib/arm64:/data/app/~~uw83atq9S0Uob0pKidb-KQ==/com.xingin.xhs-u9toNGY3ET8WrPaqaHC5Zg==/base.apk!/lib/arm64-v8a, permitted_path=/data:/mnt/expand:/data/user/0/com.xingin.xhs
06-16 13:50:12.813 13892 13892 W app_process64: hiddenapi: DexFile /data/user/0/com.xingin.xhs/app_cache/c4d121c215evx1s51d.dex is in boot class path but is not in a known location
06-16 13:50:12.814 13892 13892 D nativeloader: Configuring clns-1 for other apk . target_sdk_version=0, uses_libraries=ALL, library_path=/system/lib64:/data/app/~~uw83atq9S0Uob0pKidb-KQ==/com.xingin.xhs-u9toNGY3ET8WrPaqaHC5Zg==/lib/arm64, permitted_path=/data:/mnt/expand
06-16 13:50:12.814 13892 13892 D nativeloader: Load /data/app/~~uw83atq9S0Uob0pKidb-KQ==/com.xingin.xhs-u9toNGY3ET8WrPaqaHC5Zg==/lib/arm64/libtinyd.so using isolated ns clns-1 (caller=/data/user/0/com.xingin.xhs/app_asserts/fd2x1e4e2x3f1v2b1s.dex): ok
06-16 13:50:12.825 13892 13892 D nativeloader: Configuring clns-2 for other apk . target_sdk_version=34, uses_libraries=, library_path=/data/app/~~uw83atq9S0Uob0pKidb-KQ==/com.xingin.xhs-u9toNGY3ET8WrPaqaHC5Zg==/lib/arm64:/data/app/~~uw83atq9S0Uob0pKidb-KQ==/com.xingin.xhs-u9toNGY3ET8WrPaqaHC5Zg==/base.apk!/lib/arm64-v8a, permitted_path=/data:/mnt/expand:/data/user/0/com.xingin.xhs
06-16 13:50:14.527 13443 13735 D OkHttp  : --> GET https://modelportrait.xiaohongshu.com/api/model_portrait/detect_items?cpu_name=2211133C
06-16 13:50:14.585 13443 13735 D OkHttp  : <-- 200 https://modelportrait.xiaohongshu.com/api/model_portrait/detect_items?cpu_name=2211133C (57ms)
06-16 13:50:18.297 13443 13953 W com.xingin.xhs: Opening an oat file without a class loader. Are you using the deprecated DexFile APIs?
06-16 13:50:18.306 13443 13958 W com.xingin.xhs: Opening an oat file without a class loader. Are you using the deprecated DexFile APIs?
06-16 13:50:18.310 13443 13946 E XhsDiskManager: ------------------------------------------------, addDiskCacheEntry, dirPath = /data/user/0/com.xingin.xhs/files/capa/material/TEXT, 不存在这个目录，直接return
06-16 13:50:18.310 13443 13946 E XhsDiskManager: ------------------------------------------------, addDiskCacheEntry, dirPath = /data/user/0/com.xingin.xhs/files/capa/material/FONT, 不存在这个目录，直接return
06-16 13:50:18.310 13443 13946 E XhsDiskManager: ------------------------------------------------, addDiskCacheEntry, dirPath = /data/user/0/com.xingin.xhs/files/capa/material/FILTER, 不存在这个目录，直接return
06-16 13:50:18.310 13443 13946 E XhsDiskManager: ------------------------------------------------, addDiskCacheEntry, dirPath = /data/user/0/com.xingin.xhs/files/capa/material/EFFECT, 不存在这个目录，直接return
06-16 13:50:18.310 13443 13946 E XhsDiskManager: ------------------------------------------------, addDiskCacheEntry, dirPath = /data/user/0/com.xingin.xhs/files/capa/material/ADJUST, 不存在这个目录，直接return
06-16 13:50:18.312 13443 13977 I WCDB.SQLiteConnection: Opened connection 0x7ca0cefe78 with label '/data/user/0/com.xingin.xhs/databases/xhs_capa.db'
06-16 13:50:18.312 13443 13946 E XhsDiskManager: ------------------------------------------------, addDiskCacheEntry, dirPath = /data/user/0/com.xingin.xhs/files/capa/data_cache/sticker_v3, 不存在这个目录，直接return
06-16 13:50:18.312 13443 13946 E XhsDiskManager: ------------------------------------------------, addDiskCacheEntry, dirPath = /data/user/0/com.xingin.xhs/files/capa/data_cache/music_bgm, 不存在这个目录，直接return
06-16 13:50:18.313 13443 13977 I WCDB.SQLite: [SQLite ErrCode: 283] recovered 4 frames from WAL file /data/user/0/com.xingin.xhs/databases/xhs_capa.db-wal
06-16 13:50:18.320 13443 13443 W videoedit_so_lo: type=1400 audit(0.0:7121): avc:  granted  { execute } for  path="/data/data/com.xingin.xhs/files/videoedit_64_v2_5/videoedit_so_64_v2_5/libx264.so" dev="dm-51" ino=1008612 scontext=u:r:untrusted_app:s0:c150,c256,c512,c768 tcontext=u:object_r:app_data_file:s0:c150,c256,c512,c768 tclass=file app=com.xingin.xhs
06-16 13:50:18.325 13443 13956 W com.xingin.xhs: Opening an oat file without a class loader. Are you using the deprecated DexFile APIs?
06-16 13:50:18.325 13443 13945 W System  : Attempt to load writable file: /data/user/0/com.xingin.xhs/files/videoedit_64_v2_5/videoedit_so_64_v2_5/libx264.so. This will throw on a future Android version
06-16 13:50:18.326 13443 13945 D nativeloader: Load /data/user/0/com.xingin.xhs/files/videoedit_64_v2_5/videoedit_so_64_v2_5/libx264.so using class loader ns clns-7 (caller=/data/app/~~uw83atq9S0Uob0pKidb-KQ==/com.xingin.xhs-u9toNGY3ET8WrPaqaHC5Zg==/base.apk!classes7.dex): ok
06-16 13:50:18.330   611  1052 D ConnectivityService: requestNetwork for uid/pid:10150/13443 activeRequest: null callbackRequest: 182 [NetworkRequest [ REQUEST id=182, [ Transports: CELLULAR Capabilities: INTERNET&NOT_RESTRICTED&TRUSTED&NOT_VPN&NOT_VCN_MANAGED&NOT_BANDWIDTH_CONSTRAINED Forbidden: LOCAL_NETWORK Uid: 10150 RequestorUid: 10150 RequestorPkg: com.xingin.xhs UnderlyingNetworks: Null] ]] callback flags: 0 order: 2147483647 isUidTracked: false declaredMethods: AVAIL|LOST
06-16 13:50:18.330   611  4260 D ConnectivityService: requestNetwork for uid/pid:10150/13443 activeRequest: null callbackRequest: 183 [NetworkRequest [ REQUEST id=183, [ Transports: WIFI Capabilities: INTERNET&NOT_RESTRICTED&TRUSTED&NOT_VPN&NOT_VCN_MANAGED&NOT_BANDWIDTH_CONSTRAINED Forbidden: LOCAL_NETWORK Uid: 10150 RequestorUid: 10150 RequestorPkg: com.xingin.xhs UnderlyingNetworks: Null] ]] callback flags: 0 order: 2147483647 isUidTracked: false declaredMethods: AVAIL|LOST
06-16 13:50:18.335   611   870 D WifiNetworkFactory: got request NetworkRequest [ REQUEST id=183, [ Transports: WIFI Capabilities: INTERNET&NOT_RESTRICTED&TRUSTED&NOT_VPN&NOT_VCN_MANAGED&NOT_BANDWIDTH_CONSTRAINED Forbidden: LOCAL_NETWORK Uid: 10150 RequestorUid: 10150 RequestorPkg: com.xingin.xhs UnderlyingNetworks: Null] ]
06-16 13:50:18.335   611   870 D UntrustedWifiNetworkFactory: got request NetworkRequest [ REQUEST id=183, [ Transports: WIFI Capabilities: INTERNET&NOT_RESTRICTED&TRUSTED&NOT_VPN&NOT_VCN_MANAGED&NOT_BANDWIDTH_CONSTRAINED Forbidden: LOCAL_NETWORK Uid: 10150 RequestorUid: 10150 RequestorPkg: com.xingin.xhs UnderlyingNetworks: Null] ]
06-16 13:50:18.335   611   870 D OemPaidWifiNetworkFactory: got request NetworkRequest [ REQUEST id=183, [ Transports: WIFI Capabilities: INTERNET&NOT_RESTRICTED&TRUSTED&NOT_VPN&NOT_VCN_MANAGED&NOT_BANDWIDTH_CONSTRAINED Forbidden: LOCAL_NETWORK Uid: 10150 RequestorUid: 10150 RequestorPkg: com.xingin.xhs UnderlyingNetworks: Null] ]
06-16 13:50:18.335   611   870 D MultiInternetWifiNetworkFactory: got request NetworkRequest [ REQUEST id=183, [ Transports: WIFI Capabilities: INTERNET&NOT_RESTRICTED&TRUSTED&NOT_VPN&NOT_VCN_MANAGED&NOT_BANDWIDTH_CONSTRAINED Forbidden: LOCAL_NETWORK Uid: 10150 RequestorUid: 10150 RequestorPkg: com.xingin.xhs UnderlyingNetworks: Null] ]
06-16 13:50:18.336 13443 13956 I com.xingin.xhs: Waiting for a blocking GC ClassLinker
06-16 13:50:18.337 13443 13952 W com.xingin.xhs: Opening an oat file without a class loader. Are you using the deprecated DexFile APIs?
06-16 13:50:18.346 13443 13957 W com.xingin.xhs: Opening an oat file without a class loader. Are you using the deprecated DexFile APIs?
06-16 13:50:18.346 13443 13957 I com.xingin.xhs: Waiting for a blocking GC ClassLinker
06-16 13:50:18.347 13443 13977 I WCDB.SQLiteConnection: Opened connection 0x7ca0ceb698 with label '/data/user/0/com.xingin.xhs/databases/xhs_capa.db'
06-16 13:50:18.348 13443 13952 I com.xingin.xhs: Waiting for a blocking GC ClassLinker
06-16 13:50:18.349 13443 13999 I filehook: >>>>> hooked. stub: 7dd0cdcfa0, status: 0, caller_path_name: /data/app/~~uw83atq9S0Uob0pKidb-KQ==/com.xingin.xhs-u9toNGY3ET8WrPaqaHC5Zg==/lib/arm64/libhermes.so, sym_name: open, new_func: 7b3865f068, prev_func: 7f09715ff0, arg: 0
06-16 13:50:18.350 13443 13999 I filehook: >>>>> hooked. stub: 7dd0d02bc0, status: 0, caller_path_name: /data/app/~~uw83atq9S0Uob0pKidb-KQ==/com.xingin.xhs-u9toNGY3ET8WrPaqaHC5Zg==/lib/arm64/libjsi.so, sym_name: __open_2, new_func: 7b3865f150, prev_func: 7f09716238, arg: 0
06-16 13:50:18.350 13443 13999 I filehook: >>>>> hooked. stub: 7dd0cdcfa0, status: 0, caller_path_name: /data/app/~~uw83atq9S0Uob0pKidb-KQ==/com.xingin.xhs-u9toNGY3ET8WrPaqaHC5Zg==/lib/arm64/libfolly_runtime.so, sym_name: open, new_func: 7b3865f068, prev_func: 7f09715ff0, arg: 0
06-16 13:50:18.350 13443 13999 I filehook: >>>>> hooked. stub: 7dd0cdcfa0, status: 0, caller_path_name: /data/app/~~uw83atq9S0Uob0pKidb-KQ==/com.xingin.xhs-u9toNGY3ET8WrPaqaHC5Zg==/lib/arm64/libglog.so, sym_name: open, new_func: 7b3865f068, prev_func: 7f09715ff0, arg: 0
06-16 13:50:18.350 13443 13999 I filehook: >>>>> hooked. stub: 7dd0d02bc0, status: 0, caller_path_name: /data/app/~~uw83atq9S0Uob0pKidb-KQ==/com.xingin.xhs-u9toNGY3ET8WrPaqaHC5Zg==/lib/arm64/libglog.so, sym_name: __open_2, new_func: 7b3865f150, prev_func: 7f09716238, arg: 0
06-16 13:50:18.350 13443 13999 D nativeloader: Load /data/app/~~uw83atq9S0Uob0pKidb-KQ==/com.xingin.xhs-u9toNGY3ET8WrPaqaHC5Zg==/lib/arm64/libhermes.so using class loader ns clns-7 (caller=/data/app/~~uw83atq9S0Uob0pKidb-KQ==/com.xingin.xhs-u9toNGY3ET8WrPaqaHC5Zg==/base.apk!classes9.dex): ok
06-16 13:50:18.350 13443 13998 W System  : Attempt to load writable file: /data/user/0/com.xingin.xhs/files/dynamic_so/chopper_v2/1.0.5/1.0.5_5_lib.so. This will throw on a future Android version
06-16 13:50:18.344 13443 13443 W Scarlet_HT_1781: type=1400 audit(0.0:7122): avc:  granted  { execute } for  path="/data/data/com.xingin.xhs/files/dynamic_so/chopper_v2/1.0.5/1.0.5_5_lib.so" dev="dm-51" ino=1008556 scontext=u:r:untrusted_app:s0:c150,c256,c512,c768 tcontext=u:object_r:app_data_file:s0:c150,c256,c512,c768 tclass=file app=com.xingin.xhs
06-16 13:50:18.353 13443 13998 I filehook: >>>>> hooked. stub: 7dd0cdcfa0, status: 0, caller_path_name: /data/data/com.xingin.xhs/files/dynamic_so/chopper_v2/1.0.5/1.0.5_5_lib.so, sym_name: open, new_func: 7b3865f068, prev_func: 7f09715ff0, arg: 0
06-16 13:50:18.356 13443 13998 I filehook: >>>>> hooked. stub: 7dd0d02bc0, status: 0, caller_path_name: /data/data/com.xingin.xhs/files/dynamic_so/chopper_v2/1.0.5/1.0.5_5_lib.so, sym_name: __open_2, new_func: 7b3865f150, prev_func: 7f09716238, arg: 0
06-16 13:50:18.356 13443 13998 D nativeloader: Load /data/user/0/com.xingin.xhs/files/dynamic_so/chopper_v2/1.0.5/1.0.5_5_lib.so using class loader ns clns-7 (caller=/data/app/~~uw83atq9S0Uob0pKidb-KQ==/com.xingin.xhs-u9toNGY3ET8WrPaqaHC5Zg==/base.apk!classes2.dex): ok
06-16 13:50:18.357   611  4271 D ConnectivityService: requestNetwork for uid/pid:10150/13443 activeRequest: null callbackRequest: 184 [NetworkRequest [ REQUEST id=185, [ Capabilities: INTERNET&NOT_RESTRICTED&TRUSTED&NOT_VCN_MANAGED&NOT_BANDWIDTH_CONSTRAINED Uid: 10150 RequestorUid: 10150 RequestorPkg: com.xingin.xhs UnderlyingNetworks: Null] ]] callback flags: 0 order: 2147483647 isUidTracked: false declaredMethods: AVAIL|LOST|NC|LP
06-16 13:50:18.357   611   870 D WifiNetworkFactory: got request NetworkRequest [ REQUEST id=185, [ Capabilities: INTERNET&NOT_RESTRICTED&TRUSTED&NOT_VCN_MANAGED&NOT_BANDWIDTH_CONSTRAINED Uid: 10150 RequestorUid: 10150 RequestorPkg: com.xingin.xhs UnderlyingNetworks: Null] ]
06-16 13:50:18.357   611   870 D UntrustedWifiNetworkFactory: got request NetworkRequest [ REQUEST id=185, [ Capabilities: INTERNET&NOT_RESTRICTED&TRUSTED&NOT_VCN_MANAGED&NOT_BANDWIDTH_CONSTRAINED Uid: 10150 RequestorUid: 10150 RequestorPkg: com.xingin.xhs UnderlyingNetworks: Null] ]
06-16 13:50:18.357   611   870 D OemPaidWifiNetworkFactory: got request NetworkRequest [ REQUEST id=185, [ Capabilities: INTERNET&NOT_RESTRICTED&TRUSTED&NOT_VCN_MANAGED&NOT_BANDWIDTH_CONSTRAINED Uid: 10150 RequestorUid: 10150 RequestorPkg: com.xingin.xhs UnderlyingNetworks: Null] ]
06-16 13:50:18.357   611   870 D MultiInternetWifiNetworkFactory: got request NetworkRequest [ REQUEST id=185, [ Capabilities: INTERNET&NOT_RESTRICTED&TRUSTED&NOT_VCN_MANAGED&NOT_BANDWIDTH_CONSTRAINED Uid: 10150 RequestorUid: 10150 RequestorPkg: com.xingin.xhs UnderlyingNetworks: Null] ]
06-16 13:50:18.360 13443 13999 I filehook: >>>>> hooked. stub: 7dd0cdcfa0, status: 0, caller_path_name: /data/app/~~uw83atq9S0Uob0pKidb-KQ==/com.xingin.xhs-u9toNGY3ET8WrPaqaHC5Zg==/lib/arm64/libhermes_executor.so, sym_name: open, new_func: 7b3865f068, prev_func: 7f09715ff0, arg: 0
06-16 13:50:18.360 13443 13999 I filehook: >>>>> hooked. stub: 7dd0d02bc0, status: 0, caller_path_name: /data/app/~~uw83atq9S0Uob0pKidb-KQ==/com.xingin.xhs-u9toNGY3ET8WrPaqaHC5Zg==/lib/arm64/libreactnativejni.so, sym_name: __open_2, new_func: 7b3865f150, prev_func: 7f09716238, arg: 0
06-16 13:50:18.360 13443 13999 D nativeloader: Load /data/app/~~uw83atq9S0Uob0pKidb-KQ==/com.xingin.xhs-u9toNGY3ET8WrPaqaHC5Zg==/lib/arm64/libhermes_executor.so using class loader ns clns-7 (caller=/data/app/~~uw83atq9S0Uob0pKidb-KQ==/com.xingin.xhs-u9toNGY3ET8WrPaqaHC5Zg==/base.apk!classes9.dex): ok
06-16 13:50:18.362 13443 13944 D nativeloader: Load /data/app/~~uw83atq9S0Uob0pKidb-KQ==/com.xingin.xhs-u9toNGY3ET8WrPaqaHC5Zg==/lib/arm64/librednqe.so using class loader ns clns-7 (caller=/data/app/~~uw83atq9S0Uob0pKidb-KQ==/com.xingin.xhs-u9toNGY3ET8WrPaqaHC5Zg==/base.apk!classes9.dex): ok
06-16 13:50:18.360 13443 13443 W Scarlet_HT_1781: type=1400 audit(0.0:7123): avc:  granted  { execute } for  path="/data/data/com.xingin.xhs/files/dynamic_so/chopper_v2/1.0.5/1.0.5_5_lib.so" dev="dm-51" ino=1008556 scontext=u:r:untrusted_app:s0:c150,c256,c512,c768 tcontext=u:object_r:app_data_file:s0:c150,c256,c512,c768 tclass=file app=com.xingin.xhs
06-16 13:50:18.371 13443 13475 I filehook: >>>>> hooked. stub: 7dd0cdcfa0, status: 0, caller_path_name: /data/app/~~uw83atq9S0Uob0pKidb-KQ==/com.xingin.xhs-u9toNGY3ET8WrPaqaHC5Zg==/lib/arm64/libcronet.114.0.5735.38.so, sym_name: open, new_func: 7b3865f068, prev_func: 7f09715ff0, arg: 0
06-16 13:50:18.371 13443 13475 I filehook: >>>>> hooked. stub: 7dd0d02bc0, status: 0, caller_path_name: /data/app/~~uw83atq9S0Uob0pKidb-KQ==/com.xingin.xhs-u9toNGY3ET8WrPaqaHC5Zg==/lib/arm64/libcronet.114.0.5735.38.so, sym_name: __open_2, new_func: 7b3865f150, prev_func: 7f09716238, arg: 0
06-16 13:50:18.371 13443 13475 I filehook: >>>>> hooked. stub: 7dd0d02ce0, status: 0, caller_path_name: /data/app/~~uw83atq9S0Uob0pKidb-KQ==/com.xingin.xhs-u9toNGY3ET8WrPaqaHC5Zg==/lib/arm64/libcronet.114.0.5735.38.so, sym_name: mkdir, new_func: 7b3865f1bc, prev_func: 7f09715424, arg: 0
06-16 13:50:18.371 13443 13475 D nativeloader: Load /data/app/~~uw83atq9S0Uob0pKidb-KQ==/com.xingin.xhs-u9toNGY3ET8WrPaqaHC5Zg==/lib/arm64/libcronet.114.0.5735.38.so using class loader ns clns-7 (caller=/data/app/~~uw83atq9S0Uob0pKidb-KQ==/com.xingin.xhs-u9toNGY3ET8WrPaqaHC5Zg==/base.apk!classes9.dex): ok
06-16 13:50:18.374 13443 13956 I com.xingin.xhs: WaitForGcToComplete blocked ClassLinker on Background for 37.744ms
06-16 13:50:18.374 13443 13952 I com.xingin.xhs: WaitForGcToComplete blocked ClassLinker on ClassLinker for 25.908ms
06-16 13:50:18.376 13443 14018 I onNQEResult: result.score = 0minscore = nullmaxscore = null
06-16 13:50:18.376 13443 13957 I com.xingin.xhs: WaitForGcToComplete blocked ClassLinker on ClassLinker for 30.236ms
06-16 13:50:18.382 13443 13999 D nativeloader: Load /data/app/~~uw83atq9S0Uob0pKidb-KQ==/com.xingin.xhs-u9toNGY3ET8WrPaqaHC5Zg==/lib/arm64/libfbjni.so using class loader ns clns-7 (caller=/data/app/~~uw83atq9S0Uob0pKidb-KQ==/com.xingin.xhs-u9toNGY3ET8WrPaqaHC5Zg==/base.apk!classes9.dex): ok
06-16 13:50:18.385 13443 13999 D nativeloader: Load /data/app/~~uw83atq9S0Uob0pKidb-KQ==/com.xingin.xhs-u9toNGY3ET8WrPaqaHC5Zg==/lib/arm64/libreactnativejni.so using class loader ns clns-7 (caller=/data/app/~~uw83atq9S0Uob0pKidb-KQ==/com.xingin.xhs-u9toNGY3ET8WrPaqaHC5Zg==/base.apk!classes9.dex): ok
06-16 13:50:18.386 13443 13941 I WCDB.SQLiteConnection: Opened connection 0x7ca0cf2a38 with label '/data/user/0/com.xingin.xhs/databases/xhs_hey.db'
06-16 13:50:18.386 13443 13941 I WCDB.SQLite: [SQLite ErrCode: 283] recovered 4 frames from WAL file /data/user/0/com.xingin.xhs/databases/xhs_hey.db-wal
06-16 13:50:18.389 13443 14029 D nativeloader: Load /data/app/~~uw83atq9S0Uob0pKidb-KQ==/com.xingin.xhs-u9toNGY3ET8WrPaqaHC5Zg==/lib/arm64/libhammerbridge.so using class loader ns clns-7 (caller=/data/app/~~uw83atq9S0Uob0pKidb-KQ==/com.xingin.xhs-u9toNGY3ET8WrPaqaHC5Zg==/base.apk!classes9.dex): ok
06-16 13:50:18.402 13443 13941 I WCDB.SQLiteConnection: Opened connection 0x7ca0ce5bf8 with label '/data/user/0/com.xingin.xhs/databases/xhs_hey.db'
06-16 13:50:18.414   611  4271 D ConnectivityService: requestNetwork for uid/pid:10150/13443 activeRequest: null callbackRequest: 187 [NetworkRequest [ REQUEST id=188, [ Capabilities: INTERNET&NOT_RESTRICTED&TRUSTED&NOT_VCN_MANAGED&NOT_BANDWIDTH_CONSTRAINED Uid: 10150 RequestorUid: 10150 RequestorPkg: com.xingin.xhs UnderlyingNetworks: Null] ]] callback flags: 0 order: 2147483647 isUidTracked: false declaredMethods: AVAIL|LOSING|LOST|UNAVAIL|NC|LP
06-16 13:50:18.415   611   870 D WifiNetworkFactory: got request NetworkRequest [ REQUEST id=188, [ Capabilities: INTERNET&NOT_RESTRICTED&TRUSTED&NOT_VCN_MANAGED&NOT_BANDWIDTH_CONSTRAINED Uid: 10150 RequestorUid: 10150 RequestorPkg: com.xingin.xhs UnderlyingNetworks: Null] ]
06-16 13:50:18.415   611   870 D UntrustedWifiNetworkFactory: got request NetworkRequest [ REQUEST id=188, [ Capabilities: INTERNET&NOT_RESTRICTED&TRUSTED&NOT_VCN_MANAGED&NOT_BANDWIDTH_CONSTRAINED Uid: 10150 RequestorUid: 10150 RequestorPkg: com.xingin.xhs UnderlyingNetworks: Null] ]
06-16 13:50:18.415   611   870 D OemPaidWifiNetworkFactory: got request NetworkRequest [ REQUEST id=188, [ Capabilities: INTERNET&NOT_RESTRICTED&TRUSTED&NOT_VCN_MANAGED&NOT_BANDWIDTH_CONSTRAINED Uid: 10150 RequestorUid: 10150 RequestorPkg: com.xingin.xhs UnderlyingNetworks: Null] ]
06-16 13:50:18.415   611   870 D MultiInternetWifiNetworkFactory: got request NetworkRequest [ REQUEST id=188, [ Capabilities: INTERNET&NOT_RESTRICTED&TRUSTED&NOT_VCN_MANAGED&NOT_BANDWIDTH_CONSTRAINED Uid: 10150 RequestorUid: 10150 RequestorPkg: com.xingin.xhs UnderlyingNetworks: Null] ]
06-16 13:50:18.865 13443 14015 D nativeloader: Load /data/app/~~uw83atq9S0Uob0pKidb-KQ==/com.xingin.xhs-u9toNGY3ET8WrPaqaHC5Zg==/lib/arm64/libhttpdns.so using class loader ns clns-7 (caller=/data/app/~~uw83atq9S0Uob0pKidb-KQ==/com.xingin.xhs-u9toNGY3ET8WrPaqaHC5Zg==/base.apk!classes9.dex): ok
06-16 13:50:20.377 13443 14018 I onNQEResult: result.score = 85minscore = nullmaxscore = null
06-16 13:50:22.378 13443 14018 I onNQEResult: result.score = 85minscore = nullmaxscore = nu